row_id,label_ai
0,boilerplate
1,boilerplate
2,boilerplate
3,boilerplate
4,boilerplate
5,boilerplate
6,boilerplate
7,boilerplate
8,boilerplate
9,boilerplate
10,boilerplate
11,boilerplate
12,deployment
13,deployment
14,deployment
15,boilerplate
16,boilerplate
17,other
18,deployment
19,other
20,other
21,deployment
22,deployment
23,deployment
24,other
25,other
26,deployment
27,boilerplate
28,boilerplate
29,boilerplate
30,deployment
31,deployment
32,other
33,other
34,other
35,deployment
36,boilerplate
37,boilerplate
38,other
39,other
40,other
41,deployment
42,other
43,boilerplate
44,boilerplate
45,boilerplate
46,boilerplate
47,boilerplate
48,boilerplate
49,boilerplate
50,deployment
51,boilerplate
52,boilerplate
53,deployment
54,deployment
55,other
56,other
57,deployment
58,deployment
59,deployment
60,boilerplate
61,boilerplate
62,governance
63,other
64,other
65,other
66,deployment
67,deployment
68,deployment
69,deployment
70,boilerplate
71,boilerplate
72,other
73,deployment
74,deployment
75,deployment
76,deployment
77,boilerplate
78,boilerplate
79,other
80,deployment
81,deployment
82,deployment
83,deployment
84,deployment
85,other
86,boilerplate
87,boilerplate
88,boilerplate
89,deployment
90,deployment
91,intent
92,intent
93,boilerplate
94,boilerplate
95,boilerplate
96,boilerplate
97,deployment
98,deployment
99,deployment
100,deployment
101,deployment
102,deployment
103,deployment
104,intent
105,boilerplate
106,boilerplate
107,deployment
108,deployment
109,deployment
110,boilerplate
111,deployment
112,deployment
113,deployment
114,deployment
115,deployment
116,deployment
117,deployment
118,intent
119,deployment
120,boilerplate
121,boilerplate
122,deployment
123,deployment
124,deployment
125,deployment
126,deployment
127,intent
128,deployment
129,deployment
130,deployment
131,other
132,deployment
133,deployment
134,boilerplate
135,boilerplate
136,deployment
137,other
138,deployment
139,deployment
140,deployment
141,deployment
142,deployment
143,boilerplate
144,boilerplate
145,deployment
146,deployment
147,deployment
148,deployment
149,deployment
150,deployment
151,deployment
152,deployment
153,deployment
154,deployment
155,deployment
156,deployment
157,deployment
158,boilerplate
159,boilerplate
160,deployment
161,deployment
162,deployment
163,deployment
164,intent
165,deployment
166,intent
167,deployment
168,deployment
169,deployment
170,deployment
171,deployment
172,deployment
173,deployment
174,deployment
175,boilerplate
176,deployment
177,deployment
178,deployment
179,deployment
180,intent
181,deployment
182,deployment
183,deployment
184,deployment
185,deployment
186,boilerplate
187,deployment
188,deployment
189,deployment
190,boilerplate
191,deployment
192,deployment
193,deployment
194,other
195,deployment
196,deployment
197,boilerplate
198,deployment
199,deployment
200,deployment
201,other
202,other
203,deployment
204,deployment
205,deployment
206,boilerplate
207,boilerplate
208,deployment
209,other
210,other
211,intent
212,other
213,other
214,deployment
215,deployment
216,intent
217,other
218,deployment
219,boilerplate
220,other
221,other
222,deployment
223,other
224,other
225,other
226,other
227,other
228,other
229,other
230,other
231,boilerplate
232,other
233,other
234,other
235,other
236,other
237,other
238,deployment
239,other
240,other
241,other
242,other
243,other
244,other
245,deployment
246,other
247,other
248,other
249,other
250,other
251,deployment
252,deployment
253,deployment
254,deployment
255,governance
256,boilerplate
257,boilerplate
258,governance
259,boilerplate
260,governance
261,boilerplate
262,other
263,boilerplate
264,boilerplate
265,boilerplate
266,other
267,boilerplate
268,boilerplate
269,boilerplate
270,other
271,other
272,other
273,other
274,other
275,other
276,other
277,other
278,deployment
279,deployment
280,deployment
281,other
282,other
283,other
284,other
285,other
286,other
287,boilerplate
288,boilerplate
289,boilerplate
290,boilerplate
291,governance
292,boilerplate
293,boilerplate
294,deployment
295,deployment
296,deployment
297,other
298,other
299,deployment
300,governance
301,governance
302,boilerplate
303,deployment
304,governance
305,boilerplate
306,boilerplate
307,governance
308,governance
309,boilerplate
310,boilerplate
311,deployment
312,deployment
313,other
314,boilerplate
315,boilerplate
316,governance
317,boilerplate
318,boilerplate
319,governance
320,boilerplate
321,boilerplate
322,boilerplate
323,governance
324,deployment
325,deployment
326,other
327,boilerplate
328,boilerplate
329,boilerplate
330,boilerplate
331,governance
332,boilerplate
333,boilerplate
334,boilerplate
335,deployment
336,deployment
337,deployment
338,other
339,governance
340,boilerplate
341,governance
342,boilerplate
343,boilerplate
344,intent
345,deployment
346,deployment
347,deployment
348,other
349,boilerplate
350,governance
351,boilerplate
352,boilerplate
353,intent
354,deployment
355,deployment
356,boilerplate
357,governance
358,boilerplate
359,boilerplate
360,boilerplate
361,boilerplate
362,boilerplate
363,governance
364,deployment
365,boilerplate
366,boilerplate
367,boilerplate
368,boilerplate
369,governance
370,boilerplate
371,governance
372,boilerplate
373,governance
374,boilerplate
375,boilerplate
376,boilerplate
377,boilerplate
378,boilerplate
379,boilerplate
380,deployment
381,boilerplate
382,boilerplate
383,boilerplate
384,boilerplate
385,other
386,boilerplate
387,boilerplate
388,boilerplate
389,boilerplate
390,boilerplate
391,deployment
392,deployment
393,deployment
394,governance
395,governance
396,governance
397,boilerplate
398,boilerplate
399,boilerplate
400,deployment
401,boilerplate
402,boilerplate
403,deployment
404,governance
405,deployment
406,deployment
407,governance
408,other
409,other
410,boilerplate
411,boilerplate
412,boilerplate
413,boilerplate
414,deployment
415,deployment
416,governance
417,governance
418,deployment
419,other
420,intent
421,other
422,boilerplate
423,boilerplate
424,intent
425,other
426,boilerplate
427,deployment
428,boilerplate
429,intent
430,intent
431,boilerplate
432,boilerplate
433,boilerplate
434,boilerplate
435,boilerplate
436,boilerplate
437,intent
438,boilerplate
439,boilerplate
440,boilerplate
441,boilerplate
442,boilerplate
443,boilerplate
444,boilerplate
445,boilerplate
446,boilerplate
447,boilerplate
448,boilerplate
449,other
450,boilerplate
451,boilerplate
452,boilerplate
453,governance
454,boilerplate
455,boilerplate
456,boilerplate
457,boilerplate
458,boilerplate
459,boilerplate
460,boilerplate
461,boilerplate
462,deployment
463,deployment
464,boilerplate
465,boilerplate
466,boilerplate
467,other
468,intent
469,boilerplate
470,boilerplate
471,boilerplate
472,deployment
473,deployment
474,deployment
475,governance
476,governance
477,intent
478,intent
479,deployment
480,deployment
481,governance
482,governance
483,intent
484,intent
485,deployment
486,deployment
487,deployment
488,governance
489,governance
490,deployment
491,intent
492,deployment
493,deployment
494,intent
495,deployment
496,deployment
497,boilerplate
498,boilerplate
499,other
500,intent
501,deployment
502,deployment
503,boilerplate
504,intent
505,boilerplate
506,boilerplate
507,other
508,intent
509,deployment
510,deployment
511,boilerplate
512,boilerplate
513,intent
514,intent
515,deployment
516,deployment
517,deployment
518,deployment
519,boilerplate
520,intent
521,deployment
522,deployment
523,deployment
524,governance
525,governance
526,intent
527,intent
528,deployment
529,deployment
530,governance
531,governance
532,intent
533,intent
534,deployment
535,deployment
536,deployment
537,governance
538,governance
539,deployment
540,intent
541,deployment
542,deployment
543,intent
544,deployment
545,deployment
546,boilerplate
547,boilerplate
548,other
549,intent
550,deployment
551,deployment
552,boilerplate
553,intent
554,boilerplate
555,boilerplate
556,other
557,intent
558,deployment
559,deployment
560,boilerplate
561,boilerplate
562,intent
563,intent
564,deployment
565,deployment
566,deployment
567,deployment
568,boilerplate
569,intent
570,boilerplate
571,boilerplate
572,boilerplate
573,governance
574,boilerplate
575,boilerplate
576,boilerplate
577,governance
578,boilerplate
579,boilerplate
580,boilerplate
581,governance
582,other
583,boilerplate
584,boilerplate
585,boilerplate
586,boilerplate
587,boilerplate
588,boilerplate
589,boilerplate
590,boilerplate
591,boilerplate
592,boilerplate
593,boilerplate
594,boilerplate
595,boilerplate
596,boilerplate
597,boilerplate
598,boilerplate
599,boilerplate
600,boilerplate
601,intent
602,intent
603,intent
604,boilerplate
605,intent
606,other
607,other
608,deployment
609,boilerplate
610,boilerplate
611,boilerplate
612,boilerplate
613,boilerplate
614,boilerplate
615,boilerplate
616,boilerplate
617,governance
618,boilerplate
619,boilerplate
620,intent
621,intent
622,boilerplate
623,other
624,other
625,deployment
626,boilerplate
627,boilerplate
628,boilerplate
629,boilerplate
630,boilerplate
631,governance
632,boilerplate
633,boilerplate
634,intent
635,intent
636,other
637,deployment
638,governance
639,intent
640,intent
641,other
642,deployment
643,governance
644,boilerplate
645,intent
646,deployment
647,other
648,deployment
649,governance
650,intent
651,deployment
652,other
653,governance
654,intent
655,intent
656,boilerplate
657,boilerplate
658,boilerplate
659,boilerplate
660,boilerplate
661,boilerplate
662,boilerplate
663,boilerplate
664,boilerplate
665,boilerplate
666,boilerplate
667,boilerplate
668,boilerplate
669,boilerplate
670,boilerplate
671,boilerplate
672,boilerplate
673,boilerplate
674,boilerplate
675,deployment
676,governance
677,boilerplate
678,boilerplate
679,governance
680,governance
681,governance
682,boilerplate
683,boilerplate
684,boilerplate
685,boilerplate
686,boilerplate
687,boilerplate
688,boilerplate
689,governance
690,boilerplate
691,governance
692,boilerplate
693,boilerplate
694,governance
695,boilerplate
696,boilerplate
697,boilerplate
698,intent
699,boilerplate
700,boilerplate
701,boilerplate
702,boilerplate
703,boilerplate
704,governance
705,boilerplate
706,boilerplate
707,governance
708,governance
709,intent
710,intent
711,boilerplate
712,boilerplate
713,boilerplate
714,governance
715,boilerplate
716,boilerplate
717,boilerplate
718,boilerplate
719,boilerplate
720,governance
721,boilerplate
722,boilerplate
723,boilerplate
724,boilerplate
725,boilerplate
726,deployment
727,boilerplate
728,boilerplate
729,boilerplate
730,boilerplate
731,boilerplate
732,boilerplate
733,boilerplate
734,boilerplate
735,boilerplate
736,boilerplate
737,boilerplate
738,governance
739,governance
740,governance
741,boilerplate
742,boilerplate
743,boilerplate
744,boilerplate
745,boilerplate
746,boilerplate
747,governance
748,boilerplate
749,governance
750,governance
751,boilerplate
752,boilerplate
753,boilerplate
754,boilerplate
755,governance
756,intent
757,intent
758,governance
759,governance
760,governance
761,boilerplate
762,boilerplate
763,boilerplate
764,governance
765,governance
766,boilerplate
767,boilerplate
768,boilerplate
769,boilerplate
770,boilerplate
771,boilerplate
772,governance
773,governance
774,governance
775,governance
776,boilerplate
777,boilerplate
778,boilerplate
779,boilerplate
780,boilerplate
781,governance
782,governance
783,boilerplate
784,boilerplate
785,boilerplate
786,boilerplate
787,boilerplate
788,boilerplate
789,governance
790,governance
791,boilerplate
792,boilerplate
793,governance
794,governance
795,governance
796,governance
797,boilerplate
798,boilerplate
799,boilerplate
800,governance
801,governance
802,other
803,boilerplate
804,boilerplate
805,boilerplate
806,boilerplate
807,governance
808,boilerplate
809,other
810,boilerplate
811,governance
812,intent
813,intent
814,intent
815,intent
816,governance
817,governance
818,boilerplate
819,governance
820,governance
821,boilerplate
822,governance
823,governance
824,governance
825,deployment
826,deployment
827,other
828,other
829,boilerplate
830,boilerplate
831,other
832,governance
833,other
834,boilerplate
835,boilerplate
836,intent
837,governance
838,governance
839,deployment
840,boilerplate
841,boilerplate
842,intent
843,governance
844,other
845,boilerplate
846,deployment
847,other
848,other
849,other
850,other
851,boilerplate
852,boilerplate
853,boilerplate
854,other
855,other
856,other
857,other
858,other
859,other
860,boilerplate
861,boilerplate
862,boilerplate
863,other
864,other
865,other
866,other
867,other
868,other
869,other
870,other
871,other
872,other
873,other
874,other
875,other
876,other
877,other
878,boilerplate
879,boilerplate
880,boilerplate
881,other
882,other
883,other
884,other
885,deployment
886,other
887,other
888,governance
889,boilerplate
890,other
891,other
892,governance
893,boilerplate
894,other
895,other
896,boilerplate
897,boilerplate
898,other
899,other
900,boilerplate
901,governance
902,boilerplate
903,boilerplate
904,boilerplate
905,boilerplate
906,boilerplate
907,governance
908,boilerplate
909,governance
910,boilerplate
911,boilerplate
912,governance
913,boilerplate
914,boilerplate
915,boilerplate
916,boilerplate
917,governance
918,boilerplate
919,governance
920,boilerplate
921,governance
922,boilerplate
923,boilerplate
924,boilerplate
925,boilerplate
926,boilerplate
927,boilerplate
928,boilerplate
929,boilerplate
930,boilerplate
931,boilerplate
932,boilerplate
933,boilerplate
934,boilerplate
935,boilerplate
936,boilerplate
937,boilerplate
938,boilerplate
939,boilerplate
940,governance
941,boilerplate
942,boilerplate
943,boilerplate
944,governance
945,governance
946,governance
947,other
948,other
949,boilerplate
950,other
951,other
952,other
953,other
954,boilerplate
955,boilerplate
956,boilerplate
957,other
958,other
959,other
960,other
961,boilerplate
962,boilerplate
963,boilerplate
964,boilerplate
965,other
966,other
967,other
968,other
969,other
970,other
971,other
972,other
973,other
974,other
975,deployment
976,boilerplate
977,governance
978,deployment
979,boilerplate
980,governance
981,deployment
982,boilerplate
983,governance
984,intent
985,other
986,deployment
987,boilerplate
988,deployment
989,boilerplate
990,other
991,other
992,boilerplate
993,other
994,other
995,other
996,other
997,deployment
998,deployment
999,deployment
1000,deployment
1001,deployment
1002,deployment
1003,deployment
1004,deployment
1005,boilerplate
1006,boilerplate
1007,deployment
1008,deployment
1009,governance
1010,governance
1011,deployment
1012,deployment
1013,deployment
1014,governance
1015,governance
1016,boilerplate
1017,governance
1018,governance
1019,governance
1020,governance
1021,governance
1022,governance
1023,governance
1024,governance
1025,governance
1026,governance
1027,governance
1028,governance
1029,governance
1030,governance
1031,governance
1032,governance
1033,governance
1034,governance
1035,boilerplate
1036,governance
1037,boilerplate
1038,governance
1039,governance
1040,governance
1041,governance
1042,governance
1043,governance
1044,governance
1045,boilerplate
1046,boilerplate
1047,deployment
1048,deployment
1049,deployment
1050,governance
1051,governance
1052,boilerplate
1053,governance
1054,governance
1055,governance
1056,governance
1057,governance
1058,governance
1059,governance
1060,governance
1061,governance
1062,governance
1063,governance
1064,governance
1065,governance
1066,governance
1067,governance
1068,governance
1069,governance
1070,governance
1071,governance
1072,boilerplate
1073,boilerplate
1074,boilerplate
1075,governance
1076,boilerplate
1077,governance
1078,governance
1079,governance
1080,governance
1081,governance
1082,governance
1083,governance
1084,governance
1085,governance
1086,governance
1087,governance
1088,governance
1089,boilerplate
1090,boilerplate
1091,boilerplate
1092,boilerplate
1093,other
1094,other
1095,deployment
1096,deployment
1097,governance
1098,boilerplate
1099,boilerplate
1100,boilerplate
1101,boilerplate
1102,boilerplate
1103,boilerplate
1104,boilerplate
1105,boilerplate
1106,governance
1107,governance
1108,boilerplate
1109,boilerplate
1110,boilerplate
1111,boilerplate
1112,boilerplate
1113,boilerplate
1114,boilerplate
1115,boilerplate
1116,governance
1117,boilerplate
1118,other
1119,other
1120,other
1121,other
1122,deployment
1123,deployment
1124,boilerplate
1125,boilerplate
1126,boilerplate
1127,boilerplate
1128,governance
1129,governance
1130,boilerplate
1131,governance
1132,boilerplate
1133,boilerplate
1134,boilerplate
1135,other
1136,other
1137,other
1138,boilerplate
1139,boilerplate
1140,governance
1141,boilerplate
1142,governance
1143,boilerplate
1144,boilerplate
1145,boilerplate
1146,boilerplate
1147,boilerplate
1148,boilerplate
1149,boilerplate
1150,boilerplate
1151,boilerplate
1152,boilerplate
1153,boilerplate
1154,boilerplate
1155,boilerplate
1156,boilerplate
1157,boilerplate
1158,boilerplate
1159,boilerplate
1160,deployment
1161,boilerplate
1162,boilerplate
1163,boilerplate
1164,deployment
1165,deployment
1166,boilerplate
1167,boilerplate
1168,governance
1169,boilerplate
1170,governance
1171,boilerplate
1172,boilerplate
1173,boilerplate
1174,deployment
1175,deployment
1176,deployment
1177,boilerplate
1178,boilerplate
1179,governance
1180,boilerplate
1181,deployment
1182,boilerplate
1183,deployment
1184,deployment
1185,deployment
1186,deployment
1187,deployment
1188,deployment
1189,deployment
1190,deployment
1191,deployment
1192,deployment
1193,deployment
1194,deployment
1195,deployment
1196,deployment
1197,deployment
1198,deployment
1199,boilerplate
1200,boilerplate
1201,boilerplate
1202,governance
1203,governance
1204,boilerplate
1205,boilerplate
1206,boilerplate
1207,boilerplate
1208,boilerplate
1209,boilerplate
1210,boilerplate
1211,boilerplate
1212,boilerplate
1213,boilerplate
1214,boilerplate
1215,boilerplate
1216,boilerplate
1217,boilerplate
1218,boilerplate
1219,boilerplate
1220,boilerplate
1221,boilerplate
1222,boilerplate
1223,boilerplate
1224,boilerplate
1225,boilerplate
1226,intent
1227,intent
1228,governance
1229,boilerplate
1230,governance
1231,governance
1232,intent
1233,intent
1234,deployment
1235,governance
1236,governance
1237,governance
1238,governance
1239,boilerplate
1240,intent
1241,intent
1242,boilerplate
1243,boilerplate
1244,governance
1245,governance
1246,governance
1247,governance
1248,governance
1249,governance
1250,boilerplate
1251,intent
1252,intent
1253,boilerplate
1254,boilerplate
1255,boilerplate
1256,intent
1257,boilerplate
1258,boilerplate
1259,boilerplate
1260,other
1261,other
1262,boilerplate
1263,boilerplate
1264,other
1265,other
1266,intent
1267,intent
1268,boilerplate
1269,boilerplate
1270,boilerplate
1271,deployment
1272,boilerplate
1273,boilerplate
1274,boilerplate
1275,intent
1276,boilerplate
1277,boilerplate
1278,boilerplate
1279,boilerplate
1280,governance
1281,boilerplate
1282,deployment
1283,intent
1284,intent
1285,intent
1286,deployment
1287,intent
1288,deployment
1289,intent
1290,intent
1291,boilerplate
1292,boilerplate
1293,boilerplate
1294,intent
1295,boilerplate
1296,boilerplate
1297,boilerplate
1298,deployment
1299,intent
1300,intent
1301,deployment
1302,intent
1303,deployment
1304,boilerplate
1305,boilerplate
1306,boilerplate
1307,boilerplate
1308,other
1309,deployment
1310,other
1311,other
1312,deployment
1313,boilerplate
1314,boilerplate
1315,boilerplate
1316,deployment
1317,deployment
1318,boilerplate
1319,boilerplate
1320,boilerplate
1321,deployment
1322,deployment
1323,deployment
1324,deployment
1325,boilerplate
1326,boilerplate
1327,deployment
1328,deployment
1329,deployment
1330,governance
1331,governance
1332,boilerplate
1333,governance
1334,governance
1335,governance
1336,boilerplate
1337,boilerplate
1338,intent
1339,intent
1340,deployment
1341,deployment
1342,deployment
1343,other
1344,intent
1345,deployment
1346,deployment
1347,governance
1348,governance
1349,governance
1350,boilerplate
1351,boilerplate
1352,governance
1353,governance
1354,governance
1355,governance
1356,boilerplate
1357,intent
1358,other
1359,other
1360,intent
1361,deployment
1362,deployment
1363,deployment
1364,intent
1365,intent
1366,governance
1367,governance
1368,governance
1369,governance
1370,boilerplate
1371,boilerplate
1372,governance
1373,intent
1374,boilerplate
1375,boilerplate
1376,governance
1377,boilerplate
1378,intent
1379,other
1380,other
1381,intent
1382,deployment
1383,deployment
1384,deployment
1385,deployment
1386,deployment
1387,deployment
1388,deployment
1389,deployment
1390,deployment
1391,deployment
1392,governance
1393,governance
1394,governance
1395,governance
1396,boilerplate
1397,boilerplate
1398,governance
1399,intent
1400,boilerplate
1401,governance
1402,governance
1403,boilerplate
1404,governance
1405,intent
1406,deployment
1407,deployment
1408,deployment
1409,deployment
1410,deployment
1411,governance
1412,other
1413,boilerplate
1414,boilerplate
1415,deployment
1416,deployment
1417,deployment
1418,deployment
1419,governance
1420,deployment
1421,deployment
1422,deployment
1423,boilerplate
1424,boilerplate
1425,boilerplate
1426,boilerplate
1427,boilerplate
1428,boilerplate
1429,boilerplate
1430,boilerplate
1431,boilerplate
1432,boilerplate
1433,boilerplate
1434,boilerplate
1435,boilerplate
1436,deployment
1437,boilerplate
1438,boilerplate
1439,boilerplate
1440,deployment
1441,deployment
1442,deployment
1443,boilerplate
1444,deployment
1445,boilerplate
1446,boilerplate
1447,boilerplate
1448,boilerplate
1449,deployment
1450,deployment
1451,boilerplate
1452,boilerplate
1453,boilerplate
1454,boilerplate
1455,deployment
1456,deployment
1457,boilerplate
1458,boilerplate
1459,boilerplate
1460,boilerplate
1461,boilerplate
1462,boilerplate
1463,boilerplate
1464,boilerplate
1465,boilerplate
1466,boilerplate
1467,boilerplate
1468,boilerplate
1469,boilerplate
1470,boilerplate
1471,boilerplate
1472,boilerplate
1473,boilerplate
1474,boilerplate
1475,other
1476,other
1477,intent
1478,intent
1479,deployment
1480,deployment
1481,deployment
1482,boilerplate
1483,boilerplate
1484,boilerplate
1485,deployment
1486,deployment
1487,deployment
1488,boilerplate
1489,deployment
1490,deployment
1491,deployment
1492,deployment
1493,deployment
1494,other
1495,boilerplate
1496,boilerplate
1497,deployment
1498,deployment
1499,intent
1500,intent
1501,boilerplate
1502,deployment
1503,deployment
1504,intent
1505,intent
1506,deployment
1507,deployment
1508,intent
1509,intent
1510,intent
1511,deployment
1512,deployment
1513,intent
1514,deployment
1515,deployment
1516,intent
1517,boilerplate
1518,other
1519,deployment
1520,deployment
1521,deployment
1522,boilerplate
1523,governance
1524,governance
1525,governance
1526,boilerplate
1527,boilerplate
1528,boilerplate
1529,boilerplate
1530,boilerplate
1531,boilerplate
1532,boilerplate
1533,boilerplate
1534,boilerplate
1535,boilerplate
1536,boilerplate
1537,boilerplate
1538,boilerplate
1539,boilerplate
1540,boilerplate
1541,boilerplate
1542,boilerplate
1543,boilerplate
1544,boilerplate
1545,boilerplate
1546,boilerplate
1547,boilerplate
1548,boilerplate
1549,boilerplate
1550,boilerplate
1551,boilerplate
1552,boilerplate
1553,boilerplate
1554,boilerplate
1555,boilerplate
1556,boilerplate
1557,boilerplate
1558,boilerplate
1559,boilerplate
1560,boilerplate
1561,boilerplate
1562,boilerplate
1563,boilerplate
1564,deployment
1565,boilerplate
1566,boilerplate
1567,boilerplate
1568,boilerplate
1569,boilerplate
1570,boilerplate
1571,boilerplate
1572,boilerplate
1573,boilerplate
1574,boilerplate
1575,boilerplate
1576,boilerplate
1577,boilerplate
1578,boilerplate
1579,boilerplate
1580,boilerplate
1581,boilerplate
1582,boilerplate
1583,boilerplate
1584,boilerplate
1585,boilerplate
1586,boilerplate
1587,other
1588,boilerplate
1589,boilerplate
1590,boilerplate
1591,boilerplate
1592,boilerplate
1593,boilerplate
1594,boilerplate
1595,boilerplate
1596,boilerplate
1597,intent
1598,boilerplate
1599,boilerplate
1600,boilerplate
1601,deployment
1602,governance
1603,governance
1604,governance
1605,boilerplate
1606,boilerplate
1607,boilerplate
1608,boilerplate
1609,governance
1610,governance
1611,boilerplate
1612,boilerplate
1613,boilerplate
1614,governance
1615,governance
1616,boilerplate
1617,boilerplate
1618,governance
1619,boilerplate
1620,governance
1621,deployment
1622,intent
1623,boilerplate
1624,boilerplate
1625,boilerplate
1626,boilerplate
1627,boilerplate
1628,boilerplate
1629,deployment
1630,intent
1631,boilerplate
1632,boilerplate
1633,governance
1634,governance
1635,deployment
1636,deployment
1637,boilerplate
1638,deployment
1639,other
1640,deployment
1641,deployment
1642,boilerplate
1643,boilerplate
1644,intent
1645,intent
1646,boilerplate
1647,boilerplate
1648,other
1649,deployment
1650,deployment
1651,deployment
1652,other
1653,deployment
1654,other
1655,other
1656,other
1657,other
1658,other
1659,other
1660,other
1661,other
1662,other
1663,other
1664,boilerplate
1665,other
1666,boilerplate
1667,other
1668,boilerplate
1669,boilerplate
1670,intent
1671,intent
1672,boilerplate
1673,boilerplate
1674,boilerplate
1675,other
1676,boilerplate
1677,boilerplate
1678,boilerplate
1679,other
1680,boilerplate
1681,boilerplate
1682,boilerplate
1683,boilerplate
1684,boilerplate
1685,boilerplate
1686,boilerplate
1687,boilerplate
1688,boilerplate
1689,boilerplate
1690,boilerplate
1691,boilerplate
1692,governance
1693,boilerplate
1694,other
1695,boilerplate
1696,boilerplate
1697,boilerplate
1698,boilerplate
1699,boilerplate
1700,boilerplate
1701,other
1702,other
1703,other
1704,other
1705,boilerplate
1706,boilerplate
1707,boilerplate
1708,boilerplate
1709,governance
1710,other
1711,other
1712,other
1713,boilerplate
1714,boilerplate
1715,boilerplate
1716,governance
1717,other
1718,other
1719,other
1720,other
1721,other
1722,other
1723,other
1724,other
1725,other
1726,other
1727,other
1728,other
1729,other
1730,other
1731,other
1732,other
1733,other
1734,boilerplate
1735,deployment
1736,deployment
1737,boilerplate
1738,boilerplate
1739,boilerplate
1740,other
1741,boilerplate
1742,boilerplate
1743,intent
1744,intent
1745,deployment
1746,other
1747,intent
1748,intent
1749,intent
1750,deployment
1751,boilerplate
1752,deployment
1753,deployment
1754,deployment
1755,deployment
1756,deployment
1757,deployment
1758,deployment
1759,deployment
1760,deployment
1761,deployment
1762,deployment
1763,deployment
1764,deployment
1765,deployment
1766,deployment
1767,deployment
1768,deployment
1769,deployment
1770,other
1771,boilerplate
1772,boilerplate
1773,boilerplate
1774,boilerplate
1775,boilerplate
1776,boilerplate
1777,boilerplate
1778,boilerplate
1779,boilerplate
1780,boilerplate
1781,boilerplate
1782,boilerplate
1783,boilerplate
1784,other
1785,other
1786,intent
1787,intent
1788,deployment
1789,deployment
1790,deployment
1791,deployment
1792,deployment
1793,boilerplate
1794,boilerplate
1795,boilerplate
1796,boilerplate
1797,boilerplate
1798,boilerplate
1799,boilerplate
1800,boilerplate
1801,intent
1802,boilerplate
1803,intent
1804,boilerplate
1805,boilerplate
1806,intent
1807,boilerplate
1808,boilerplate
1809,boilerplate
1810,boilerplate
1811,boilerplate
1812,boilerplate
1813,boilerplate
1814,governance
1815,boilerplate
1816,boilerplate
1817,boilerplate
1818,boilerplate
1819,intent
1820,deployment
1821,deployment
1822,boilerplate
1823,boilerplate
1824,other
1825,deployment
1826,other
1827,deployment
1828,deployment
1829,deployment
1830,deployment
1831,deployment
1832,other
1833,deployment
1834,deployment
1835,other
1836,other
1837,deployment
1838,deployment
1839,deployment
1840,deployment
1841,deployment
1842,deployment
1843,deployment
1844,other
1845,other
1846,deployment
1847,deployment
1848,deployment
1849,other
1850,deployment
1851,deployment
1852,deployment
1853,other
1854,other
1855,boilerplate
1856,deployment
1857,deployment
1858,deployment
1859,other
1860,other
1861,boilerplate
1862,other
1863,other
1864,boilerplate
1865,other
1866,other
1867,boilerplate
1868,deployment
1869,deployment
1870,boilerplate
1871,boilerplate
1872,boilerplate
1873,deployment
1874,boilerplate
1875,boilerplate
1876,boilerplate
1877,deployment
1878,deployment
1879,boilerplate
1880,boilerplate
1881,other
1882,boilerplate
1883,other
1884,other
1885,other
1886,other
1887,boilerplate
1888,governance
1889,boilerplate
1890,boilerplate
1891,boilerplate
1892,boilerplate
1893,boilerplate
1894,boilerplate
1895,boilerplate
1896,boilerplate
1897,boilerplate
1898,boilerplate
1899,boilerplate
1900,boilerplate
1901,boilerplate
1902,boilerplate
1903,boilerplate
1904,boilerplate
1905,boilerplate
1906,boilerplate
1907,deployment
1908,boilerplate
1909,deployment
1910,deployment
1911,deployment
1912,deployment
1913,deployment
1914,deployment
1915,boilerplate
1916,deployment
1917,boilerplate
1918,deployment
1919,deployment
1920,deployment
1921,deployment
1922,deployment
1923,deployment
1924,other
1925,deployment
1926,boilerplate
1927,boilerplate
1928,deployment
1929,deployment
1930,deployment
1931,boilerplate
1932,boilerplate
1933,deployment
1934,deployment
1935,deployment
1936,deployment
1937,deployment
1938,deployment
1939,deployment
1940,deployment
1941,deployment
1942,boilerplate
1943,deployment
1944,deployment
1945,governance
1946,governance
1947,boilerplate
1948,governance
1949,boilerplate
1950,deployment
1951,other
1952,boilerplate
1953,other
1954,other
1955,deployment
1956,governance
1957,governance
1958,boilerplate
1959,deployment
1960,other
1961,other
1962,deployment
1963,boilerplate
1964,other
1965,deployment
1966,other
1967,deployment
1968,deployment
1969,deployment
1970,other
1971,deployment
1972,deployment
1973,deployment
1974,other
1975,deployment
1976,deployment
1977,deployment
1978,other
1979,other
1980,deployment
1981,deployment
1982,other
1983,other
1984,other
1985,deployment
1986,deployment
1987,other
1988,boilerplate
1989,boilerplate
1990,boilerplate
1991,intent
1992,boilerplate
1993,boilerplate
1994,boilerplate
1995,boilerplate
1996,boilerplate
1997,boilerplate
1998,boilerplate
1999,boilerplate
2000,boilerplate
2001,boilerplate
2002,boilerplate
2003,boilerplate
2004,boilerplate
2005,boilerplate
2006,boilerplate
2007,boilerplate
2008,boilerplate
2009,boilerplate
2010,boilerplate
2011,boilerplate
2012,boilerplate
2013,boilerplate
2014,deployment
2015,boilerplate
2016,boilerplate
2017,boilerplate
2018,boilerplate
2019,boilerplate
2020,deployment
2021,deployment
2022,boilerplate
2023,boilerplate
2024,deployment
2025,deployment
2026,deployment
2027,deployment
2028,deployment
2029,deployment
2030,deployment
2031,deployment
2032,boilerplate
2033,governance
2034,deployment
2035,deployment
2036,deployment
2037,boilerplate
2038,boilerplate
2039,boilerplate
2040,boilerplate
2041,deployment
2042,boilerplate
2043,boilerplate
2044,deployment
2045,deployment
2046,deployment
2047,boilerplate
2048,boilerplate
2049,boilerplate
2050,governance
2051,boilerplate
2052,other
2053,other
2054,boilerplate
2055,deployment
2056,boilerplate
2057,intent
2058,intent
2059,intent
2060,boilerplate
2061,intent
2062,intent
2063,boilerplate
2064,intent
2065,intent
2066,boilerplate
2067,boilerplate
2068,boilerplate
2069,intent
2070,boilerplate
2071,boilerplate
2072,boilerplate
2073,boilerplate
2074,other
2075,deployment
2076,deployment
2077,other
2078,boilerplate
2079,other
2080,deployment
2081,other
2082,other
2083,boilerplate
2084,boilerplate
2085,boilerplate
2086,other
2087,other
2088,other
2089,deployment
2090,other
2091,boilerplate
2092,boilerplate
2093,boilerplate
2094,boilerplate
2095,boilerplate
2096,boilerplate
2097,boilerplate
2098,boilerplate
2099,boilerplate
2100,boilerplate
2101,boilerplate
2102,boilerplate
2103,governance
2104,boilerplate
2105,boilerplate
2106,boilerplate
2107,boilerplate
2108,boilerplate
2109,governance
2110,governance
2111,governance
2112,boilerplate
2113,boilerplate
2114,other
2115,boilerplate
2116,boilerplate
2117,governance
2118,boilerplate
2119,boilerplate
2120,governance
2121,governance
2122,governance
2123,governance
2124,boilerplate
2125,other
2126,boilerplate
2127,boilerplate
2128,governance
2129,governance
2130,boilerplate
2131,governance
2132,governance
2133,governance
2134,deployment
2135,deployment
2136,deployment
2137,deployment
2138,deployment
2139,deployment
2140,deployment
2141,deployment
2142,deployment
2143,deployment
2144,deployment
2145,deployment
2146,deployment
2147,deployment
2148,boilerplate
2149,other
2150,boilerplate
2151,other
2152,governance
2153,governance
2154,deployment
2155,deployment
2156,boilerplate
2157,boilerplate
2158,boilerplate
2159,boilerplate
2160,boilerplate
2161,deployment
2162,deployment
2163,boilerplate
2164,boilerplate
2165,deployment
2166,deployment
2167,deployment
2168,deployment
2169,deployment
2170,other
2171,deployment
2172,deployment
2173,deployment
2174,deployment
2175,deployment
2176,intent
2177,boilerplate
2178,intent
2179,boilerplate
2180,boilerplate
2181,boilerplate
2182,other
2183,other
2184,governance
2185,boilerplate
2186,boilerplate
2187,governance
2188,boilerplate
2189,boilerplate
2190,governance
2191,boilerplate
2192,boilerplate
2193,boilerplate
2194,governance
2195,boilerplate
2196,boilerplate
2197,boilerplate
2198,other
2199,governance
2200,deployment
2201,deployment
2202,deployment
2203,intent
2204,boilerplate
2205,boilerplate
2206,governance
2207,boilerplate
2208,boilerplate
2209,boilerplate
2210,governance
2211,governance
2212,boilerplate
2213,boilerplate
2214,governance
2215,governance
2216,governance
2217,governance
2218,deployment
2219,governance
2220,governance
2221,governance
2222,boilerplate
2223,boilerplate
2224,deployment
2225,governance
2226,governance
2227,governance
2228,boilerplate
2229,boilerplate
2230,governance
2231,governance
2232,boilerplate
2233,boilerplate
2234,other
2235,boilerplate
2236,boilerplate
2237,boilerplate
2238,boilerplate
2239,boilerplate
2240,boilerplate
2241,boilerplate
2242,boilerplate
2243,boilerplate
2244,boilerplate
2245,boilerplate
2246,boilerplate
2247,other
2248,other
2249,other
2250,boilerplate
2251,other
2252,other
2253,other
2254,boilerplate
2255,other
2256,boilerplate
2257,boilerplate
2258,other
2259,boilerplate
2260,boilerplate
2261,other
2262,other
2263,other
2264,other
2265,boilerplate
2266,deployment
2267,deployment
2268,deployment
2269,governance
2270,boilerplate
2271,boilerplate
2272,boilerplate
2273,deployment
2274,deployment
2275,deployment
2276,governance
2277,boilerplate
2278,boilerplate
2279,boilerplate
2280,deployment
2281,boilerplate
2282,governance
2283,boilerplate
2284,other
2285,other
2286,governance
2287,other
2288,other
2289,governance
2290,other
2291,other
2292,deployment
2293,deployment
2294,deployment
2295,boilerplate
2296,governance
2297,boilerplate
2298,boilerplate
2299,boilerplate
2300,boilerplate
2301,boilerplate
2302,boilerplate
2303,governance
2304,boilerplate
2305,deployment
2306,deployment
2307,intent
2308,boilerplate
2309,boilerplate
2310,boilerplate
2311,governance
2312,boilerplate
2313,boilerplate
2314,deployment
2315,boilerplate
2316,boilerplate
2317,boilerplate
2318,boilerplate
2319,deployment
2320,deployment
2321,boilerplate
2322,deployment
2323,deployment
2324,governance
2325,boilerplate
2326,boilerplate
2327,boilerplate
2328,deployment
2329,deployment
2330,intent
2331,deployment
2332,boilerplate
2333,boilerplate
2334,deployment
2335,deployment
2336,deployment
2337,deployment
2338,deployment
2339,intent
2340,deployment
2341,deployment
2342,deployment
2343,deployment
2344,boilerplate
2345,boilerplate
2346,deployment
2347,boilerplate
2348,boilerplate
2349,other
2350,other
2351,other
2352,boilerplate
2353,other
2354,boilerplate
2355,boilerplate
2356,boilerplate
2357,boilerplate
2358,boilerplate
2359,boilerplate
2360,boilerplate
2361,boilerplate
2362,boilerplate
2363,boilerplate
2364,boilerplate
2365,boilerplate
2366,other
2367,other
2368,deployment
2369,other
2370,deployment
2371,boilerplate
2372,boilerplate
2373,boilerplate
2374,intent
2375,intent
2376,deployment
2377,deployment
2378,boilerplate
2379,boilerplate
2380,boilerplate
2381,intent
2382,intent
2383,intent
2384,intent
2385,deployment
2386,intent
2387,deployment
2388,deployment
2389,deployment
2390,deployment
2391,boilerplate
2392,boilerplate
2393,boilerplate
2394,boilerplate
2395,boilerplate
2396,boilerplate
2397,boilerplate
2398,boilerplate
2399,boilerplate
2400,boilerplate
2401,boilerplate
2402,boilerplate
2403,boilerplate
2404,other
2405,other
2406,boilerplate
2407,boilerplate
2408,boilerplate
2409,boilerplate
2410,boilerplate
2411,boilerplate
2412,boilerplate
2413,boilerplate
2414,boilerplate
2415,boilerplate
2416,boilerplate
2417,boilerplate
2418,boilerplate
2419,boilerplate
2420,boilerplate
2421,boilerplate
2422,boilerplate
2423,boilerplate
2424,boilerplate
2425,boilerplate
2426,boilerplate
2427,other
2428,boilerplate
2429,boilerplate
2430,boilerplate
2431,boilerplate
2432,boilerplate
2433,boilerplate
2434,boilerplate
2435,boilerplate
2436,boilerplate
2437,boilerplate
2438,boilerplate
2439,boilerplate
2440,boilerplate
2441,boilerplate
2442,intent
2443,boilerplate
2444,boilerplate
2445,other
2446,boilerplate
2447,boilerplate
2448,intent
2449,governance
2450,boilerplate
2451,boilerplate
2452,intent
2453,governance
2454,boilerplate
2455,intent
2456,intent
2457,intent
2458,intent
2459,intent
2460,boilerplate
2461,other
2462,other
2463,other
2464,other
2465,deployment
2466,deployment
2467,other
2468,deployment
2469,deployment
2470,other
2471,other
2472,other
2473,deployment
2474,other
2475,other
2476,other
2477,boilerplate
2478,boilerplate
2479,other
2480,other
2481,other
2482,boilerplate
2483,other
2484,other
2485,other
2486,governance
2487,boilerplate
2488,other
2489,other
2490,other
2491,boilerplate
2492,boilerplate
2493,boilerplate
2494,boilerplate
2495,boilerplate
2496,deployment
2497,other
2498,boilerplate
2499,intent
2500,governance
2501,boilerplate
2502,boilerplate
2503,boilerplate
2504,boilerplate
2505,boilerplate
2506,intent
2507,intent
2508,boilerplate
2509,boilerplate
2510,boilerplate
2511,boilerplate
2512,boilerplate
2513,boilerplate
2514,intent
2515,governance
2516,governance
2517,boilerplate
2518,boilerplate
2519,boilerplate
2520,boilerplate
2521,boilerplate
2522,boilerplate
2523,boilerplate
2524,boilerplate
2525,boilerplate
2526,boilerplate
2527,boilerplate
2528,deployment
2529,other
2530,deployment
2531,other
2532,boilerplate
2533,boilerplate
2534,boilerplate
2535,boilerplate
2536,boilerplate
2537,boilerplate
2538,boilerplate
2539,boilerplate
2540,other
2541,governance
2542,other
2543,other
2544,boilerplate
2545,other
2546,other
2547,boilerplate
2548,boilerplate
2549,governance
2550,deployment
2551,deployment
2552,boilerplate
2553,governance
2554,deployment
2555,boilerplate
2556,governance
2557,deployment
2558,deployment
2559,deployment
2560,deployment
2561,deployment
2562,other
2563,other
2564,boilerplate
2565,boilerplate
2566,boilerplate
2567,boilerplate
2568,other
2569,other
2570,boilerplate
2571,boilerplate
2572,other
2573,deployment
2574,other
2575,deployment
2576,deployment
2577,boilerplate
2578,boilerplate
2579,other
2580,other
2581,other
2582,deployment
2583,boilerplate
2584,boilerplate
2585,boilerplate
2586,deployment
2587,boilerplate
2588,boilerplate
2589,deployment
2590,boilerplate
2591,boilerplate
2592,boilerplate
2593,boilerplate
2594,boilerplate
2595,boilerplate
2596,other
2597,other
2598,boilerplate
2599,other
2600,boilerplate
2601,boilerplate
2602,boilerplate
2603,boilerplate
2604,boilerplate
2605,boilerplate
2606,boilerplate
2607,boilerplate
2608,boilerplate
2609,boilerplate
2610,boilerplate
2611,boilerplate
2612,boilerplate
2613,governance
2614,boilerplate
2615,governance
2616,boilerplate
2617,deployment
2618,deployment
2619,other
2620,other
2621,deployment
2622,other
2623,boilerplate
2624,deployment
2625,deployment
2626,deployment
2627,deployment
2628,other
2629,other
2630,other
2631,boilerplate
2632,deployment
2633,deployment
2634,deployment
2635,deployment
2636,deployment
2637,deployment
2638,other
2639,other
2640,other
2641,boilerplate
2642,deployment
2643,deployment
2644,deployment
2645,deployment
2646,deployment
2647,other
2648,other
2649,other
2650,boilerplate
2651,boilerplate
2652,deployment
2653,deployment
2654,deployment
2655,deployment
2656,other
2657,other
2658,other
2659,boilerplate
2660,deployment
2661,deployment
2662,deployment
2663,deployment
2664,other
2665,other
2666,boilerplate
2667,deployment
2668,deployment
2669,deployment
2670,deployment
2671,other
2672,other
2673,other
2674,boilerplate
2675,deployment
2676,deployment
2677,deployment
2678,deployment
2679,deployment
2680,deployment
2681,deployment
2682,deployment
2683,other
2684,other
2685,boilerplate
2686,boilerplate
2687,boilerplate
2688,other
2689,other
2690,boilerplate
2691,boilerplate
2692,other
2693,boilerplate
2694,other
2695,boilerplate
2696,boilerplate
2697,boilerplate
2698,boilerplate
2699,boilerplate
2700,boilerplate
2701,boilerplate
2702,boilerplate
2703,boilerplate
2704,boilerplate
2705,boilerplate
2706,boilerplate
2707,boilerplate
2708,boilerplate
2709,boilerplate
2710,boilerplate
2711,intent
2712,deployment
2713,deployment
2714,governance
2715,boilerplate
2716,intent
2717,deployment
2718,deployment
2719,deployment
2720,governance
2721,intent
2722,deployment
2723,deployment
2724,deployment
2725,intent
2726,deployment
2727,deployment
2728,intent
2729,deployment
2730,deployment
2731,deployment
2732,deployment
2733,intent
2734,intent
2735,boilerplate
2736,boilerplate
2737,boilerplate
2738,boilerplate
2739,boilerplate
2740,boilerplate
2741,boilerplate
2742,boilerplate
2743,governance
2744,boilerplate
2745,boilerplate
2746,boilerplate
2747,boilerplate
2748,boilerplate
2749,boilerplate
2750,boilerplate
2751,boilerplate
2752,boilerplate
2753,boilerplate
2754,boilerplate
2755,boilerplate
2756,boilerplate
2757,boilerplate
2758,boilerplate
2759,deployment
2760,deployment
2761,deployment
2762,deployment
2763,deployment
2764,deployment
2765,boilerplate
2766,boilerplate
2767,boilerplate
2768,boilerplate
2769,boilerplate
2770,boilerplate
2771,deployment
2772,deployment
2773,deployment
2774,deployment
2775,boilerplate
2776,boilerplate
2777,boilerplate
2778,boilerplate
2779,boilerplate
2780,boilerplate
2781,deployment
2782,deployment
2783,deployment
2784,deployment
2785,boilerplate
2786,boilerplate
2787,boilerplate
2788,boilerplate
2789,deployment
2790,deployment
2791,deployment
2792,deployment
2793,deployment
2794,deployment
2795,deployment
2796,deployment
2797,deployment
2798,deployment
2799,deployment
2800,deployment
2801,intent
2802,deployment
2803,deployment
2804,deployment
2805,deployment
2806,intent
2807,governance
2808,intent
2809,boilerplate
2810,boilerplate
2811,boilerplate
2812,governance
2813,governance
2814,boilerplate
2815,boilerplate
2816,governance
2817,governance
2818,boilerplate
2819,governance
2820,boilerplate
2821,boilerplate
2822,boilerplate
2823,boilerplate
2824,boilerplate
2825,boilerplate
2826,boilerplate
2827,boilerplate
2828,boilerplate
2829,boilerplate
2830,boilerplate
2831,boilerplate
2832,boilerplate
2833,boilerplate
2834,boilerplate
2835,boilerplate
2836,boilerplate
2837,boilerplate
2838,deployment
2839,other
2840,boilerplate
2841,boilerplate
2842,boilerplate
2843,boilerplate
2844,boilerplate
2845,boilerplate
2846,boilerplate
2847,boilerplate
2848,boilerplate
2849,boilerplate
2850,boilerplate
2851,boilerplate
2852,deployment
2853,deployment
2854,other
2855,other
2856,deployment
2857,deployment
2858,deployment
2859,deployment
2860,deployment
2861,deployment
2862,deployment
2863,deployment
2864,deployment
2865,deployment
2866,boilerplate
2867,boilerplate
2868,boilerplate
2869,boilerplate
2870,boilerplate
2871,boilerplate
2872,boilerplate
2873,boilerplate
2874,boilerplate
2875,deployment
2876,boilerplate
2877,boilerplate
2878,boilerplate
2879,boilerplate
2880,boilerplate
2881,boilerplate
2882,boilerplate
2883,boilerplate
2884,boilerplate
2885,boilerplate
2886,deployment
2887,deployment
2888,other
2889,deployment
2890,deployment
2891,deployment
2892,deployment
2893,boilerplate
2894,deployment
2895,boilerplate
2896,boilerplate
2897,boilerplate
2898,boilerplate
2899,boilerplate
2900,boilerplate
2901,other
2902,deployment
2903,deployment
2904,boilerplate
2905,boilerplate
2906,boilerplate
2907,boilerplate
2908,boilerplate
2909,other
2910,other
2911,other
2912,deployment
2913,other
2914,deployment
2915,deployment
2916,other
2917,intent
2918,deployment
2919,deployment
2920,deployment
2921,deployment
2922,intent
2923,intent
2924,intent
2925,deployment
2926,intent
2927,deployment
2928,deployment
2929,deployment
2930,deployment
2931,intent
2932,intent
2933,governance
2934,intent
2935,deployment
2936,intent
2937,deployment
2938,deployment
2939,deployment
2940,deployment
2941,intent
2942,other
2943,deployment
2944,other
2945,other
2946,other
2947,deployment
2948,governance
2949,other
2950,other
2951,intent
2952,deployment
2953,other
2954,deployment
2955,deployment
2956,intent
2957,deployment
2958,other
2959,deployment
2960,intent
2961,deployment
2962,deployment
2963,deployment
2964,deployment
2965,deployment
2966,deployment
2967,intent
2968,intent
2969,intent
2970,intent
2971,deployment
2972,boilerplate
2973,boilerplate
2974,boilerplate
2975,boilerplate
2976,boilerplate
2977,boilerplate
2978,boilerplate
2979,boilerplate
2980,boilerplate
2981,boilerplate
2982,boilerplate
2983,intent
2984,boilerplate
2985,intent
2986,intent
2987,intent
2988,intent
2989,intent
2990,intent
2991,intent
2992,intent
2993,intent
2994,intent
2995,intent
2996,intent
2997,intent
2998,intent
2999,intent
3000,intent
3001,intent
3002,intent
3003,intent
3004,intent
3005,intent
3006,intent
3007,intent
3008,intent
3009,intent
3010,boilerplate
3011,boilerplate
3012,other
3013,other
3014,other
3015,other
3016,boilerplate
3017,boilerplate
3018,boilerplate
3019,boilerplate
3020,boilerplate
3021,boilerplate
3022,boilerplate
3023,boilerplate
3024,boilerplate
3025,other
3026,other
3027,other
3028,boilerplate
3029,boilerplate
3030,boilerplate
3031,boilerplate
3032,boilerplate
3033,boilerplate
3034,boilerplate
3035,boilerplate
3036,boilerplate
3037,boilerplate
3038,other
3039,other
3040,other
3041,boilerplate
3042,boilerplate
3043,boilerplate
3044,boilerplate
3045,other
3046,other
3047,other
3048,other
3049,other
3050,other
3051,other
3052,other
3053,other
3054,other
3055,other
3056,other
3057,other
3058,boilerplate
3059,boilerplate
3060,boilerplate
3061,boilerplate
3062,boilerplate
3063,boilerplate
3064,boilerplate
3065,boilerplate
3066,boilerplate
3067,boilerplate
3068,boilerplate
3069,boilerplate
3070,governance
3071,boilerplate
3072,boilerplate
3073,boilerplate
3074,boilerplate
3075,boilerplate
3076,governance
3077,boilerplate
3078,boilerplate
3079,boilerplate
3080,governance
3081,governance
3082,governance
3083,boilerplate
3084,boilerplate
3085,boilerplate
3086,boilerplate
3087,boilerplate
3088,boilerplate
3089,boilerplate
3090,boilerplate
3091,boilerplate
3092,boilerplate
3093,boilerplate
3094,boilerplate
3095,boilerplate
3096,boilerplate
3097,boilerplate
3098,boilerplate
3099,boilerplate
3100,boilerplate
3101,boilerplate
3102,boilerplate
3103,boilerplate
3104,boilerplate
3105,boilerplate
3106,boilerplate
3107,boilerplate
3108,boilerplate
3109,boilerplate
3110,boilerplate
3111,boilerplate
3112,boilerplate
3113,boilerplate
3114,boilerplate
3115,boilerplate
3116,boilerplate
3117,boilerplate
3118,deployment
3119,deployment
3120,deployment
3121,intent
3122,deployment
3123,deployment
3124,other
3125,deployment
3126,boilerplate
3127,boilerplate
3128,boilerplate
3129,boilerplate
3130,deployment
3131,deployment
3132,deployment
3133,other
3134,boilerplate
3135,boilerplate
3136,deployment
3137,deployment
3138,deployment
3139,deployment
3140,deployment
3141,deployment
3142,deployment
3143,other
3144,deployment
3145,deployment
3146,other
3147,deployment
3148,deployment
3149,other
3150,boilerplate
3151,other
3152,boilerplate
3153,boilerplate
3154,deployment
3155,deployment
3156,deployment
3157,deployment
3158,boilerplate
3159,governance
3160,boilerplate
3161,boilerplate
3162,boilerplate
3163,boilerplate
3164,boilerplate
3165,boilerplate
3166,other
3167,other
3168,other
3169,boilerplate
3170,boilerplate
3171,boilerplate
3172,boilerplate
3173,boilerplate
3174,boilerplate
3175,boilerplate
3176,deployment
3177,governance
3178,deployment
3179,boilerplate
3180,governance
3181,deployment
3182,boilerplate
3183,governance
3184,deployment
3185,boilerplate
3186,deployment
3187,deployment
3188,deployment
3189,intent
3190,intent
3191,boilerplate
3192,boilerplate
3193,intent
3194,boilerplate
3195,boilerplate
3196,boilerplate
3197,boilerplate
3198,boilerplate
3199,boilerplate
3200,boilerplate
3201,boilerplate
3202,boilerplate
3203,intent
3204,intent
3205,intent
3206,boilerplate
3207,boilerplate
3208,intent
3209,boilerplate
3210,boilerplate
3211,boilerplate
3212,boilerplate
3213,boilerplate
3214,boilerplate
3215,boilerplate
3216,boilerplate
3217,other
3218,other
3219,other
3220,other
3221,other
3222,other
3223,other
3224,other
3225,other
3226,boilerplate
3227,boilerplate
3228,boilerplate
3229,boilerplate
3230,boilerplate
3231,boilerplate
3232,boilerplate
3233,boilerplate
3234,boilerplate
3235,deployment
3236,deployment
3237,deployment
3238,deployment
3239,boilerplate
3240,boilerplate
3241,boilerplate
3242,governance
3243,boilerplate
3244,boilerplate
3245,governance
3246,boilerplate
3247,other
3248,boilerplate
3249,boilerplate
3250,other
3251,boilerplate
3252,boilerplate
3253,other
3254,other
3255,boilerplate
3256,boilerplate
3257,boilerplate
3258,boilerplate
3259,boilerplate
3260,boilerplate
3261,boilerplate
3262,deployment
3263,boilerplate
3264,boilerplate
3265,boilerplate
3266,boilerplate
3267,boilerplate
3268,boilerplate
3269,boilerplate
3270,boilerplate
3271,boilerplate
3272,other
3273,boilerplate
3274,boilerplate
3275,boilerplate
3276,boilerplate
3277,deployment
3278,other
3279,boilerplate
3280,boilerplate
3281,boilerplate
3282,boilerplate
3283,boilerplate
3284,boilerplate
3285,boilerplate
3286,deployment
3287,other
3288,boilerplate
3289,boilerplate
3290,boilerplate
3291,boilerplate
3292,boilerplate
3293,boilerplate
3294,boilerplate
3295,deployment
3296,deployment
3297,deployment
3298,deployment
3299,deployment
3300,governance
3301,governance
3302,governance
3303,governance
3304,boilerplate
3305,boilerplate
3306,boilerplate
3307,boilerplate
3308,intent
3309,boilerplate
3310,boilerplate
3311,boilerplate
3312,deployment
3313,boilerplate
3314,boilerplate
3315,boilerplate
3316,boilerplate
3317,boilerplate
3318,governance
3319,governance
3320,governance
3321,governance
3322,boilerplate
3323,boilerplate
3324,deployment
3325,deployment
3326,deployment
3327,deployment
3328,boilerplate
3329,deployment
3330,boilerplate
3331,boilerplate
3332,boilerplate
3333,boilerplate
3334,governance
3335,governance
3336,boilerplate
3337,boilerplate
3338,deployment
3339,deployment
3340,deployment
3341,deployment
3342,boilerplate
3343,boilerplate
3344,governance
3345,governance
3346,boilerplate
3347,deployment
3348,deployment
3349,deployment
3350,deployment
3351,boilerplate
3352,governance
3353,boilerplate
3354,deployment
3355,deployment
3356,deployment
3357,deployment
3358,governance
3359,boilerplate
3360,deployment
3361,deployment
3362,deployment
3363,deployment
3364,boilerplate
3365,governance
3366,governance
3367,deployment
3368,deployment
3369,deployment
3370,deployment
3371,boilerplate
3372,boilerplate
3373,deployment
3374,deployment
3375,deployment
3376,deployment
3377,boilerplate
3378,boilerplate
3379,other
3380,boilerplate
3381,deployment
3382,governance
3383,boilerplate
3384,boilerplate
3385,intent
3386,intent
3387,boilerplate
3388,deployment
3389,governance
3390,other
3391,other
3392,other
3393,other
3394,other
3395,boilerplate
3396,boilerplate
3397,boilerplate
3398,boilerplate
3399,intent
3400,governance
3401,other
3402,deployment
3403,deployment
3404,boilerplate
3405,boilerplate
3406,boilerplate
3407,boilerplate
3408,boilerplate
3409,boilerplate
3410,boilerplate
3411,boilerplate
3412,boilerplate
3413,intent
3414,boilerplate
3415,boilerplate
3416,governance
3417,boilerplate
3418,intent
3419,boilerplate
3420,boilerplate
3421,boilerplate
3422,boilerplate
3423,intent
3424,boilerplate
3425,governance
3426,boilerplate
3427,boilerplate
3428,boilerplate
3429,boilerplate
3430,boilerplate
3431,boilerplate
3432,boilerplate
3433,boilerplate
3434,governance
3435,boilerplate
3436,boilerplate
3437,boilerplate
3438,boilerplate
3439,boilerplate
3440,boilerplate
3441,deployment
3442,boilerplate
3443,intent
3444,boilerplate
3445,governance
3446,boilerplate
3447,boilerplate
3448,boilerplate
3449,boilerplate
3450,boilerplate
3451,other
3452,boilerplate
3453,other
3454,deployment
3455,boilerplate
3456,other
3457,deployment
3458,boilerplate
3459,boilerplate
3460,governance
3461,governance
3462,governance
3463,governance
3464,boilerplate
3465,boilerplate
3466,boilerplate
3467,boilerplate
3468,boilerplate
3469,boilerplate
3470,deployment
3471,deployment
3472,deployment
3473,boilerplate
3474,boilerplate
3475,boilerplate
3476,boilerplate
3477,deployment
3478,deployment
3479,boilerplate
3480,boilerplate
3481,deployment
3482,boilerplate
3483,boilerplate
3484,deployment
3485,boilerplate
3486,deployment
3487,boilerplate
3488,deployment
3489,boilerplate
3490,deployment
3491,boilerplate
3492,boilerplate
3493,boilerplate
3494,boilerplate
3495,intent
3496,intent
3497,other
3498,other
3499,other
3500,other
3501,other
3502,other
3503,other
3504,other
3505,boilerplate
3506,boilerplate
3507,boilerplate
3508,deployment
3509,boilerplate
3510,deployment
3511,deployment
3512,deployment
3513,deployment
3514,deployment
3515,boilerplate
3516,boilerplate
3517,boilerplate
3518,deployment
3519,deployment
3520,deployment
3521,deployment
3522,deployment
3523,deployment
3524,boilerplate
3525,boilerplate
3526,boilerplate
3527,deployment
3528,deployment
3529,deployment
3530,deployment
3531,deployment
3532,deployment
3533,boilerplate
3534,boilerplate
3535,deployment
3536,deployment
3537,deployment
3538,deployment
3539,deployment
3540,deployment
3541,deployment
3542,deployment
3543,deployment
3544,deployment
3545,other
3546,deployment
3547,deployment
3548,deployment
3549,deployment
3550,deployment
3551,deployment
3552,intent
3553,other
3554,boilerplate
3555,boilerplate
3556,boilerplate
3557,deployment
3558,deployment
3559,deployment
3560,boilerplate
3561,boilerplate
3562,intent
3563,intent
3564,boilerplate
3565,boilerplate
3566,deployment
3567,deployment
3568,deployment
3569,deployment
3570,deployment
3571,deployment
3572,deployment
3573,deployment
3574,deployment
3575,deployment
3576,deployment
3577,deployment
3578,governance
3579,governance
3580,boilerplate
3581,deployment
3582,deployment
3583,deployment
3584,deployment
3585,deployment
3586,deployment
3587,deployment
3588,governance
3589,governance
3590,boilerplate
3591,boilerplate
3592,governance
3593,governance
3594,boilerplate
3595,deployment
3596,deployment
3597,deployment
3598,deployment
3599,deployment
3600,governance
3601,boilerplate
3602,boilerplate
3603,governance
3604,governance
3605,boilerplate
3606,deployment
3607,deployment
3608,deployment
3609,deployment
3610,deployment
3611,governance
3612,governance
3613,boilerplate
3614,deployment
3615,deployment
3616,deployment
3617,deployment
3618,deployment
3619,deployment
3620,deployment
3621,deployment
3622,deployment
3623,deployment
3624,deployment
3625,deployment
3626,deployment
3627,deployment
3628,deployment
3629,deployment
3630,deployment
3631,deployment
3632,deployment
3633,deployment
3634,deployment
3635,deployment
3636,deployment
3637,deployment
3638,deployment
3639,deployment
3640,boilerplate
3641,boilerplate
3642,governance
3643,deployment
3644,deployment
3645,deployment
3646,deployment
3647,deployment
3648,boilerplate
3649,boilerplate
3650,boilerplate
3651,boilerplate
3652,governance
3653,governance
3654,boilerplate
3655,boilerplate
3656,governance
3657,governance
3658,governance
3659,deployment
3660,deployment
3661,deployment
3662,deployment
3663,boilerplate
3664,boilerplate
3665,boilerplate
3666,boilerplate
3667,boilerplate
3668,boilerplate
3669,boilerplate
3670,boilerplate
3671,boilerplate
3672,governance
3673,governance
3674,boilerplate
3675,boilerplate
3676,boilerplate
3677,boilerplate
3678,governance
3679,deployment
3680,deployment
3681,deployment
3682,deployment
3683,deployment
3684,boilerplate
3685,boilerplate
3686,boilerplate
3687,boilerplate
3688,boilerplate
3689,boilerplate
3690,boilerplate
3691,boilerplate
3692,governance
3693,governance
3694,boilerplate
3695,boilerplate
3696,governance
3697,deployment
3698,deployment
3699,deployment
3700,boilerplate
3701,boilerplate
3702,boilerplate
3703,boilerplate
3704,deployment
3705,deployment
3706,deployment
3707,deployment
3708,deployment
3709,boilerplate
3710,boilerplate
3711,boilerplate
3712,governance
3713,governance
3714,governance
3715,boilerplate
3716,boilerplate
3717,boilerplate
3718,boilerplate
3719,boilerplate
3720,boilerplate
3721,deployment
3722,deployment
3723,deployment
3724,intent
3725,governance
3726,intent
3727,deployment
3728,deployment
3729,intent
3730,governance
3731,boilerplate
3732,governance
3733,intent
3734,deployment
3735,deployment
3736,boilerplate
3737,governance
3738,boilerplate
3739,intent
3740,deployment
3741,deployment
3742,intent
3743,intent
3744,deployment
3745,deployment
3746,intent
3747,deployment
3748,deployment
3749,intent
3750,deployment
3751,deployment
3752,intent
3753,intent
3754,other
3755,intent
3756,deployment
3757,boilerplate
3758,deployment
3759,boilerplate
3760,boilerplate
3761,boilerplate
3762,boilerplate
3763,boilerplate
3764,boilerplate
3765,boilerplate
3766,other
3767,boilerplate
3768,other
3769,boilerplate
3770,boilerplate
3771,deployment
3772,boilerplate
3773,boilerplate
3774,governance
3775,boilerplate
3776,boilerplate
3777,boilerplate
3778,boilerplate
3779,deployment
3780,deployment
3781,deployment
3782,deployment
3783,boilerplate
3784,boilerplate
3785,boilerplate
3786,deployment
3787,boilerplate
3788,intent
3789,intent
3790,boilerplate
3791,governance
3792,boilerplate
3793,intent
3794,deployment
3795,boilerplate
3796,boilerplate
3797,boilerplate
3798,deployment
3799,boilerplate
3800,governance
3801,deployment
3802,intent
3803,boilerplate
3804,boilerplate
3805,boilerplate
3806,boilerplate
3807,intent
3808,boilerplate
3809,boilerplate
3810,boilerplate
3811,boilerplate
3812,boilerplate
3813,intent
3814,boilerplate
3815,boilerplate
3816,boilerplate
3817,intent
3818,deployment
3819,deployment
3820,intent
3821,deployment
3822,deployment
3823,deployment
3824,governance
3825,governance
3826,boilerplate
3827,boilerplate
3828,governance
3829,governance
3830,boilerplate
3831,boilerplate
3832,governance
3833,governance
3834,governance
3835,governance
3836,governance
3837,governance
3838,boilerplate
3839,governance
3840,governance
3841,governance
3842,governance
3843,governance
3844,boilerplate
3845,governance
3846,governance
3847,governance
3848,governance
3849,deployment
3850,deployment
3851,deployment
3852,deployment
3853,deployment
3854,boilerplate
3855,deployment
3856,deployment
3857,deployment
3858,deployment
3859,deployment
3860,boilerplate
3861,boilerplate
3862,deployment
3863,deployment
3864,deployment
3865,boilerplate
3866,boilerplate
3867,boilerplate
3868,boilerplate
3869,deployment
3870,deployment
3871,deployment
3872,deployment
3873,deployment
3874,deployment
3875,deployment
3876,deployment
3877,deployment
3878,deployment
3879,deployment
3880,deployment
3881,deployment
3882,deployment
3883,deployment
3884,deployment
3885,deployment
3886,deployment
3887,deployment
3888,deployment
3889,deployment
3890,deployment
3891,boilerplate
3892,boilerplate
3893,other
3894,boilerplate
3895,deployment
3896,boilerplate
3897,boilerplate
3898,other
3899,boilerplate
3900,boilerplate
3901,boilerplate
3902,boilerplate
3903,other
3904,boilerplate
3905,boilerplate
3906,boilerplate
3907,governance
3908,governance
3909,governance
3910,governance
3911,governance
3912,governance
3913,boilerplate
3914,boilerplate
3915,boilerplate
3916,governance
3917,governance
3918,governance
3919,governance
3920,governance
3921,governance
3922,boilerplate
3923,boilerplate
3924,boilerplate
3925,boilerplate
3926,boilerplate
3927,boilerplate
3928,other
3929,boilerplate
3930,boilerplate
3931,other
3932,other
3933,boilerplate
3934,boilerplate
3935,boilerplate
3936,deployment
3937,deployment
3938,deployment
3939,deployment
3940,deployment
3941,intent
3942,boilerplate
3943,boilerplate
3944,boilerplate
3945,boilerplate
3946,boilerplate
3947,boilerplate
3948,boilerplate
3949,boilerplate
3950,boilerplate
3951,governance
3952,governance
3953,boilerplate
3954,boilerplate
3955,boilerplate
3956,boilerplate
3957,boilerplate
3958,boilerplate
3959,boilerplate
3960,boilerplate
3961,boilerplate
3962,governance
3963,governance
3964,boilerplate
3965,boilerplate
3966,boilerplate
3967,boilerplate
3968,boilerplate
3969,boilerplate
3970,boilerplate
3971,boilerplate
3972,boilerplate
3973,boilerplate
3974,boilerplate
3975,boilerplate
3976,boilerplate
3977,boilerplate
3978,boilerplate
3979,boilerplate
3980,governance
3981,boilerplate
3982,boilerplate
3983,boilerplate
3984,boilerplate
3985,boilerplate
3986,boilerplate
3987,boilerplate
3988,boilerplate
3989,boilerplate
3990,boilerplate
3991,deployment
3992,deployment
3993,deployment
3994,deployment
3995,deployment
3996,deployment
3997,deployment
3998,boilerplate
3999,other
4000,deployment
4001,governance
4002,boilerplate
4003,other
4004,other
4005,other
4006,governance
4007,other
4008,boilerplate
4009,other
4010,other
4011,other
4012,deployment
4013,other
4014,deployment
4015,other
4016,other
4017,intent
4018,intent
4019,other
4020,other
4021,other
4022,other
4023,intent
4024,boilerplate
4025,governance
4026,governance
4027,governance
4028,governance
4029,boilerplate
4030,boilerplate
4031,boilerplate
4032,boilerplate
4033,boilerplate
4034,governance
4035,boilerplate
4036,governance
4037,boilerplate
4038,intent
4039,boilerplate
4040,boilerplate
4041,boilerplate
4042,boilerplate
4043,boilerplate
4044,boilerplate
4045,boilerplate
4046,governance
4047,boilerplate
4048,boilerplate
4049,boilerplate
4050,boilerplate
4051,boilerplate
4052,boilerplate
4053,boilerplate
4054,deployment
4055,deployment
4056,deployment
4057,deployment
4058,other
4059,other
4060,other
4061,other
4062,other
4063,boilerplate
4064,boilerplate
4065,other
4066,other
4067,other
4068,boilerplate
4069,boilerplate
4070,other
4071,deployment
4072,deployment
4073,other
4074,other
4075,other
4076,other
4077,other
4078,deployment
4079,deployment
4080,deployment
4081,boilerplate
4082,boilerplate
4083,boilerplate
4084,boilerplate
4085,deployment
4086,boilerplate
4087,boilerplate
4088,boilerplate
4089,governance
4090,governance
4091,boilerplate
4092,other
4093,boilerplate
4094,boilerplate
4095,boilerplate
4096,boilerplate
4097,boilerplate
4098,boilerplate
4099,boilerplate
4100,boilerplate
4101,other
4102,boilerplate
4103,boilerplate
4104,boilerplate
4105,governance
4106,governance
4107,governance
4108,boilerplate
4109,intent
4110,boilerplate
4111,boilerplate
4112,governance
4113,governance
4114,boilerplate
4115,boilerplate
4116,boilerplate
4117,boilerplate
4118,governance
4119,boilerplate
4120,governance
4121,boilerplate
4122,other
4123,governance
4124,boilerplate
4125,deployment
4126,boilerplate
4127,boilerplate
4128,boilerplate
4129,governance
4130,boilerplate
4131,boilerplate
4132,governance
4133,boilerplate
4134,boilerplate
4135,deployment
4136,deployment
4137,deployment
4138,governance
4139,boilerplate
4140,boilerplate
4141,boilerplate
4142,boilerplate
4143,boilerplate
4144,governance
4145,governance
4146,governance
4147,boilerplate
4148,boilerplate
4149,boilerplate
4150,boilerplate
4151,governance
4152,governance
4153,governance
4154,governance
4155,governance
4156,governance
4157,governance
4158,governance
4159,governance
4160,governance
4161,governance
4162,boilerplate
4163,boilerplate
4164,boilerplate
4165,governance
4166,governance
4167,governance
4168,governance
4169,governance
4170,governance
4171,governance
4172,governance
4173,boilerplate
4174,boilerplate
4175,boilerplate
4176,boilerplate
4177,boilerplate
4178,boilerplate
4179,other
4180,governance
4181,governance
4182,governance
4183,deployment
4184,deployment
4185,other
4186,other
4187,boilerplate
4188,boilerplate
4189,boilerplate
4190,boilerplate
4191,deployment
4192,boilerplate
4193,other
4194,deployment
4195,deployment
4196,deployment
4197,deployment
4198,boilerplate
4199,boilerplate
4200,intent
4201,intent
4202,deployment
4203,deployment
4204,boilerplate
4205,boilerplate
4206,boilerplate
4207,other
4208,deployment
4209,deployment
4210,other
4211,intent
4212,deployment
4213,intent
4214,boilerplate
4215,boilerplate
4216,boilerplate
4217,boilerplate
4218,boilerplate
4219,boilerplate
4220,boilerplate
4221,boilerplate
4222,boilerplate
4223,governance
4224,governance
4225,governance
4226,governance
4227,governance
4228,boilerplate
4229,boilerplate
4230,intent
4231,intent
4232,intent
4233,intent
4234,deployment
4235,deployment
4236,intent
4237,intent
4238,boilerplate
4239,boilerplate
4240,boilerplate
4241,boilerplate
4242,boilerplate
4243,boilerplate
4244,boilerplate
4245,governance
4246,governance
4247,governance
4248,governance
4249,boilerplate
4250,boilerplate
4251,intent
4252,intent
4253,deployment
4254,deployment
4255,intent
4256,intent
4257,intent
4258,intent
4259,intent
4260,intent
4261,boilerplate
4262,boilerplate
4263,governance
4264,governance
4265,boilerplate
4266,governance
4267,intent
4268,intent
4269,intent
4270,intent
4271,intent
4272,intent
4273,intent
4274,intent
4275,boilerplate
4276,boilerplate
4277,boilerplate
4278,boilerplate
4279,intent
4280,intent
4281,intent
4282,boilerplate
4283,boilerplate
4284,boilerplate
4285,boilerplate
4286,boilerplate
4287,boilerplate
4288,governance
4289,boilerplate
4290,boilerplate
4291,boilerplate
4292,boilerplate
4293,intent
4294,other
4295,intent
4296,boilerplate
4297,boilerplate
4298,boilerplate
4299,boilerplate
4300,boilerplate
4301,boilerplate
4302,governance
4303,boilerplate
4304,boilerplate
4305,boilerplate
4306,boilerplate
4307,intent
4308,governance
4309,governance
4310,intent
4311,intent
4312,intent
4313,boilerplate
4314,boilerplate
4315,boilerplate
4316,governance
4317,boilerplate
4318,governance
4319,deployment
4320,boilerplate
4321,governance
4322,governance
4323,boilerplate
4324,governance
4325,boilerplate
4326,boilerplate
4327,boilerplate
4328,boilerplate
4329,boilerplate
4330,governance
4331,boilerplate
4332,boilerplate
4333,boilerplate
4334,boilerplate
4335,deployment
4336,boilerplate
4337,boilerplate
4338,boilerplate
4339,boilerplate
4340,governance
4341,boilerplate
4342,other
4343,boilerplate
4344,boilerplate
4345,other
4346,boilerplate
4347,governance
4348,boilerplate
4349,boilerplate
4350,boilerplate
4351,boilerplate
4352,boilerplate
4353,other
4354,boilerplate
4355,boilerplate
4356,boilerplate
4357,other
4358,other
4359,other
4360,other
4361,other
4362,other
4363,boilerplate
4364,boilerplate
4365,other
4366,other
4367,other
4368,deployment
4369,other
4370,boilerplate
4371,boilerplate
4372,governance
4373,deployment
4374,deployment
4375,other
4376,deployment
4377,intent
4378,intent
4379,deployment
4380,boilerplate
4381,boilerplate
4382,boilerplate
4383,boilerplate
4384,boilerplate
4385,boilerplate
4386,boilerplate
4387,other
4388,other
4389,other
4390,deployment
4391,deployment
4392,other
4393,deployment
4394,deployment
4395,deployment
4396,deployment
4397,intent
4398,intent
4399,deployment
4400,deployment
4401,deployment
4402,other
4403,boilerplate
4404,intent
4405,boilerplate
4406,other
4407,deployment
4408,other
4409,other
4410,other
4411,deployment
4412,other
4413,deployment
4414,deployment
4415,deployment
4416,deployment
4417,intent
4418,intent
4419,deployment
4420,intent
4421,other
4422,boilerplate
4423,intent
4424,boilerplate
4425,other
4426,other
4427,other
4428,deployment
4429,other
4430,deployment
4431,deployment
4432,deployment
4433,intent
4434,intent
4435,deployment
4436,deployment
4437,other
4438,other
4439,other
4440,intent
4441,intent
4442,intent
4443,deployment
4444,deployment
4445,other
4446,other
4447,deployment
4448,deployment
4449,deployment
4450,deployment
4451,intent
4452,intent
4453,intent
4454,boilerplate
4455,other
4456,deployment
4457,deployment
4458,deployment
4459,other
4460,deployment
4461,other
4462,deployment
4463,deployment
4464,deployment
4465,deployment
4466,boilerplate
4467,boilerplate
4468,boilerplate
4469,boilerplate
4470,boilerplate
4471,boilerplate
4472,boilerplate
4473,boilerplate
4474,boilerplate
4475,boilerplate
4476,boilerplate
4477,deployment
4478,boilerplate
4479,boilerplate
4480,boilerplate
4481,boilerplate
4482,boilerplate
4483,boilerplate
4484,boilerplate
4485,deployment
4486,deployment
4487,deployment
4488,boilerplate
4489,boilerplate
4490,boilerplate
4491,governance
4492,boilerplate
4493,boilerplate
4494,boilerplate
4495,boilerplate
4496,deployment
4497,deployment
4498,boilerplate
4499,deployment
4500,deployment
4501,deployment
4502,boilerplate
4503,boilerplate
4504,boilerplate
4505,boilerplate
4506,boilerplate
4507,boilerplate
4508,deployment
4509,deployment
4510,boilerplate
4511,boilerplate
4512,boilerplate
4513,boilerplate
4514,deployment
4515,boilerplate
4516,boilerplate
4517,boilerplate
4518,boilerplate
4519,boilerplate
4520,other
4521,boilerplate
4522,boilerplate
4523,boilerplate
4524,boilerplate
4525,boilerplate
4526,boilerplate
4527,intent
4528,deployment
4529,boilerplate
4530,intent
4531,boilerplate
4532,boilerplate
4533,intent
4534,boilerplate
4535,boilerplate
4536,deployment
4537,intent
4538,boilerplate
4539,boilerplate
4540,boilerplate
4541,boilerplate
4542,boilerplate
4543,other
4544,boilerplate
4545,boilerplate
4546,boilerplate
4547,governance
4548,boilerplate
4549,boilerplate
4550,boilerplate
4551,boilerplate
4552,boilerplate
4553,boilerplate
4554,boilerplate
4555,boilerplate
4556,boilerplate
4557,boilerplate
4558,boilerplate
4559,boilerplate
4560,boilerplate
4561,boilerplate
4562,boilerplate
4563,other
4564,governance
4565,boilerplate
4566,deployment
4567,deployment
4568,boilerplate
4569,boilerplate
4570,governance
4571,other
4572,other
4573,deployment
4574,deployment
4575,deployment
4576,boilerplate
4577,boilerplate
4578,boilerplate
4579,deployment
4580,boilerplate
4581,governance
4582,other
4583,other
4584,deployment
4585,deployment
4586,boilerplate
4587,deployment
4588,other
4589,boilerplate
4590,boilerplate
4591,other
4592,other
4593,deployment
4594,boilerplate
4595,other
4596,other
4597,other
4598,other
4599,other
4600,intent
4601,other
4602,deployment
4603,other
4604,other
4605,deployment
4606,deployment
4607,deployment
4608,other
4609,other
4610,deployment
4611,boilerplate
4612,boilerplate
4613,boilerplate
4614,boilerplate
4615,boilerplate
4616,boilerplate
4617,boilerplate
4618,boilerplate
4619,boilerplate
4620,boilerplate
4621,boilerplate
4622,deployment
4623,deployment
4624,deployment
4625,boilerplate
4626,boilerplate
4627,boilerplate
4628,boilerplate
4629,boilerplate
4630,boilerplate
4631,boilerplate
4632,boilerplate
4633,boilerplate
4634,boilerplate
4635,boilerplate
4636,boilerplate
4637,boilerplate
4638,boilerplate
4639,boilerplate
4640,boilerplate
4641,boilerplate
4642,boilerplate
4643,deployment
4644,boilerplate
4645,boilerplate
4646,boilerplate
4647,boilerplate
4648,deployment
4649,deployment
4650,deployment
4651,deployment
4652,boilerplate
4653,boilerplate
4654,boilerplate
4655,boilerplate
4656,boilerplate
4657,boilerplate
4658,boilerplate
4659,boilerplate
4660,deployment
4661,deployment
4662,deployment
4663,deployment
4664,deployment
4665,boilerplate
4666,boilerplate
4667,boilerplate
4668,boilerplate
4669,boilerplate
4670,boilerplate
4671,boilerplate
4672,boilerplate
4673,boilerplate
4674,boilerplate
4675,boilerplate
4676,other
4677,boilerplate
4678,governance
4679,deployment
4680,deployment
4681,governance
4682,intent
4683,boilerplate
4684,boilerplate
4685,other
4686,boilerplate
4687,deployment
4688,deployment
4689,governance
4690,deployment
4691,deployment
4692,governance
4693,intent
4694,boilerplate
4695,boilerplate
4696,other
4697,boilerplate
4698,deployment
4699,deployment
4700,deployment
4701,deployment
4702,governance
4703,intent
4704,boilerplate
4705,boilerplate
4706,deployment
4707,deployment
4708,deployment
4709,boilerplate
4710,boilerplate
4711,boilerplate
4712,governance
4713,boilerplate
4714,boilerplate
4715,boilerplate
4716,governance
4717,boilerplate
4718,boilerplate
4719,boilerplate
4720,boilerplate
4721,boilerplate
4722,boilerplate
4723,boilerplate
4724,boilerplate
4725,boilerplate
4726,boilerplate
4727,boilerplate
4728,boilerplate
4729,boilerplate
4730,boilerplate
4731,boilerplate
4732,governance
4733,governance
4734,governance
4735,governance
4736,governance
4737,governance
4738,deployment
4739,deployment
4740,other
4741,other
4742,boilerplate
4743,other
4744,boilerplate
4745,boilerplate
4746,boilerplate
4747,deployment
4748,deployment
4749,boilerplate
4750,boilerplate
4751,boilerplate
4752,boilerplate
4753,other
4754,deployment
4755,deployment
4756,deployment
4757,deployment
4758,boilerplate
4759,boilerplate
4760,boilerplate
4761,other
4762,deployment
4763,deployment
4764,deployment
4765,deployment
4766,deployment
4767,boilerplate
4768,boilerplate
4769,boilerplate
4770,other
4771,deployment
4772,deployment
4773,deployment
4774,deployment
4775,deployment
4776,boilerplate
4777,boilerplate
4778,other
4779,intent
4780,boilerplate
4781,deployment
4782,deployment
4783,other
4784,governance
4785,boilerplate
4786,boilerplate
4787,boilerplate
4788,governance
4789,governance
4790,boilerplate
4791,boilerplate
4792,boilerplate
4793,boilerplate
4794,other
4795,other
4796,deployment
4797,other
4798,deployment
4799,intent
4800,boilerplate
4801,boilerplate
4802,governance
4803,boilerplate
4804,boilerplate
4805,governance
4806,boilerplate
4807,boilerplate
4808,boilerplate
4809,boilerplate
4810,boilerplate
4811,boilerplate
4812,boilerplate
4813,boilerplate
4814,governance
4815,boilerplate
4816,boilerplate
4817,boilerplate
4818,boilerplate
4819,boilerplate
4820,boilerplate
4821,boilerplate
4822,governance
4823,boilerplate
4824,deployment
4825,deployment
4826,deployment
4827,deployment
4828,deployment
4829,deployment
4830,deployment
4831,deployment
4832,deployment
4833,deployment
4834,deployment
4835,deployment
4836,deployment
4837,deployment
4838,deployment
4839,deployment
4840,deployment
4841,deployment
4842,deployment
4843,deployment
4844,deployment
4845,deployment
4846,boilerplate
4847,boilerplate
4848,boilerplate
4849,boilerplate
4850,boilerplate
4851,boilerplate
4852,boilerplate
4853,other
4854,boilerplate
4855,boilerplate
4856,boilerplate
4857,boilerplate
4858,boilerplate
4859,boilerplate
4860,boilerplate
4861,boilerplate
4862,boilerplate
4863,boilerplate
4864,boilerplate
4865,boilerplate
4866,boilerplate
4867,boilerplate
4868,governance
4869,intent
4870,intent
4871,deployment
4872,deployment
4873,boilerplate
4874,governance
4875,intent
4876,intent
4877,deployment
4878,deployment
4879,other
4880,boilerplate
4881,boilerplate
4882,boilerplate
4883,boilerplate
4884,governance
4885,governance
4886,other
4887,deployment
4888,deployment
4889,deployment
4890,intent
4891,other
4892,boilerplate
4893,boilerplate
4894,boilerplate
4895,boilerplate
4896,boilerplate
4897,other
4898,intent
4899,deployment
4900,deployment
4901,deployment
4902,other
4903,intent
4904,boilerplate
4905,boilerplate
4906,other
4907,intent
4908,deployment
4909,deployment
4910,deployment
4911,other
4912,other
4913,intent
4914,other
4915,other
4916,deployment
4917,deployment
4918,other
4919,deployment
4920,deployment
4921,boilerplate
4922,boilerplate
4923,governance
4924,governance
4925,boilerplate
4926,boilerplate
4927,deployment
4928,governance
4929,governance
4930,governance
4931,governance
4932,governance
4933,governance
4934,governance
4935,deployment
4936,deployment
4937,deployment
4938,governance
4939,governance
4940,boilerplate
4941,boilerplate
4942,boilerplate
4943,governance
4944,governance
4945,governance
4946,boilerplate
4947,deployment
4948,governance
4949,governance
4950,governance
4951,boilerplate
4952,boilerplate
4953,boilerplate
4954,boilerplate
4955,boilerplate
4956,deployment
4957,governance
4958,boilerplate
4959,governance
4960,other
4961,boilerplate
4962,boilerplate
4963,boilerplate
4964,other
4965,boilerplate
4966,boilerplate
4967,boilerplate
4968,boilerplate
4969,boilerplate
4970,boilerplate
4971,boilerplate
4972,boilerplate
4973,governance
4974,governance
4975,deployment
4976,other
4977,deployment
4978,governance
4979,boilerplate
4980,boilerplate
4981,boilerplate
4982,boilerplate
4983,boilerplate
4984,governance
4985,governance
4986,governance
4987,governance
4988,governance
4989,deployment
4990,governance
4991,deployment
4992,boilerplate
4993,boilerplate
4994,boilerplate
4995,boilerplate
4996,deployment
4997,boilerplate
4998,boilerplate
4999,deployment
5000,deployment
5001,boilerplate
5002,boilerplate
5003,boilerplate
5004,deployment
5005,deployment
5006,deployment
5007,deployment
5008,boilerplate
5009,boilerplate
5010,deployment
5011,deployment
5012,deployment
5013,deployment
5014,deployment
5015,deployment
5016,boilerplate
5017,boilerplate
5018,deployment
5019,deployment
5020,boilerplate
5021,deployment
5022,deployment
5023,deployment
5024,deployment
5025,deployment
5026,other
5027,deployment
5028,deployment
5029,deployment
5030,other
5031,deployment
5032,deployment
5033,deployment
5034,deployment
5035,intent
5036,intent
5037,boilerplate
5038,boilerplate
5039,other
5040,boilerplate
5041,boilerplate
5042,governance
5043,other
5044,other
5045,other
5046,boilerplate
5047,governance
5048,other
5049,other
5050,other
5051,other
5052,deployment
5053,deployment
5054,boilerplate
5055,boilerplate
5056,boilerplate
5057,boilerplate
5058,boilerplate
5059,other
5060,other
5061,deployment
5062,deployment
5063,boilerplate
5064,boilerplate
5065,boilerplate
5066,boilerplate
5067,boilerplate
5068,other
5069,other
5070,deployment
5071,deployment
5072,boilerplate
5073,boilerplate
5074,deployment
5075,deployment
5076,boilerplate
5077,boilerplate
5078,boilerplate
5079,boilerplate
5080,boilerplate
5081,deployment
5082,deployment
5083,deployment
5084,boilerplate
5085,boilerplate
5086,boilerplate
5087,boilerplate
5088,boilerplate
5089,boilerplate
5090,deployment
5091,deployment
5092,deployment
5093,deployment
5094,deployment
5095,deployment
5096,boilerplate
5097,boilerplate
5098,boilerplate
5099,deployment
5100,deployment
5101,deployment
5102,deployment
5103,deployment
5104,deployment
5105,deployment
5106,deployment
5107,deployment
5108,deployment
5109,deployment
5110,other
5111,deployment
5112,deployment
5113,deployment
5114,deployment
5115,deployment
5116,deployment
5117,deployment
5118,deployment
5119,deployment
5120,governance
5121,boilerplate
5122,governance
5123,boilerplate
5124,governance
5125,boilerplate
5126,boilerplate
5127,deployment
5128,boilerplate
5129,boilerplate
5130,boilerplate
5131,boilerplate
5132,boilerplate
5133,deployment
5134,boilerplate
5135,boilerplate
5136,boilerplate
5137,boilerplate
5138,boilerplate
5139,deployment
5140,boilerplate
5141,boilerplate
5142,governance
5143,governance
5144,governance
5145,other
5146,other
5147,boilerplate
5148,boilerplate
5149,boilerplate
5150,boilerplate
5151,boilerplate
5152,boilerplate
5153,boilerplate
5154,governance
5155,governance
5156,governance
5157,deployment
5158,boilerplate
5159,boilerplate
5160,boilerplate
5161,governance
5162,governance
5163,governance
5164,other
5165,other
5166,boilerplate
5167,boilerplate
5168,boilerplate
5169,boilerplate
5170,boilerplate
5171,boilerplate
5172,boilerplate
5173,boilerplate
5174,boilerplate
5175,boilerplate
5176,boilerplate
5177,boilerplate
5178,boilerplate
5179,boilerplate
5180,boilerplate
5181,boilerplate
5182,boilerplate
5183,boilerplate
5184,boilerplate
5185,boilerplate
5186,boilerplate
5187,governance
5188,governance
5189,governance
5190,deployment
5191,boilerplate
5192,boilerplate
5193,boilerplate
5194,boilerplate
5195,boilerplate
5196,boilerplate
5197,boilerplate
5198,boilerplate
5199,governance
5200,boilerplate
5201,boilerplate
5202,governance
5203,governance
5204,governance
5205,boilerplate
5206,boilerplate
5207,boilerplate
5208,governance
5209,intent
5210,boilerplate
5211,boilerplate
5212,governance
5213,boilerplate
5214,boilerplate
5215,boilerplate
5216,boilerplate
5217,governance
5218,boilerplate
5219,boilerplate
5220,boilerplate
5221,boilerplate
5222,intent
5223,boilerplate
5224,boilerplate
5225,governance
5226,boilerplate
5227,intent
5228,deployment
5229,deployment
5230,deployment
5231,deployment
5232,deployment
5233,deployment
5234,deployment
5235,boilerplate
5236,boilerplate
5237,boilerplate
5238,deployment
5239,boilerplate
5240,boilerplate
5241,boilerplate
5242,boilerplate
5243,deployment
5244,boilerplate
5245,other
5246,deployment
5247,deployment
5248,other
5249,deployment
5250,deployment
5251,other
5252,deployment
5253,deployment
5254,other
5255,other
5256,deployment
5257,deployment
5258,deployment
5259,deployment
5260,deployment
5261,deployment
5262,deployment
5263,deployment
5264,deployment
5265,deployment
5266,deployment
5267,deployment
5268,deployment
5269,deployment
5270,deployment
5271,deployment
5272,boilerplate
5273,boilerplate
5274,boilerplate
5275,boilerplate
5276,boilerplate
5277,boilerplate
5278,boilerplate
5279,governance
5280,boilerplate
5281,boilerplate
5282,boilerplate
5283,boilerplate
5284,boilerplate
5285,boilerplate
5286,boilerplate
5287,boilerplate
5288,boilerplate
5289,boilerplate
5290,boilerplate
5291,boilerplate
5292,boilerplate
5293,boilerplate
5294,boilerplate
5295,boilerplate
5296,boilerplate
5297,boilerplate
5298,boilerplate
5299,boilerplate
5300,boilerplate
5301,boilerplate
5302,boilerplate
5303,boilerplate
5304,boilerplate
5305,other
5306,deployment
5307,boilerplate
5308,boilerplate
5309,boilerplate
5310,boilerplate
5311,boilerplate
5312,boilerplate
5313,boilerplate
5314,boilerplate
5315,boilerplate
5316,boilerplate
5317,governance
5318,governance
5319,boilerplate
5320,governance
5321,governance
5322,governance
5323,boilerplate
5324,boilerplate
5325,boilerplate
5326,boilerplate
5327,boilerplate
5328,boilerplate
5329,boilerplate
5330,boilerplate
5331,boilerplate
5332,boilerplate
5333,boilerplate
5334,boilerplate
5335,boilerplate
5336,boilerplate
5337,governance
5338,governance
5339,governance
5340,boilerplate
5341,boilerplate
5342,boilerplate
5343,boilerplate
5344,boilerplate
5345,boilerplate
5346,boilerplate
5347,boilerplate
5348,governance
5349,governance
5350,governance
5351,governance
5352,boilerplate
5353,boilerplate
5354,boilerplate
5355,other
5356,boilerplate
5357,other
5358,boilerplate
5359,boilerplate
5360,other
5361,other
5362,deployment
5363,other
5364,other
5365,other
5366,boilerplate
5367,boilerplate
5368,boilerplate
5369,boilerplate
5370,boilerplate
5371,boilerplate
5372,deployment
5373,deployment
5374,deployment
5375,deployment
5376,boilerplate
5377,boilerplate
5378,boilerplate
5379,boilerplate
5380,boilerplate
5381,boilerplate
5382,boilerplate
5383,boilerplate
5384,boilerplate
5385,boilerplate
5386,boilerplate
5387,boilerplate
5388,boilerplate
5389,boilerplate
5390,boilerplate
5391,boilerplate
5392,boilerplate
5393,other
5394,other
5395,other
5396,boilerplate
5397,boilerplate
5398,deployment
5399,other
5400,boilerplate
5401,boilerplate
5402,deployment
5403,boilerplate
5404,boilerplate
5405,boilerplate
5406,boilerplate
5407,deployment
5408,boilerplate
5409,boilerplate
5410,boilerplate
5411,governance
5412,boilerplate
5413,boilerplate
5414,deployment
5415,boilerplate
5416,boilerplate
5417,governance
5418,intent
5419,intent
5420,deployment
5421,deployment
5422,intent
5423,deployment
5424,deployment
5425,deployment
5426,deployment
5427,other
5428,other
5429,boilerplate
5430,boilerplate
5431,other
5432,other
5433,other
5434,other
5435,boilerplate
5436,boilerplate
5437,boilerplate
5438,other
5439,other
5440,boilerplate
5441,boilerplate
5442,boilerplate
5443,boilerplate
5444,boilerplate
5445,boilerplate
5446,boilerplate
5447,boilerplate
5448,boilerplate
5449,boilerplate
5450,boilerplate
5451,boilerplate
5452,deployment
5453,deployment
5454,deployment
5455,deployment
5456,boilerplate
5457,governance
5458,boilerplate
5459,boilerplate
5460,deployment
5461,deployment
5462,deployment
5463,boilerplate
5464,boilerplate
5465,deployment
5466,deployment
5467,deployment
5468,boilerplate
5469,boilerplate
5470,boilerplate
5471,governance
5472,other
5473,deployment
5474,boilerplate
5475,boilerplate
5476,deployment
5477,deployment
5478,boilerplate
5479,boilerplate
5480,boilerplate
5481,boilerplate
5482,deployment
5483,deployment
5484,deployment
5485,deployment
5486,boilerplate
5487,boilerplate
5488,boilerplate
5489,boilerplate
5490,boilerplate
5491,boilerplate
5492,boilerplate
5493,boilerplate
5494,boilerplate
5495,boilerplate
5496,boilerplate
5497,boilerplate
5498,boilerplate
5499,boilerplate
5500,boilerplate
5501,boilerplate
5502,boilerplate
5503,boilerplate
5504,boilerplate
5505,boilerplate
5506,boilerplate
5507,intent
5508,other
5509,boilerplate
5510,boilerplate
5511,boilerplate
5512,intent
5513,intent
5514,other
5515,boilerplate
5516,boilerplate
5517,other
5518,boilerplate
5519,boilerplate
5520,other
5521,boilerplate
5522,other
5523,governance
5524,boilerplate
5525,boilerplate
5526,other
5527,boilerplate
5528,governance
5529,boilerplate
5530,boilerplate
5531,boilerplate
5532,governance
5533,boilerplate
5534,other
5535,other
5536,boilerplate
5537,boilerplate
5538,boilerplate
5539,deployment
5540,deployment
5541,other
5542,other
5543,boilerplate
5544,boilerplate
5545,boilerplate
5546,deployment
5547,deployment
5548,boilerplate
5549,boilerplate
5550,boilerplate
5551,boilerplate
5552,boilerplate
5553,boilerplate
5554,boilerplate
5555,deployment
5556,boilerplate
5557,other
5558,other
5559,other
5560,boilerplate
5561,boilerplate
5562,other
5563,deployment
5564,other
5565,boilerplate
5566,other
5567,other
5568,other
5569,boilerplate
5570,boilerplate
5571,boilerplate
5572,boilerplate
5573,boilerplate
5574,boilerplate
5575,boilerplate
5576,boilerplate
5577,governance
5578,boilerplate
5579,boilerplate
5580,governance
5581,boilerplate
5582,boilerplate
5583,boilerplate
5584,boilerplate
5585,boilerplate
5586,boilerplate
5587,boilerplate
5588,boilerplate
5589,governance
5590,deployment
5591,other
5592,other
5593,boilerplate
5594,boilerplate
5595,boilerplate
5596,boilerplate
5597,governance
5598,governance
5599,other
5600,other
5601,boilerplate
5602,boilerplate
5603,boilerplate
5604,boilerplate
5605,governance
5606,governance
5607,boilerplate
5608,boilerplate
5609,boilerplate
5610,boilerplate
5611,boilerplate
5612,boilerplate
5613,boilerplate
5614,boilerplate
5615,boilerplate
5616,boilerplate
5617,boilerplate
5618,boilerplate
5619,boilerplate
5620,other
5621,other
5622,deployment
5623,boilerplate
5624,boilerplate
5625,other
5626,boilerplate
5627,boilerplate
5628,other
5629,deployment
5630,other
5631,boilerplate
5632,boilerplate
5633,other
5634,deployment
5635,boilerplate
5636,boilerplate
5637,other
5638,deployment
5639,other
5640,deployment
5641,boilerplate
5642,boilerplate
5643,governance
5644,governance
5645,deployment
5646,governance
5647,governance
5648,boilerplate
5649,governance
5650,governance
5651,deployment
5652,governance
5653,governance
5654,boilerplate
5655,governance
5656,governance
5657,deployment
5658,deployment
5659,governance
5660,governance
5661,boilerplate
5662,boilerplate
5663,deployment
5664,deployment
5665,deployment
5666,governance
5667,governance
5668,governance
5669,boilerplate
5670,governance
5671,boilerplate
5672,boilerplate
5673,boilerplate
5674,deployment
5675,deployment
5676,deployment
5677,deployment
5678,deployment
5679,deployment
5680,governance
5681,governance
5682,boilerplate
5683,boilerplate
5684,governance
5685,boilerplate
5686,boilerplate
5687,boilerplate
5688,deployment
5689,deployment
5690,boilerplate
5691,boilerplate
5692,boilerplate
5693,boilerplate
5694,boilerplate
5695,deployment
5696,boilerplate
5697,boilerplate
5698,boilerplate
5699,boilerplate
5700,deployment
5701,deployment
5702,boilerplate
5703,boilerplate
5704,boilerplate
5705,boilerplate
5706,boilerplate
5707,boilerplate
5708,boilerplate
5709,governance
5710,boilerplate
5711,boilerplate
5712,boilerplate
5713,boilerplate
5714,boilerplate
5715,governance
5716,boilerplate
5717,boilerplate
5718,boilerplate
5719,boilerplate
5720,boilerplate
5721,boilerplate
5722,intent
5723,boilerplate
5724,boilerplate
5725,intent
5726,boilerplate
5727,boilerplate
5728,boilerplate
5729,boilerplate
5730,intent
5731,boilerplate
5732,boilerplate
5733,boilerplate
5734,deployment
5735,deployment
5736,boilerplate
5737,boilerplate
5738,deployment
5739,intent
5740,governance
5741,governance
5742,governance
5743,deployment
5744,boilerplate
5745,boilerplate
5746,deployment
5747,intent
5748,governance
5749,governance
5750,boilerplate
5751,deployment
5752,deployment
5753,deployment
5754,intent
5755,boilerplate
5756,deployment
5757,deployment
5758,deployment
5759,intent
5760,other
5761,intent
5762,intent
5763,other
5764,deployment
5765,other
5766,deployment
5767,deployment
5768,boilerplate
5769,boilerplate
5770,deployment
5771,deployment
5772,boilerplate
5773,boilerplate
5774,other
5775,deployment
5776,boilerplate
5777,deployment
5778,boilerplate
5779,governance
5780,governance
5781,boilerplate
5782,boilerplate
5783,boilerplate
5784,boilerplate
5785,deployment
5786,boilerplate
5787,intent
5788,boilerplate
5789,deployment
5790,boilerplate
5791,governance
5792,boilerplate
5793,boilerplate
5794,deployment
5795,other
5796,other
5797,boilerplate
5798,boilerplate
5799,other
5800,deployment
5801,boilerplate
5802,deployment
5803,governance
5804,boilerplate
5805,governance
5806,governance
5807,boilerplate
5808,boilerplate
5809,boilerplate
5810,boilerplate
5811,deployment
5812,boilerplate
5813,intent
5814,intent
5815,other
5816,deployment
5817,governance
5818,boilerplate
5819,boilerplate
5820,boilerplate
5821,deployment
5822,other
5823,other
5824,boilerplate
5825,deployment
5826,deployment
5827,boilerplate
5828,deployment
5829,governance
5830,boilerplate
5831,boilerplate
5832,boilerplate
5833,deployment
5834,boilerplate
5835,intent
5836,deployment
5837,governance
5838,boilerplate
5839,boilerplate
5840,boilerplate
5841,deployment
5842,other
5843,other
5844,other
5845,other
5846,boilerplate
5847,boilerplate
5848,deployment
5849,deployment
5850,boilerplate
5851,intent
5852,deployment
5853,governance
5854,boilerplate
5855,boilerplate
5856,intent
5857,boilerplate
5858,boilerplate
5859,deployment
5860,deployment
5861,governance
5862,deployment
5863,intent
5864,intent
5865,other
5866,other
5867,other
5868,other
5869,deployment
5870,deployment
5871,deployment
5872,other
5873,intent
5874,governance
5875,boilerplate
5876,boilerplate
5877,other
5878,deployment
5879,governance
5880,other
5881,other
5882,other
5883,other
5884,deployment
5885,deployment
5886,intent
5887,boilerplate
5888,boilerplate
5889,boilerplate
5890,governance
5891,other
5892,other
5893,other
5894,other
5895,deployment
5896,other
5897,deployment
5898,intent
5899,deployment
5900,other
5901,other
5902,other
5903,other
5904,intent
5905,intent
5906,governance
5907,governance
5908,boilerplate
5909,governance
5910,governance
5911,boilerplate
5912,governance
5913,governance
5914,governance
5915,boilerplate
5916,boilerplate
5917,boilerplate
5918,intent
5919,boilerplate
5920,boilerplate
5921,boilerplate
5922,boilerplate
5923,boilerplate
5924,boilerplate
5925,boilerplate
5926,governance
5927,other
5928,deployment
5929,boilerplate
5930,deployment
5931,boilerplate
5932,other
5933,boilerplate
5934,boilerplate
5935,boilerplate
5936,boilerplate
5937,boilerplate
5938,boilerplate
5939,other
5940,other
5941,other
5942,other
5943,other
5944,other
5945,other
5946,other
5947,deployment
5948,deployment
5949,deployment
5950,other
5951,other
5952,other
5953,deployment
5954,deployment
5955,boilerplate
5956,other
5957,other
5958,other
5959,other
5960,other
5961,other
5962,other
5963,other
5964,other
5965,other
5966,deployment
5967,deployment
5968,other
5969,other
5970,other
5971,deployment
5972,other
5973,other
5974,other
5975,other
5976,other
5977,other
5978,other
5979,other
5980,other
5981,other
5982,other
5983,other
5984,other
5985,other
5986,other
5987,other
5988,other
5989,other
5990,other
5991,deployment
5992,other
5993,other
5994,other
5995,other
5996,boilerplate
5997,intent
5998,boilerplate
5999,boilerplate
6000,boilerplate
6001,boilerplate
6002,boilerplate
6003,boilerplate
6004,boilerplate
6005,boilerplate
6006,boilerplate
6007,boilerplate
6008,deployment
6009,deployment
6010,deployment
6011,boilerplate
6012,intent
6013,deployment
6014,deployment
6015,boilerplate
6016,intent
6017,intent
6018,boilerplate
6019,boilerplate
6020,boilerplate
6021,boilerplate
6022,deployment
6023,deployment
6024,deployment
6025,intent
6026,deployment
6027,other
6028,intent
6029,intent
6030,boilerplate
6031,boilerplate
6032,deployment
6033,other
6034,deployment
6035,deployment
6036,deployment
6037,deployment
6038,deployment
6039,intent
6040,intent
6041,deployment
6042,other
6043,deployment
6044,deployment
6045,deployment
6046,deployment
6047,deployment
6048,intent
6049,intent
6050,deployment
6051,deployment
6052,other
6053,deployment
6054,deployment
6055,intent
6056,intent
6057,deployment
6058,other
6059,deployment
6060,deployment
6061,intent
6062,intent
6063,deployment
6064,deployment
6065,other
6066,deployment
6067,deployment
6068,intent
6069,deployment
6070,deployment
6071,boilerplate
6072,boilerplate
6073,boilerplate
6074,boilerplate
6075,boilerplate
6076,intent
6077,intent
6078,deployment
6079,deployment
6080,deployment
6081,deployment
6082,boilerplate
6083,boilerplate
6084,governance
6085,governance
6086,intent
6087,deployment
6088,deployment
6089,deployment
6090,deployment
6091,boilerplate
6092,intent
6093,deployment
6094,deployment
6095,deployment
6096,deployment
6097,deployment
6098,deployment
6099,deployment
6100,intent
6101,intent
6102,intent
6103,deployment
6104,deployment
6105,intent
6106,intent
6107,intent
6108,deployment
6109,deployment
6110,intent
6111,intent
6112,intent
6113,deployment
6114,deployment
6115,intent
6116,deployment
6117,deployment
6118,intent
6119,boilerplate
6120,boilerplate
6121,boilerplate
6122,boilerplate
6123,boilerplate
6124,governance
6125,boilerplate
6126,boilerplate
6127,boilerplate
6128,boilerplate
6129,boilerplate
6130,governance
6131,boilerplate
6132,boilerplate
6133,boilerplate
6134,boilerplate
6135,boilerplate
6136,boilerplate
6137,boilerplate
6138,boilerplate
6139,boilerplate
6140,boilerplate
6141,governance
6142,boilerplate
6143,boilerplate
6144,boilerplate
6145,boilerplate
6146,boilerplate
6147,boilerplate
6148,boilerplate
6149,boilerplate
6150,boilerplate
6151,boilerplate
6152,other
6153,governance
6154,other
6155,boilerplate
6156,boilerplate
6157,boilerplate
6158,boilerplate
6159,governance
6160,other
6161,boilerplate
6162,governance
6163,other
6164,boilerplate
6165,other
6166,boilerplate
6167,governance
6168,boilerplate
6169,boilerplate
6170,other
6171,boilerplate
6172,governance
6173,boilerplate
6174,governance
6175,other
6176,boilerplate
6177,boilerplate
6178,other
6179,boilerplate
6180,boilerplate
6181,boilerplate
6182,boilerplate
6183,boilerplate
6184,boilerplate
6185,boilerplate
6186,boilerplate
6187,boilerplate
6188,boilerplate
6189,boilerplate
6190,boilerplate
6191,boilerplate
6192,boilerplate
6193,boilerplate
6194,boilerplate
6195,boilerplate
6196,boilerplate
6197,boilerplate
6198,boilerplate
6199,boilerplate
6200,boilerplate
6201,boilerplate
6202,boilerplate
6203,boilerplate
6204,boilerplate
6205,boilerplate
6206,boilerplate
6207,boilerplate
6208,boilerplate
6209,boilerplate
6210,boilerplate
6211,boilerplate
6212,boilerplate
6213,boilerplate
6214,boilerplate
6215,boilerplate
6216,boilerplate
6217,boilerplate
6218,boilerplate
6219,boilerplate
6220,deployment
6221,deployment
6222,deployment
6223,deployment
6224,deployment
6225,governance
6226,deployment
6227,deployment
6228,deployment
6229,deployment
6230,deployment
6231,governance
6232,deployment
6233,deployment
6234,deployment
6235,governance
6236,other
6237,governance
6238,governance
6239,governance
6240,boilerplate
6241,deployment
6242,deployment
6243,governance
6244,deployment
6245,boilerplate
6246,governance
6247,governance
6248,intent
6249,deployment
6250,deployment
6251,boilerplate
6252,governance
6253,governance
6254,intent
6255,intent
6256,deployment
6257,deployment
6258,boilerplate
6259,deployment
6260,deployment
6261,deployment
6262,deployment
6263,boilerplate
6264,deployment
6265,deployment
6266,deployment
6267,deployment
6268,deployment
6269,intent
6270,boilerplate
6271,deployment
6272,deployment
6273,deployment
6274,deployment
6275,deployment
6276,intent
6277,deployment
6278,deployment
6279,deployment
6280,intent
6281,intent
6282,deployment
6283,deployment
6284,deployment
6285,deployment
6286,deployment
6287,deployment
6288,other
6289,other
6290,deployment
6291,deployment
6292,governance
6293,deployment
6294,boilerplate
6295,boilerplate
6296,boilerplate
6297,boilerplate
6298,boilerplate
6299,boilerplate
6300,boilerplate
6301,other
6302,intent
6303,other
6304,other
6305,other
6306,other
6307,deployment
6308,deployment
6309,deployment
6310,deployment
6311,deployment
6312,deployment
6313,boilerplate
6314,boilerplate
6315,boilerplate
6316,deployment
6317,deployment
6318,deployment
6319,boilerplate
6320,intent
6321,boilerplate
6322,boilerplate
6323,boilerplate
6324,boilerplate
6325,boilerplate
6326,intent
6327,other
6328,other
6329,intent
6330,intent
6331,other
6332,other
6333,deployment
6334,deployment
6335,other
6336,deployment
6337,deployment
6338,deployment
6339,deployment
6340,other
6341,other
6342,boilerplate
6343,deployment
6344,deployment
6345,deployment
6346,other
6347,other
6348,deployment
6349,other
6350,deployment
6351,other
6352,other
6353,deployment
6354,other
6355,other
6356,other
6357,boilerplate
6358,boilerplate
6359,boilerplate
6360,deployment
6361,deployment
6362,deployment
6363,deployment
6364,other
6365,other
6366,other
6367,other
6368,boilerplate
6369,other
6370,boilerplate
6371,boilerplate
6372,boilerplate
6373,boilerplate
6374,other
6375,boilerplate
6376,other
6377,intent
6378,boilerplate
6379,boilerplate
6380,boilerplate
6381,other
6382,other
6383,boilerplate
6384,boilerplate
6385,boilerplate
6386,boilerplate
6387,boilerplate
6388,boilerplate
6389,boilerplate
6390,boilerplate
6391,boilerplate
6392,deployment
6393,deployment
6394,deployment
6395,boilerplate
6396,boilerplate
6397,boilerplate
6398,governance
6399,deployment
6400,deployment
6401,deployment
6402,deployment
6403,deployment
6404,deployment
6405,deployment
6406,other
6407,boilerplate
6408,deployment
6409,deployment
6410,deployment
6411,deployment
6412,other
6413,boilerplate
6414,deployment
6415,other
6416,deployment
6417,deployment
6418,other
6419,boilerplate
6420,boilerplate
6421,other
6422,other
6423,other
6424,deployment
6425,deployment
6426,boilerplate
6427,boilerplate
6428,boilerplate
6429,boilerplate
6430,boilerplate
6431,boilerplate
6432,boilerplate
6433,boilerplate
6434,governance
6435,boilerplate
6436,boilerplate
6437,boilerplate
6438,boilerplate
6439,boilerplate
6440,other
6441,boilerplate
6442,other
6443,boilerplate
6444,other
6445,other
6446,other
6447,boilerplate
6448,other
6449,other
6450,deployment
6451,other
6452,boilerplate
6453,boilerplate
6454,other
6455,other
6456,deployment
6457,deployment
6458,other
6459,boilerplate
6460,other
6461,boilerplate
6462,other
6463,other
6464,other
6465,boilerplate
6466,other
6467,other
6468,deployment
6469,other
6470,boilerplate
6471,boilerplate
6472,other
6473,other
6474,deployment
6475,deployment
6476,deployment
6477,other
6478,other
6479,intent
6480,boilerplate
6481,boilerplate
6482,boilerplate
6483,boilerplate
6484,boilerplate
6485,boilerplate
6486,boilerplate
6487,boilerplate
6488,boilerplate
6489,boilerplate
6490,boilerplate
6491,boilerplate
6492,boilerplate
6493,boilerplate
6494,boilerplate
6495,boilerplate
6496,boilerplate
6497,boilerplate
6498,boilerplate
6499,boilerplate
6500,deployment
6501,governance
6502,boilerplate
6503,boilerplate
6504,governance
6505,boilerplate
6506,boilerplate
6507,deployment
6508,boilerplate
6509,boilerplate
6510,boilerplate
6511,boilerplate
6512,boilerplate
6513,boilerplate
6514,boilerplate
6515,boilerplate
6516,boilerplate
6517,boilerplate
6518,other
6519,boilerplate
6520,boilerplate
6521,deployment
6522,boilerplate
6523,boilerplate
6524,deployment
6525,boilerplate
6526,other
6527,other
6528,deployment
6529,boilerplate
6530,other
6531,other
6532,other
6533,deployment
6534,boilerplate
6535,other
6536,boilerplate
6537,boilerplate
6538,boilerplate
6539,boilerplate
6540,boilerplate
6541,boilerplate
6542,other
6543,boilerplate
6544,deployment
6545,other
6546,boilerplate
6547,deployment
6548,deployment
6549,boilerplate
6550,deployment
6551,deployment
6552,governance
6553,boilerplate
6554,deployment
6555,governance
6556,boilerplate
6557,deployment
6558,governance
6559,deployment
6560,deployment
6561,deployment
6562,deployment
6563,deployment
6564,deployment
6565,deployment
6566,boilerplate
6567,deployment
6568,deployment
6569,other
6570,deployment
6571,deployment
6572,deployment
6573,deployment
6574,deployment
6575,other
6576,other
6577,deployment
6578,deployment
6579,deployment
6580,deployment
6581,deployment
6582,other
6583,deployment
6584,deployment
6585,deployment
6586,deployment
6587,deployment
6588,deployment
6589,deployment
6590,other
6591,deployment
6592,deployment
6593,deployment
6594,boilerplate
6595,other
6596,deployment
6597,boilerplate
6598,boilerplate
6599,other
6600,deployment
6601,other
6602,boilerplate
6603,boilerplate
6604,other
6605,deployment
6606,other
6607,boilerplate
6608,boilerplate
6609,deployment
6610,deployment
6611,boilerplate
6612,other
6613,boilerplate
6614,boilerplate
6615,boilerplate
6616,boilerplate
6617,boilerplate
6618,boilerplate
6619,boilerplate
6620,boilerplate
6621,boilerplate
6622,deployment
6623,deployment
6624,boilerplate
6625,boilerplate
6626,boilerplate
6627,boilerplate
6628,boilerplate
6629,boilerplate
6630,boilerplate
6631,boilerplate
6632,governance
6633,boilerplate
6634,governance
6635,boilerplate
6636,boilerplate
6637,boilerplate
6638,boilerplate
6639,boilerplate
6640,boilerplate
6641,other
6642,other
6643,governance
6644,governance
6645,boilerplate
6646,deployment
6647,other
6648,deployment
6649,other
6650,other
6651,deployment
6652,deployment
6653,deployment
6654,boilerplate
6655,boilerplate
6656,deployment
6657,boilerplate
6658,boilerplate
6659,boilerplate
6660,other
6661,deployment
6662,deployment
6663,deployment
6664,other
6665,deployment
6666,other
6667,other
6668,other
6669,deployment
6670,other
6671,other
6672,deployment
6673,deployment
6674,deployment
6675,boilerplate
6676,boilerplate
6677,deployment
6678,other
6679,deployment
6680,other
6681,other
6682,deployment
6683,deployment
6684,deployment
6685,boilerplate
6686,boilerplate
6687,deployment
6688,other
6689,other
6690,deployment
6691,deployment
6692,boilerplate
6693,deployment
6694,deployment
6695,other
6696,other
6697,deployment
6698,deployment
6699,boilerplate
6700,deployment
6701,deployment
6702,other
6703,other
6704,deployment
6705,deployment
6706,deployment
6707,other
6708,boilerplate
6709,deployment
6710,other
6711,deployment
6712,deployment
6713,deployment
6714,deployment
6715,other
6716,boilerplate
6717,boilerplate
6718,other
6719,deployment
6720,deployment
6721,deployment
6722,other
6723,deployment
6724,boilerplate
6725,boilerplate
6726,boilerplate
6727,governance
6728,other
6729,deployment
6730,intent
6731,intent
6732,boilerplate
6733,boilerplate
6734,governance
6735,deployment
6736,boilerplate
6737,boilerplate
6738,boilerplate
6739,boilerplate
6740,governance
6741,governance
6742,deployment
6743,boilerplate
6744,governance
6745,deployment
6746,deployment
6747,boilerplate
6748,boilerplate
6749,boilerplate
6750,boilerplate
6751,governance
6752,governance
6753,deployment
6754,boilerplate
6755,governance
6756,deployment
6757,deployment
6758,boilerplate
6759,boilerplate
6760,boilerplate
6761,governance
6762,deployment
6763,deployment
6764,deployment
6765,deployment
6766,boilerplate
6767,boilerplate
6768,boilerplate
6769,governance
6770,deployment
6771,boilerplate
6772,boilerplate
6773,boilerplate
6774,boilerplate
6775,other
6776,other
6777,governance
6778,deployment
6779,boilerplate
6780,boilerplate
6781,boilerplate
6782,boilerplate
6783,deployment
6784,deployment
6785,deployment
6786,deployment
6787,deployment
6788,deployment
6789,deployment
6790,deployment
6791,deployment
6792,deployment
6793,deployment
6794,deployment
6795,deployment
6796,intent
6797,boilerplate
6798,boilerplate
6799,governance
6800,boilerplate
6801,deployment
6802,deployment
6803,deployment
6804,deployment
6805,deployment
6806,deployment
6807,deployment
6808,deployment
6809,deployment
6810,deployment
6811,other
6812,deployment
6813,deployment
6814,deployment
6815,deployment
6816,deployment
6817,deployment
6818,deployment
6819,deployment
6820,boilerplate
6821,boilerplate
6822,governance
6823,boilerplate
6824,deployment
6825,deployment
6826,deployment
6827,deployment
6828,deployment
6829,deployment
6830,deployment
6831,deployment
6832,deployment
6833,deployment
6834,deployment
6835,deployment
6836,deployment
6837,deployment
6838,other
6839,deployment
6840,deployment
6841,deployment
6842,deployment
6843,deployment
6844,deployment
6845,deployment
6846,boilerplate
6847,boilerplate
6848,boilerplate
6849,boilerplate
6850,boilerplate
6851,deployment
6852,deployment
6853,deployment
6854,deployment
6855,deployment
6856,deployment
6857,deployment
6858,deployment
6859,deployment
6860,deployment
6861,deployment
6862,deployment
6863,deployment
6864,other
6865,deployment
6866,deployment
6867,deployment
6868,deployment
6869,deployment
6870,deployment
6871,deployment
6872,deployment
6873,deployment
6874,deployment
6875,deployment
6876,deployment
6877,deployment
6878,deployment
6879,deployment
6880,deployment
6881,deployment
6882,deployment
6883,deployment
6884,deployment
6885,deployment
6886,deployment
6887,deployment
6888,deployment
6889,deployment
6890,deployment
6891,deployment
6892,deployment
6893,deployment
6894,deployment
6895,deployment
6896,deployment
6897,deployment
6898,deployment
6899,deployment
6900,deployment
6901,deployment
6902,deployment
6903,deployment
6904,deployment
6905,deployment
6906,deployment
6907,deployment
6908,deployment
6909,deployment
6910,deployment
6911,deployment
6912,deployment
6913,deployment
6914,deployment
6915,deployment
6916,deployment
6917,deployment
6918,deployment
6919,deployment
6920,deployment
6921,deployment
6922,deployment
6923,boilerplate
6924,boilerplate
6925,boilerplate
6926,boilerplate
6927,boilerplate
6928,boilerplate
6929,boilerplate
6930,boilerplate
6931,boilerplate
6932,governance
6933,governance
6934,boilerplate
6935,boilerplate
6936,deployment
6937,boilerplate
6938,intent
6939,boilerplate
6940,boilerplate
6941,boilerplate
6942,governance
6943,boilerplate
6944,governance
6945,other
6946,other
6947,deployment
6948,intent
6949,boilerplate
6950,boilerplate
6951,governance
6952,governance
6953,deployment
6954,intent
6955,intent
6956,intent
6957,intent
6958,boilerplate
6959,intent
6960,intent
6961,intent
6962,boilerplate
6963,deployment
6964,intent
6965,intent
6966,boilerplate
6967,boilerplate
6968,boilerplate
6969,intent
6970,intent
6971,intent
6972,boilerplate
6973,boilerplate
6974,deployment
6975,boilerplate
6976,deployment
6977,deployment
6978,governance
6979,governance
6980,boilerplate
6981,governance
6982,governance
6983,boilerplate
6984,boilerplate
6985,boilerplate
6986,governance
6987,boilerplate
6988,boilerplate
6989,boilerplate
6990,boilerplate
6991,boilerplate
6992,boilerplate
6993,boilerplate
6994,boilerplate
6995,boilerplate
6996,boilerplate
6997,boilerplate
6998,boilerplate
6999,boilerplate
7000,boilerplate
7001,boilerplate
7002,boilerplate
7003,boilerplate
7004,boilerplate
7005,boilerplate
7006,boilerplate
7007,boilerplate
7008,intent
7009,boilerplate
7010,boilerplate
7011,boilerplate
7012,boilerplate
7013,boilerplate
7014,governance
7015,boilerplate
7016,governance
7017,boilerplate
7018,intent
7019,intent
7020,deployment
7021,other
7022,boilerplate
7023,boilerplate
7024,boilerplate
7025,boilerplate
7026,boilerplate
7027,governance
7028,deployment
7029,intent
7030,boilerplate
7031,boilerplate
7032,governance
7033,deployment
7034,intent
7035,boilerplate
7036,intent
7037,boilerplate
7038,other
7039,boilerplate
7040,boilerplate
7041,other
7042,boilerplate
7043,boilerplate
7044,boilerplate
7045,boilerplate
7046,boilerplate
7047,boilerplate
7048,boilerplate
7049,boilerplate
7050,boilerplate
7051,boilerplate
7052,boilerplate
7053,boilerplate
7054,governance
7055,boilerplate
7056,governance
7057,boilerplate
7058,governance
7059,boilerplate
7060,boilerplate
7061,boilerplate
7062,boilerplate
7063,other
7064,boilerplate
7065,deployment
7066,governance
7067,boilerplate
7068,boilerplate
7069,deployment
7070,governance
7071,governance
7072,governance
7073,other
7074,deployment
7075,boilerplate
7076,deployment
7077,other
7078,other
7079,deployment
7080,deployment
7081,other
7082,other
7083,boilerplate
7084,boilerplate
7085,boilerplate
7086,deployment
7087,deployment
7088,boilerplate
7089,other
7090,deployment
7091,other
7092,deployment
7093,other
7094,deployment
7095,other
7096,deployment
7097,deployment
7098,other
7099,boilerplate
7100,boilerplate
7101,boilerplate
7102,boilerplate
7103,boilerplate
7104,boilerplate
7105,boilerplate
7106,boilerplate
7107,other
7108,boilerplate
7109,deployment
7110,other
7111,boilerplate
7112,boilerplate
7113,other
7114,deployment
7115,other
7116,other
7117,other
7118,other
7119,governance
7120,governance
7121,governance
7122,boilerplate
7123,governance
7124,governance
7125,boilerplate
7126,boilerplate
7127,boilerplate
7128,boilerplate
7129,boilerplate
7130,boilerplate
7131,boilerplate
7132,boilerplate
7133,boilerplate
7134,boilerplate
7135,boilerplate
7136,governance
7137,boilerplate
7138,governance
7139,governance
7140,governance
7141,boilerplate
7142,boilerplate
7143,boilerplate
7144,governance
7145,governance
7146,governance
7147,boilerplate
7148,boilerplate
7149,boilerplate
7150,governance
7151,governance
7152,boilerplate
7153,boilerplate
7154,boilerplate
7155,governance
7156,boilerplate
7157,boilerplate
7158,governance
7159,governance
7160,governance
7161,governance
7162,governance
7163,boilerplate
7164,boilerplate
7165,boilerplate
7166,governance
7167,boilerplate
7168,boilerplate
7169,boilerplate
7170,boilerplate
7171,boilerplate
7172,governance
7173,boilerplate
7174,boilerplate
7175,boilerplate
7176,boilerplate
7177,boilerplate
7178,boilerplate
7179,boilerplate
7180,boilerplate
7181,boilerplate
7182,boilerplate
7183,governance
7184,boilerplate
7185,boilerplate
7186,boilerplate
7187,boilerplate
7188,boilerplate
7189,boilerplate
7190,other
7191,governance
7192,governance
7193,governance
7194,governance
7195,boilerplate
7196,other
7197,boilerplate
7198,other
7199,boilerplate
7200,boilerplate
7201,boilerplate
7202,boilerplate
7203,deployment
7204,deployment
7205,deployment
7206,deployment
7207,deployment
7208,deployment
7209,deployment
7210,other
7211,boilerplate
7212,boilerplate
7213,boilerplate
7214,governance
7215,boilerplate
7216,boilerplate
7217,boilerplate
7218,boilerplate
7219,boilerplate
7220,boilerplate
7221,boilerplate
7222,boilerplate
7223,boilerplate
7224,boilerplate
7225,boilerplate
7226,boilerplate
7227,boilerplate
7228,boilerplate
7229,other
7230,boilerplate
7231,other
7232,boilerplate
7233,deployment
7234,deployment
7235,other
7236,boilerplate
7237,boilerplate
7238,deployment
7239,deployment
7240,other
7241,deployment
7242,other
7243,other
7244,intent
7245,boilerplate
7246,boilerplate
7247,other
7248,deployment
7249,deployment
7250,other
7251,deployment
7252,other
7253,boilerplate
7254,boilerplate
7255,deployment
7256,deployment
7257,other
7258,deployment
7259,other
7260,deployment
7261,deployment
7262,boilerplate
7263,other
7264,deployment
7265,deployment
7266,boilerplate
7267,other
7268,other
7269,deployment
7270,deployment
7271,other
7272,other
7273,boilerplate
7274,other
7275,other
7276,other
7277,deployment
7278,deployment
7279,deployment
7280,deployment
7281,deployment
7282,deployment
7283,deployment
7284,deployment
7285,deployment
7286,deployment
7287,deployment
7288,intent
7289,deployment
7290,deployment
7291,deployment
7292,deployment
7293,deployment
7294,intent
7295,deployment
7296,deployment
7297,deployment
7298,deployment
7299,other
7300,other
7301,other
7302,other
7303,boilerplate
7304,other
7305,deployment
7306,deployment
7307,deployment
7308,deployment
7309,other
7310,other
7311,boilerplate
7312,boilerplate
7313,deployment
7314,other
7315,other
7316,boilerplate
7317,other
7318,deployment
7319,deployment
7320,other
7321,other
7322,boilerplate
7323,other
7324,other
7325,other
7326,other
7327,other
7328,other
7329,other
7330,other
7331,other
7332,deployment
7333,deployment
7334,boilerplate
7335,boilerplate
7336,other
7337,governance
7338,governance
7339,deployment
7340,boilerplate
7341,boilerplate
7342,deployment
7343,boilerplate
7344,intent
7345,boilerplate
7346,boilerplate
7347,boilerplate
7348,boilerplate
7349,deployment
7350,boilerplate
7351,boilerplate
7352,boilerplate
7353,boilerplate
7354,boilerplate
7355,boilerplate
7356,deployment
7357,boilerplate
7358,boilerplate
7359,boilerplate
7360,boilerplate
7361,boilerplate
7362,deployment
7363,boilerplate
7364,governance
7365,boilerplate
7366,governance
7367,boilerplate
7368,governance
7369,boilerplate
7370,boilerplate
7371,boilerplate
7372,boilerplate
7373,boilerplate
7374,boilerplate
7375,boilerplate
7376,boilerplate
7377,boilerplate
7378,boilerplate
7379,deployment
7380,boilerplate
7381,boilerplate
7382,boilerplate
7383,boilerplate
7384,boilerplate
7385,boilerplate
7386,deployment
7387,boilerplate
7388,boilerplate
7389,boilerplate
7390,boilerplate
7391,intent
7392,intent
7393,deployment
7394,deployment
7395,deployment
7396,boilerplate
7397,boilerplate
7398,boilerplate
7399,boilerplate
7400,boilerplate
7401,boilerplate
7402,boilerplate
7403,boilerplate
7404,boilerplate
7405,boilerplate
7406,boilerplate
7407,boilerplate
7408,boilerplate
7409,boilerplate
7410,boilerplate
7411,boilerplate
7412,boilerplate
7413,boilerplate
7414,boilerplate
7415,boilerplate
7416,boilerplate
7417,deployment
7418,deployment
7419,boilerplate
7420,deployment
7421,deployment
7422,deployment
7423,boilerplate
7424,boilerplate
7425,boilerplate
7426,boilerplate
7427,governance
7428,governance
7429,governance
7430,boilerplate
7431,boilerplate
7432,boilerplate
7433,boilerplate
7434,governance
7435,governance
7436,boilerplate
7437,boilerplate
7438,boilerplate
7439,governance
7440,boilerplate
7441,boilerplate
7442,governance
7443,boilerplate
7444,boilerplate
7445,deployment
7446,deployment
7447,boilerplate
7448,deployment
7449,deployment
7450,deployment
7451,governance
7452,boilerplate
7453,deployment
7454,intent
7455,intent
7456,deployment
7457,deployment
7458,deployment
7459,boilerplate
7460,deployment
7461,boilerplate
7462,boilerplate
7463,deployment
7464,deployment
7465,boilerplate
7466,boilerplate
7467,deployment
7468,deployment
7469,boilerplate
7470,deployment
7471,deployment
7472,deployment
7473,boilerplate
7474,deployment
7475,boilerplate
7476,deployment
7477,boilerplate
7478,boilerplate
7479,other
7480,deployment
7481,other
7482,deployment
7483,deployment
7484,deployment
7485,deployment
7486,deployment
7487,deployment
7488,deployment
7489,deployment
7490,boilerplate
7491,boilerplate
7492,boilerplate
7493,boilerplate
7494,boilerplate
7495,boilerplate
7496,boilerplate
7497,boilerplate
7498,boilerplate
7499,boilerplate
7500,boilerplate
7501,boilerplate
7502,boilerplate
7503,deployment
7504,boilerplate
7505,boilerplate
7506,boilerplate
7507,boilerplate
7508,deployment
7509,boilerplate
7510,deployment
7511,boilerplate
7512,deployment
7513,deployment
7514,deployment
7515,deployment
7516,deployment
7517,deployment
7518,deployment
7519,deployment
7520,deployment
7521,boilerplate
7522,boilerplate
7523,boilerplate
7524,deployment
7525,governance
7526,deployment
7527,deployment
7528,boilerplate
7529,boilerplate
7530,boilerplate
7531,deployment
7532,deployment
7533,deployment
7534,deployment
7535,deployment
7536,boilerplate
7537,boilerplate
7538,boilerplate
7539,boilerplate
7540,deployment
7541,deployment
7542,deployment
7543,deployment
7544,deployment
7545,deployment
7546,deployment
7547,deployment
7548,deployment
7549,deployment
7550,other
7551,deployment
7552,deployment
7553,boilerplate
7554,governance
7555,deployment
7556,other
7557,deployment
7558,deployment
7559,boilerplate
7560,governance
7561,deployment
7562,deployment
7563,boilerplate
7564,boilerplate
7565,deployment
7566,other
7567,boilerplate
7568,deployment
7569,deployment
7570,boilerplate
7571,boilerplate
7572,boilerplate
7573,other
7574,deployment
7575,other
7576,boilerplate
7577,boilerplate
7578,deployment
7579,deployment
7580,other
7581,boilerplate
7582,boilerplate
7583,other
7584,intent
7585,other
7586,boilerplate
7587,intent
7588,other
7589,intent
7590,intent
7591,other
7592,boilerplate
7593,boilerplate
7594,boilerplate
7595,other
7596,other
7597,other
7598,other
7599,other
7600,other
7601,other
7602,boilerplate
7603,boilerplate
7604,boilerplate
7605,boilerplate
7606,boilerplate
7607,boilerplate
7608,boilerplate
7609,boilerplate
7610,other
7611,other
7612,deployment
7613,deployment
7614,deployment
7615,deployment
7616,boilerplate
7617,other
7618,other
7619,other
7620,boilerplate
7621,other
7622,other
7623,other
7624,deployment
7625,boilerplate
7626,boilerplate
7627,deployment
7628,other
7629,other
7630,intent
7631,deployment
7632,boilerplate
7633,deployment
7634,other
7635,boilerplate
7636,boilerplate
7637,boilerplate
7638,boilerplate
7639,boilerplate
7640,boilerplate
7641,other
7642,other
7643,other
7644,deployment
7645,deployment
7646,boilerplate
7647,boilerplate
7648,other
7649,other
7650,other
7651,deployment
7652,deployment
7653,other
7654,other
7655,other
7656,deployment
7657,deployment
7658,other
7659,deployment
7660,deployment
7661,other
7662,deployment
7663,deployment
7664,other
7665,deployment
7666,deployment
7667,other
7668,other
7669,other
7670,other
7671,deployment
7672,other
7673,deployment
7674,boilerplate
7675,boilerplate
7676,intent
7677,boilerplate
7678,boilerplate
7679,governance
7680,boilerplate
7681,boilerplate
7682,boilerplate
7683,deployment
7684,other
7685,other
7686,deployment
7687,deployment
7688,governance
7689,boilerplate
7690,boilerplate
7691,deployment
7692,deployment
7693,deployment
7694,deployment
7695,deployment
7696,governance
7697,boilerplate
7698,governance
7699,boilerplate
7700,deployment
7701,deployment
7702,deployment
7703,governance
7704,governance
7705,governance
7706,other
7707,boilerplate
7708,deployment
7709,deployment
7710,deployment
7711,deployment
7712,deployment
7713,deployment
7714,governance
7715,governance
7716,boilerplate
7717,boilerplate
7718,deployment
7719,deployment
7720,deployment
7721,deployment
7722,other
7723,deployment
7724,deployment
7725,deployment
7726,deployment
7727,deployment
7728,deployment
7729,deployment
7730,other
7731,deployment
7732,deployment
7733,boilerplate
7734,governance
7735,governance
7736,deployment
7737,deployment
7738,boilerplate
7739,governance
7740,boilerplate
7741,boilerplate
7742,boilerplate
7743,boilerplate
7744,boilerplate
7745,boilerplate
7746,boilerplate
7747,governance
7748,boilerplate
7749,boilerplate
7750,boilerplate
7751,other
7752,other
7753,other
7754,boilerplate
7755,boilerplate
7756,boilerplate
7757,boilerplate
7758,boilerplate
7759,other
7760,boilerplate
7761,boilerplate
7762,boilerplate
7763,boilerplate
7764,boilerplate
7765,boilerplate
7766,boilerplate
7767,boilerplate
7768,boilerplate
7769,other
7770,boilerplate
7771,boilerplate
7772,deployment
7773,deployment
7774,boilerplate
7775,boilerplate
7776,boilerplate
7777,boilerplate
7778,boilerplate
7779,boilerplate
7780,boilerplate
7781,governance
7782,governance
7783,boilerplate
7784,boilerplate
7785,boilerplate
7786,governance
7787,boilerplate
7788,boilerplate
7789,boilerplate
7790,boilerplate
7791,boilerplate
7792,boilerplate
7793,governance
7794,boilerplate
7795,boilerplate
7796,boilerplate
7797,boilerplate
7798,boilerplate
7799,boilerplate
7800,deployment
7801,deployment
7802,boilerplate
7803,boilerplate
7804,boilerplate
7805,boilerplate
7806,boilerplate
7807,boilerplate
7808,deployment
7809,governance
7810,governance
7811,boilerplate
7812,boilerplate
7813,boilerplate
7814,deployment
7815,boilerplate
7816,intent
7817,boilerplate
7818,boilerplate
7819,boilerplate
7820,other
7821,deployment
7822,intent
7823,other
7824,boilerplate
7825,boilerplate
7826,boilerplate
7827,governance
7828,boilerplate
7829,boilerplate
7830,governance
7831,boilerplate
7832,boilerplate
7833,boilerplate
7834,governance
7835,governance
7836,other
7837,boilerplate
7838,intent
7839,intent
7840,other
7841,other
7842,boilerplate
7843,boilerplate
7844,intent
7845,intent
7846,boilerplate
7847,intent
7848,intent
7849,boilerplate
7850,boilerplate
7851,governance
7852,boilerplate
7853,governance
7854,boilerplate
7855,boilerplate
7856,boilerplate
7857,boilerplate
7858,boilerplate
7859,boilerplate
7860,boilerplate
7861,boilerplate
7862,boilerplate
7863,boilerplate
7864,boilerplate
7865,boilerplate
7866,boilerplate
7867,boilerplate
7868,boilerplate
7869,boilerplate
7870,boilerplate
7871,boilerplate
7872,boilerplate
7873,boilerplate
7874,boilerplate
7875,boilerplate
7876,boilerplate
7877,boilerplate
7878,boilerplate
7879,boilerplate
7880,boilerplate
7881,boilerplate
7882,boilerplate
7883,boilerplate
7884,boilerplate
7885,boilerplate
7886,boilerplate
7887,boilerplate
7888,boilerplate
7889,boilerplate
7890,boilerplate
7891,deployment
7892,governance
7893,governance
7894,governance
7895,boilerplate
7896,boilerplate
7897,boilerplate
7898,boilerplate
7899,boilerplate
7900,boilerplate
7901,intent
7902,boilerplate
7903,boilerplate
7904,boilerplate
7905,boilerplate
7906,boilerplate
7907,boilerplate
7908,boilerplate
7909,boilerplate
7910,boilerplate
7911,boilerplate
7912,boilerplate
7913,boilerplate
7914,boilerplate
7915,deployment
7916,governance
7917,boilerplate
7918,boilerplate
7919,boilerplate
7920,boilerplate
7921,boilerplate
7922,boilerplate
7923,boilerplate
7924,boilerplate
7925,boilerplate
7926,boilerplate
7927,boilerplate
7928,boilerplate
7929,boilerplate
7930,boilerplate
7931,boilerplate
7932,boilerplate
7933,boilerplate
7934,deployment
7935,governance
7936,governance
7937,governance
7938,boilerplate
7939,boilerplate
7940,deployment
7941,governance
7942,governance
7943,governance
7944,boilerplate
7945,boilerplate
7946,deployment
7947,governance
7948,governance
7949,governance
7950,governance
7951,governance
7952,governance
7953,boilerplate
7954,boilerplate
7955,boilerplate
7956,boilerplate
7957,governance
7958,boilerplate
7959,boilerplate
7960,boilerplate
7961,boilerplate
7962,deployment
7963,deployment
7964,deployment
7965,deployment
7966,other
7967,deployment
7968,deployment
7969,deployment
7970,boilerplate
7971,boilerplate
7972,boilerplate
7973,boilerplate
7974,boilerplate
7975,boilerplate
7976,boilerplate
7977,boilerplate
7978,other
7979,deployment
7980,deployment
7981,other
7982,deployment
7983,boilerplate
7984,boilerplate
7985,boilerplate
7986,boilerplate
7987,boilerplate
7988,boilerplate
7989,other
7990,deployment
7991,deployment
7992,other
7993,deployment
7994,other
7995,deployment
7996,deployment
7997,deployment
7998,deployment
7999,governance
8000,other
8001,other
8002,intent
8003,other
8004,other
8005,other
8006,other
8007,other
8008,intent
8009,other
8010,other
8011,other
8012,other
8013,intent
8014,other
8015,other
8016,other
8017,other
8018,other
8019,other
8020,other
8021,other
8022,other
8023,deployment
8024,boilerplate
8025,boilerplate
8026,boilerplate
8027,boilerplate
8028,boilerplate
8029,deployment
8030,boilerplate
8031,boilerplate
8032,deployment
8033,boilerplate
8034,deployment
8035,deployment
8036,deployment
8037,deployment
8038,deployment
8039,deployment
8040,deployment
8041,boilerplate
8042,other
8043,deployment
8044,other
8045,other
8046,deployment
8047,deployment
8048,boilerplate
8049,other
8050,deployment
8051,boilerplate
8052,other
8053,deployment
8054,other
8055,other
8056,deployment
8057,deployment
8058,boilerplate
8059,other
8060,other
8061,other
8062,other
8063,deployment
8064,deployment
8065,deployment
8066,boilerplate
8067,other
8068,other
8069,deployment
8070,deployment
8071,other
8072,boilerplate
8073,other
8074,deployment
8075,deployment
8076,other
8077,boilerplate
8078,other
8079,deployment
8080,deployment
8081,other
8082,boilerplate
8083,other
8084,boilerplate
8085,boilerplate
8086,boilerplate
8087,boilerplate
8088,boilerplate
8089,boilerplate
8090,boilerplate
8091,deployment
8092,boilerplate
8093,boilerplate
8094,boilerplate
8095,boilerplate
8096,boilerplate
8097,boilerplate
8098,boilerplate
8099,deployment
8100,boilerplate
8101,governance
8102,governance
8103,boilerplate
8104,other
8105,governance
8106,governance
8107,boilerplate
8108,other
8109,boilerplate
8110,boilerplate
8111,boilerplate
8112,other
8113,governance
8114,boilerplate
8115,other
8116,boilerplate
8117,other
8118,boilerplate
8119,boilerplate
8120,boilerplate
8121,governance
8122,boilerplate
8123,boilerplate
8124,governance
8125,intent
8126,intent
8127,boilerplate
8128,boilerplate
8129,boilerplate
8130,boilerplate
8131,governance
8132,boilerplate
8133,boilerplate
8134,boilerplate
8135,deployment
8136,boilerplate
8137,boilerplate
8138,boilerplate
8139,deployment
8140,boilerplate
8141,intent
8142,boilerplate
8143,boilerplate
8144,deployment
8145,intent
8146,boilerplate
8147,boilerplate
8148,deployment
8149,boilerplate
8150,boilerplate
8151,boilerplate
8152,boilerplate
8153,boilerplate
8154,boilerplate
8155,intent
8156,boilerplate
8157,boilerplate
8158,boilerplate
8159,boilerplate
8160,deployment
8161,deployment
8162,other
8163,other
8164,boilerplate
8165,boilerplate
8166,boilerplate
8167,boilerplate
8168,deployment
8169,deployment
8170,other
8171,other
8172,boilerplate
8173,boilerplate
8174,boilerplate
8175,other
8176,other
8177,other
8178,other
8179,other
8180,other
8181,boilerplate
8182,boilerplate
8183,other
8184,boilerplate
8185,boilerplate
8186,boilerplate
8187,other
8188,other
8189,other
8190,other
8191,other
8192,other
8193,other
8194,other
8195,other
8196,boilerplate
8197,boilerplate
8198,other
8199,boilerplate
8200,other
8201,other
8202,other
8203,boilerplate
8204,boilerplate
8205,other
8206,boilerplate
8207,other
8208,other
8209,deployment
8210,boilerplate
8211,boilerplate
8212,boilerplate
8213,boilerplate
8214,boilerplate
8215,boilerplate
8216,boilerplate
8217,boilerplate
8218,boilerplate
8219,deployment
8220,deployment
8221,other
8222,other
8223,boilerplate
8224,boilerplate
8225,deployment
8226,deployment
8227,deployment
8228,deployment
8229,other
8230,other
8231,other
8232,boilerplate
8233,other
8234,boilerplate
8235,other
8236,other
8237,other
8238,other
8239,intent
8240,deployment
8241,boilerplate
8242,boilerplate
8243,intent
8244,deployment
8245,intent
8246,intent
8247,deployment
8248,other
8249,deployment
8250,deployment
8251,other
8252,boilerplate
8253,boilerplate
8254,deployment
8255,intent
8256,deployment
8257,deployment
8258,boilerplate
8259,intent
8260,intent
8261,deployment
8262,other
8263,deployment
8264,boilerplate
8265,intent
8266,deployment
8267,boilerplate
8268,intent
8269,deployment
8270,deployment
8271,boilerplate
8272,boilerplate
8273,boilerplate
8274,boilerplate
8275,boilerplate
8276,boilerplate
8277,boilerplate
8278,boilerplate
8279,boilerplate
8280,governance
8281,deployment
8282,boilerplate
8283,boilerplate
8284,boilerplate
8285,boilerplate
8286,boilerplate
8287,boilerplate
8288,boilerplate
8289,boilerplate
8290,boilerplate
8291,boilerplate
8292,boilerplate
8293,boilerplate
8294,boilerplate
8295,boilerplate
8296,boilerplate
8297,boilerplate
8298,boilerplate
8299,boilerplate
8300,boilerplate
8301,boilerplate
8302,boilerplate
8303,boilerplate
8304,boilerplate
8305,boilerplate
8306,boilerplate
8307,other
8308,other
8309,deployment
8310,deployment
8311,deployment
8312,intent
8313,boilerplate
8314,boilerplate
8315,intent
8316,intent
8317,intent
8318,intent
8319,deployment
8320,deployment
8321,deployment
8322,boilerplate
8323,deployment
8324,deployment
8325,boilerplate
8326,deployment
8327,boilerplate
8328,deployment
8329,deployment
8330,boilerplate
8331,boilerplate
8332,deployment
8333,deployment
8334,boilerplate
8335,boilerplate
8336,deployment
8337,deployment
8338,boilerplate
8339,boilerplate
8340,deployment
8341,deployment
8342,other
8343,intent
8344,deployment
8345,deployment
8346,boilerplate
8347,boilerplate
8348,deployment
8349,governance
8350,other
8351,deployment
8352,deployment
8353,boilerplate
8354,governance
8355,other
8356,deployment
8357,deployment
8358,boilerplate
8359,intent
8360,intent
8361,intent
8362,intent
8363,intent
8364,intent
8365,intent
8366,intent
8367,other
8368,other
8369,boilerplate
8370,deployment
8371,boilerplate
8372,boilerplate
8373,deployment
8374,deployment
8375,boilerplate
8376,governance
8377,boilerplate
8378,boilerplate
8379,boilerplate
8380,boilerplate
8381,boilerplate
8382,other
8383,boilerplate
8384,boilerplate
8385,boilerplate
8386,boilerplate
8387,boilerplate
8388,boilerplate
8389,boilerplate
8390,boilerplate
8391,boilerplate
8392,governance
8393,governance
8394,boilerplate
8395,boilerplate
8396,boilerplate
8397,boilerplate
8398,boilerplate
8399,boilerplate
8400,boilerplate
8401,boilerplate
8402,governance
8403,governance
8404,governance
8405,boilerplate
8406,intent
8407,boilerplate
8408,boilerplate
8409,boilerplate
8410,other
8411,governance
8412,governance
8413,boilerplate
8414,boilerplate
8415,boilerplate
8416,boilerplate
8417,governance
8418,governance
8419,boilerplate
8420,boilerplate
8421,boilerplate
8422,boilerplate
8423,boilerplate
8424,governance
8425,governance
8426,boilerplate
8427,intent
8428,boilerplate
8429,boilerplate
8430,boilerplate
8431,deployment
8432,boilerplate
8433,boilerplate
8434,boilerplate
8435,boilerplate
8436,boilerplate
8437,governance
8438,governance
8439,boilerplate
8440,boilerplate
8441,boilerplate
8442,governance
8443,governance
8444,intent
8445,boilerplate
8446,deployment
8447,boilerplate
8448,governance
8449,governance
8450,deployment
8451,boilerplate
8452,boilerplate
8453,boilerplate
8454,boilerplate
8455,boilerplate
8456,deployment
8457,intent
8458,intent
8459,other
8460,other
8461,boilerplate
8462,boilerplate
8463,deployment
8464,deployment
8465,deployment
8466,other
8467,deployment
8468,boilerplate
8469,other
8470,deployment
8471,other
8472,deployment
8473,other
8474,other
8475,other
8476,other
8477,boilerplate
8478,boilerplate
8479,boilerplate
8480,other
8481,boilerplate
8482,boilerplate
8483,deployment
8484,boilerplate
8485,boilerplate
8486,boilerplate
8487,boilerplate
8488,boilerplate
8489,boilerplate
8490,boilerplate
8491,boilerplate
8492,boilerplate
8493,boilerplate
8494,governance
8495,boilerplate
8496,boilerplate
8497,boilerplate
8498,intent
8499,boilerplate
8500,boilerplate
8501,boilerplate
8502,boilerplate
8503,boilerplate
8504,governance
8505,boilerplate
8506,boilerplate
8507,deployment
8508,deployment
8509,deployment
8510,deployment
8511,deployment
8512,deployment
8513,deployment
8514,deployment
8515,boilerplate
8516,boilerplate
8517,deployment
8518,deployment
8519,deployment
8520,intent
8521,intent
8522,deployment
8523,boilerplate
8524,boilerplate
8525,boilerplate
8526,boilerplate
8527,governance
8528,boilerplate
8529,boilerplate
8530,boilerplate
8531,boilerplate
8532,boilerplate
8533,boilerplate
8534,boilerplate
8535,boilerplate
8536,boilerplate
8537,boilerplate
8538,boilerplate
8539,boilerplate
8540,boilerplate
8541,boilerplate
8542,boilerplate
8543,boilerplate
8544,boilerplate
8545,boilerplate
8546,deployment
8547,deployment
8548,deployment
8549,boilerplate
8550,boilerplate
8551,boilerplate
8552,deployment
8553,deployment
8554,deployment
8555,boilerplate
8556,other
8557,boilerplate
8558,deployment
8559,deployment
8560,deployment
8561,boilerplate
8562,boilerplate
8563,boilerplate
8564,deployment
8565,deployment
8566,deployment
8567,boilerplate
8568,boilerplate
8569,boilerplate
8570,boilerplate
8571,boilerplate
8572,boilerplate
8573,other
8574,other
8575,deployment
8576,boilerplate
8577,boilerplate
8578,boilerplate
8579,other
8580,other
8581,deployment
8582,boilerplate
8583,other
8584,other
8585,deployment
8586,boilerplate
8587,boilerplate
8588,boilerplate
8589,boilerplate
8590,boilerplate
8591,boilerplate
8592,boilerplate
8593,deployment
8594,deployment
8595,boilerplate
8596,boilerplate
8597,boilerplate
8598,boilerplate
8599,boilerplate
8600,boilerplate
8601,boilerplate
8602,boilerplate
8603,boilerplate
8604,boilerplate
8605,boilerplate
8606,boilerplate
8607,boilerplate
8608,boilerplate
8609,other
8610,other
8611,other
8612,other
8613,intent
8614,deployment
8615,other
8616,other
8617,other
8618,other
8619,other
8620,deployment
8621,deployment
8622,deployment
8623,boilerplate
8624,boilerplate
8625,boilerplate
8626,deployment
8627,boilerplate
8628,boilerplate
8629,boilerplate
8630,boilerplate
8631,governance
8632,boilerplate
8633,boilerplate
8634,governance
8635,deployment
8636,other
8637,deployment
8638,deployment
8639,deployment
8640,other
8641,deployment
8642,deployment
8643,deployment
8644,deployment
8645,deployment
8646,deployment
8647,deployment
8648,deployment
8649,deployment
8650,deployment
8651,deployment
8652,deployment
8653,deployment
8654,boilerplate
8655,boilerplate
8656,deployment
8657,boilerplate
8658,boilerplate
8659,deployment
8660,boilerplate
8661,boilerplate
8662,boilerplate
8663,boilerplate
8664,boilerplate
8665,boilerplate
8666,boilerplate
8667,boilerplate
8668,boilerplate
8669,boilerplate
8670,deployment
8671,deployment
8672,deployment
8673,other
8674,deployment
8675,deployment
8676,other
8677,other
8678,deployment
8679,deployment
8680,deployment
8681,deployment
8682,other
8683,deployment
8684,deployment
8685,other
8686,deployment
8687,deployment
8688,other
8689,deployment
8690,deployment
8691,deployment
8692,other
8693,deployment
8694,deployment
8695,other
8696,deployment
8697,deployment
8698,deployment
8699,deployment
8700,deployment
8701,boilerplate
8702,boilerplate
8703,boilerplate
8704,boilerplate
8705,boilerplate
8706,boilerplate
8707,boilerplate
8708,boilerplate
8709,boilerplate
8710,boilerplate
8711,boilerplate
8712,governance
8713,boilerplate
8714,boilerplate
8715,boilerplate
8716,boilerplate
8717,boilerplate
8718,governance
8719,boilerplate
8720,boilerplate
8721,boilerplate
8722,boilerplate
8723,boilerplate
8724,boilerplate
8725,boilerplate
8726,boilerplate
8727,deployment
8728,boilerplate
8729,boilerplate
8730,boilerplate
8731,boilerplate
8732,intent
8733,governance
8734,boilerplate
8735,boilerplate
8736,deployment
8737,other
8738,other
8739,intent
8740,governance
8741,deployment
8742,deployment
8743,other
8744,intent
8745,deployment
8746,deployment
8747,other
8748,other
8749,other
8750,other
8751,boilerplate
8752,deployment
8753,deployment
8754,deployment
8755,deployment
8756,governance
8757,governance
8758,deployment
8759,deployment
8760,deployment
8761,deployment
8762,governance
8763,deployment
8764,deployment
8765,deployment
8766,deployment
8767,governance
8768,deployment
8769,deployment
8770,other
8771,deployment
8772,deployment
8773,deployment
8774,boilerplate
8775,boilerplate
8776,boilerplate
8777,boilerplate
8778,boilerplate
8779,boilerplate
8780,boilerplate
8781,boilerplate
8782,boilerplate
8783,boilerplate
8784,boilerplate
8785,boilerplate
8786,boilerplate
8787,governance
8788,governance
8789,governance
8790,governance
8791,boilerplate
8792,boilerplate
8793,boilerplate
8794,boilerplate
8795,boilerplate
8796,governance
8797,governance
8798,governance
8799,governance
8800,boilerplate
8801,boilerplate
8802,boilerplate
8803,governance
8804,governance
8805,governance
8806,governance
8807,boilerplate
8808,intent
8809,intent
8810,boilerplate
8811,boilerplate
8812,intent
8813,intent
8814,deployment
8815,deployment
8816,boilerplate
8817,deployment
8818,deployment
8819,deployment
8820,deployment
8821,deployment
8822,deployment
8823,other
8824,other
8825,other
8826,other
8827,intent
8828,intent
8829,boilerplate
8830,intent
8831,boilerplate
8832,boilerplate
8833,boilerplate
8834,boilerplate
8835,boilerplate
8836,boilerplate
8837,boilerplate
8838,boilerplate
8839,boilerplate
8840,boilerplate
8841,boilerplate
8842,boilerplate
8843,boilerplate
8844,boilerplate
8845,boilerplate
8846,boilerplate
8847,boilerplate
8848,boilerplate
8849,governance
8850,boilerplate
8851,governance
8852,boilerplate
8853,governance
8854,governance
8855,governance
8856,governance
8857,boilerplate
8858,boilerplate
8859,boilerplate
8860,boilerplate
8861,boilerplate
8862,boilerplate
8863,boilerplate
8864,boilerplate
8865,boilerplate
8866,governance
8867,governance
8868,governance
8869,governance
8870,boilerplate
8871,boilerplate
8872,boilerplate
8873,boilerplate
8874,boilerplate
8875,boilerplate
8876,boilerplate
8877,boilerplate
8878,boilerplate
8879,boilerplate
8880,boilerplate
8881,boilerplate
8882,boilerplate
8883,boilerplate
8884,boilerplate
8885,boilerplate
8886,boilerplate
8887,boilerplate
8888,other
8889,boilerplate
8890,other
8891,other
8892,boilerplate
8893,boilerplate
8894,boilerplate
8895,boilerplate
8896,deployment
8897,deployment
8898,deployment
8899,deployment
8900,boilerplate
8901,other
8902,other
8903,other
8904,deployment
8905,boilerplate
8906,boilerplate
8907,boilerplate
8908,boilerplate
8909,deployment
8910,boilerplate
8911,deployment
8912,boilerplate
8913,deployment
8914,deployment
8915,boilerplate
8916,boilerplate
8917,deployment
8918,deployment
8919,intent
8920,deployment
8921,deployment
8922,deployment
8923,deployment
8924,boilerplate
8925,boilerplate
8926,other
8927,boilerplate
8928,boilerplate
8929,boilerplate
8930,boilerplate
8931,boilerplate
8932,governance
8933,governance
8934,boilerplate
8935,boilerplate
8936,boilerplate
8937,boilerplate
8938,governance
8939,governance
8940,governance
8941,boilerplate
8942,boilerplate
8943,boilerplate
8944,boilerplate
8945,boilerplate
8946,boilerplate
8947,boilerplate
8948,deployment
8949,governance
8950,governance
8951,deployment
8952,deployment
8953,governance
8954,deployment
8955,deployment
8956,deployment
8957,deployment
8958,governance
8959,deployment
8960,other
8961,deployment
8962,governance
8963,boilerplate
8964,governance
8965,boilerplate
8966,other
8967,boilerplate
8968,boilerplate
8969,boilerplate
8970,governance
8971,boilerplate
8972,deployment
8973,boilerplate
8974,boilerplate
8975,boilerplate
8976,boilerplate
8977,boilerplate
8978,deployment
8979,deployment
8980,other
8981,deployment
8982,intent
8983,deployment
8984,deployment
8985,boilerplate
8986,boilerplate
8987,boilerplate
8988,boilerplate
8989,boilerplate
8990,deployment
8991,deployment
8992,boilerplate
8993,boilerplate
8994,boilerplate
8995,boilerplate
8996,boilerplate
8997,boilerplate
8998,other
8999,deployment
9000,other
9001,boilerplate
9002,other
9003,other
9004,boilerplate
9005,boilerplate
9006,boilerplate
9007,other
9008,other
9009,intent
9010,intent
9011,boilerplate
9012,intent
9013,boilerplate
9014,governance
9015,other
9016,boilerplate
9017,boilerplate
9018,boilerplate
9019,boilerplate
9020,other
9021,boilerplate
9022,deployment
9023,boilerplate
9024,governance
9025,deployment
9026,governance
9027,boilerplate
9028,boilerplate
9029,governance
9030,boilerplate
9031,boilerplate
9032,other
9033,other
9034,deployment
9035,deployment
9036,intent
9037,boilerplate
9038,governance
9039,boilerplate
9040,governance
9041,other
9042,other
9043,deployment
9044,deployment
9045,intent
9046,governance
9047,boilerplate
9048,governance
9049,other
9050,other
9051,deployment
9052,other
9053,intent
9054,governance
9055,boilerplate
9056,other
9057,other
9058,deployment
9059,other
9060,other
9061,other
9062,deployment
9063,deployment
9064,deployment
9065,other
9066,deployment
9067,deployment
9068,deployment
9069,other
9070,other
9071,deployment
9072,deployment
9073,deployment
9074,deployment
9075,deployment
9076,deployment
9077,deployment
9078,other
9079,other
9080,deployment
9081,deployment
9082,deployment
9083,other
9084,deployment
9085,other
9086,deployment
9087,deployment
9088,deployment
9089,intent
9090,governance
9091,governance
9092,boilerplate
9093,governance
9094,boilerplate
9095,boilerplate
9096,boilerplate
9097,boilerplate
9098,boilerplate
9099,governance
9100,boilerplate
9101,boilerplate
9102,boilerplate
9103,boilerplate
9104,deployment
9105,deployment
9106,deployment
9107,other
9108,deployment
9109,deployment
9110,other
9111,deployment
9112,deployment
9113,deployment
9114,deployment
9115,intent
9116,governance
9117,governance
9118,governance
9119,boilerplate
9120,boilerplate
9121,governance
9122,boilerplate
9123,boilerplate
9124,boilerplate
9125,deployment
9126,deployment
9127,other
9128,deployment
9129,deployment
9130,deployment
9131,deployment
9132,deployment
9133,deployment
9134,intent
9135,governance
9136,governance
9137,governance
9138,boilerplate
9139,boilerplate
9140,governance
9141,boilerplate
9142,boilerplate
9143,deployment
9144,deployment
9145,other
9146,deployment
9147,deployment
9148,deployment
9149,intent
9150,governance
9151,boilerplate
9152,deployment
9153,deployment
9154,deployment
9155,deployment
9156,deployment
9157,intent
9158,governance
9159,intent
9160,governance
9161,deployment
9162,deployment
9163,governance
9164,governance
9165,boilerplate
9166,boilerplate
9167,deployment
9168,deployment
9169,deployment
9170,deployment
9171,deployment
9172,deployment
9173,deployment
9174,deployment
9175,deployment
9176,deployment
