cik,company,sector,filing_date,n_paragraphs,year,month,fiscal_year,assets,net_income,revenue,liabilities,roa,log_assets,leverage,revenue_prev,sales_growth,has_ai
1800,Abbott Laboratories,Health Care,2019-02-22,1,2019,2,2018,67173000000.0,2368000000.0,30578000000.0,67173000000.0,0.03525225909219478,24.93053721802372,1.0,,,1
1800,Abbott Laboratories,Health Care,2020-02-21,6,2020,2,2019,67887000000.0,3687000000.0,31904000000.0,67887000000.0,0.054310840072473374,24.941110395154123,1.0,30578000000.0,0.04336451043233702,1
1800,Abbott Laboratories,Health Care,2021-02-19,6,2021,2,2020,72548000000.0,4495000000.0,34608000000.0,72548000000.0,0.061958978882946464,25.00751424870159,1.0,31904000000.0,0.08475426278836506,1
1800,Abbott Laboratories,Health Care,2022-02-18,6,2022,2,2021,75196000000.0,7071000000.0,43075000000.0,75196000000.0,0.0940342571413373,25.043363874998125,1.0,34608000000.0,0.2446544151641239,1
1800,Abbott Laboratories,Health Care,2023-02-17,3,2023,2,2022,74438000000.0,6933000000.0,43653000000.0,74438000000.0,0.09313791343131196,25.033232401083872,1.0,43075000000.0,0.013418456181079508,1
1800,Abbott Laboratories,Health Care,2024-02-16,4,2024,2,2023,73214000000.0,5723000000.0,40109000000.0,73214000000.0,0.07816810992433142,25.01665249645702,1.0,43653000000.0,-0.08118571461297042,1
1800,Abbott Laboratories,Health Care,2025-02-21,5,2025,2,2024,81414000000.0,13402000000.0,41950000000.0,81414000000.0,0.1646154224089223,25.12281308533828,1.0,40109000000.0,0.045899922710613605,1
1800,Abbott Laboratories,Health Care,2026-02-20,4,2026,2,2025,86713000000.0,6524000000.0,44328000000.0,86713000000.0,0.07523670037941255,25.18586965182255,1.0,41950000000.0,0.05668653158522052,1
2488,Advanced Micro Devices,Information Technology,2019-02-08,2,2019,2,2018,4556000000.0,337000000.0,6475000000.0,4556000000.0,0.07396839332748024,22.239710882531348,1.0,,,1
2488,Advanced Micro Devices,Information Technology,2020-02-04,4,2020,2,2019,6028000000.0,341000000.0,6731000000.0,6028000000.0,0.05656934306569343,22.51968111771066,1.0,6475000000.0,0.03953667953667961,1
2488,Advanced Micro Devices,Information Technology,2021-01-29,7,2021,1,2020,8962000000.0,2490000000.0,9763000000.0,8962000000.0,0.2778397679089489,22.91625925331036,1.0,6731000000.0,0.450453127321349,1
2488,Advanced Micro Devices,Information Technology,2022-02-03,7,2022,2,2021,12419000000.0,3162000000.0,16434000000.0,12419000000.0,0.254609871970368,23.24249339491231,1.0,9763000000.0,0.6832940694458671,1
2488,Advanced Micro Devices,Information Technology,2023-02-27,6,2023,2,2022,67580000000.0,1320000000.0,23601000000.0,67580000000.0,0.01953240603728914,24.936577918232555,1.0,16434000000.0,0.4361080686381891,1
2488,Advanced Micro Devices,Information Technology,2024-01-31,13,2024,1,2023,67885000000.0,854000000.0,22680000000.0,67885000000.0,0.012580098696324666,24.941080933998656,1.0,23601000000.0,-0.039023770179229644,1
2488,Advanced Micro Devices,Information Technology,2025-02-05,7,2025,2,2024,69226000000.0,1641000000.0,25785000000.0,69226000000.0,0.02370496634212579,24.960642351547346,1.0,22680000000.0,0.13690476190476186,1
2488,Advanced Micro Devices,Information Technology,2026-02-04,11,2026,2,2025,76926000000.0,4335000000.0,34639000000.0,76926000000.0,0.056352858591373525,25.06610975774503,1.0,25785000000.0,0.3433779329067288,1
2969,Air Products,Materials,2019-11-26,0,2019,11,2019,18942800000.0,1760000000.0,8918900000.0,7554500000.0,0.0929112908334565,23.664689749047056,0.39880587875076545,,,0
2969,Air Products,Materials,2020-11-19,0,2020,11,2020,25168500000.0,1886700000.0,8856300000.0,12725400000.0,0.07496275105786995,23.948859049562135,0.5056082007270993,8918900000.0,-0.007018802767157384,0
2969,Air Products,Materials,2021-11-18,0,2021,11,2021,26859200000.0,2099100000.0,10323000000.0,12771200000.0,0.07815199261333175,24.013874243532424,0.4754869839756955,8856300000.0,0.16561092103926023,0
2969,Air Products,Materials,2022-11-22,0,2022,11,2022,27192600000.0,2256100000.0,12698600000.0,13490200000.0,0.08296742496120268,24.026210714410116,0.4960982031876319,10323000000.0,0.23012690109464295,0
2969,Air Products,Materials,2023-11-16,0,2023,11,2023,32002500000.0,2300200000.0,12600000000.0,16342200000.0,0.0718756347160378,24.189079861694537,0.510653855167565,12698600000.0,-0.007764635471626757,0
2969,Air Products,Materials,2024-11-21,2,2024,11,2024,39574600000.0,3828200000.0,12100600000.0,20900900000.0,0.0967337635756268,24.401453335271377,0.5281392610411729,12600000000.0,-0.03963492063492069,1
2969,Air Products,Materials,2025-11-20,3,2025,11,2025,41059500000.0,-394500000.0,12037300000.0,23709700000.0,-0.00960800789098747,24.438288071161544,0.5774473629732462,12100600000.0,-0.005231145563029949,1
4127,Skyworks Solutions,Information Technology,2019-11-14,2,2019,11,2019,4839600000.0,853600000.0,3376800000.0,717300000.0,0.17637821307546078,22.300097909631596,0.14821472848995784,,,1
4127,Skyworks Solutions,Information Technology,2020-11-17,2,2020,11,2020,5106700000.0,814800000.0,3355700000.0,942500000.0,0.1595550942878963,22.35381923998459,0.1845614584761196,3376800000.0,-0.00624851930822079,1
4127,Skyworks Solutions,Information Technology,2021-11-24,2,2021,11,2021,8590700000.0,1498300000.0,5109100000.0,3293600000.0,0.1744095358934662,22.87394605972721,0.38339134179985335,3355700000.0,0.5225139315195042,1
4127,Skyworks Solutions,Information Technology,2022-11-23,2,2022,11,2022,8873800000.0,1275200000.0,5485500000.0,3404800000.0,0.14370393743379387,22.906368951898415,0.38369131600892514,5109100000.0,0.07367246677497019,1
4127,Skyworks Solutions,Information Technology,2023-11-17,2,2023,11,2023,8426700000.0,982800000.0,4772400000.0,2344000000.0,0.11662928548542134,22.85467107324534,0.27816345663189623,5485500000.0,-0.12999726551818436,1
4127,Skyworks Solutions,Information Technology,2024-11-15,2,2024,11,2024,8283300000.0,596000000.0,4178000000.0,1946600000.0,0.07195199980684026,22.837507276667974,0.23500295775838131,4772400000.0,-0.12454949291760964,1
4127,Skyworks Solutions,Information Technology,2025-11-07,2,2025,11,2025,7917000000.0,477100000.0,4086900000.0,2159900000.0,0.060262725779967156,22.792278183135707,0.2728179866110901,4178000000.0,-0.021804691239827645,1
4281,Howmet Aerospace,Industrials,2019-02-21,0,2019,2,2018,18693000000.0,642000000.0,6778000000.0,13108000000.0,0.034344406997271704,23.651414959176606,0.7012250575081581,,,0
4281,Howmet Aerospace,Industrials,2020-02-27,0,2020,2,2019,17562000000.0,470000000.0,7098000000.0,12957000000.0,0.02676232775310329,23.589003313884216,0.7377861291424667,6778000000.0,0.0472115668338744,0
4281,Howmet Aerospace,Industrials,2021-02-16,0,2021,2,2020,11443000000.0,261000000.0,5259000000.0,7866000000.0,0.022808704011185878,23.16064402628199,0.6874071484750502,7098000000.0,-0.25908706677937443,0
4281,Howmet Aerospace,Industrials,2022-02-14,1,2022,2,2021,10219000000.0,258000000.0,4972000000.0,6711000000.0,0.02524708875623838,23.04751456957648,0.656717878461689,5259000000.0,-0.05457311275907972,1
4281,Howmet Aerospace,Industrials,2023-02-14,2,2023,2,2022,10255000000.0,469000000.0,5663000000.0,6654000000.0,0.04573378839590444,23.051031228470755,0.6488542174549,4972000000.0,0.13897827835880938,1
4281,Howmet Aerospace,Industrials,2024-02-13,4,2024,2,2023,10428000000.0,765000000.0,6640000000.0,6391000000.0,0.07336018411967779,23.067760333017667,0.6128691983122363,5663000000.0,0.17252339749249512,1
4281,Howmet Aerospace,Industrials,2025-02-14,5,2025,2,2024,10519000000.0,1155000000.0,7430000000.0,5965000000.0,0.10980131191177869,23.076448982703546,0.5670691130335583,6640000000.0,0.11897590361445776,1
4281,Howmet Aerospace,Industrials,2026-02-12,5,2026,2,2025,11179000000.0,1508000000.0,8252000000.0,5826000000.0,0.13489578674300026,23.137302855234598,0.521155738438143,7430000000.0,0.11063257065948862,1
4962,American Express,Financials,2019-02-13,3,2019,2,2018,189000000000.0,6921000000.0,26607000000.0,166312000000.0,0.03661904761904762,25.965012852006055,0.8799576719576719,,,1
4962,American Express,Financials,2020-02-13,4,2020,2,2019,198000000000.0,6759000000.0,28159000000.0,175250000000.0,0.03413636363636364,26.01153286764095,0.88510101010101,26607000000.0,0.058330514526252486,1
4962,American Express,Financials,2021-02-12,8,2021,2,2020,191000000000.0,3135000000.0,21974000000.0,168383000000.0,0.016413612565445025,25.975539264993042,0.881586387434555,28159000000.0,-0.2196455840051138,1
4962,American Express,Financials,2022-02-11,6,2022,2,2021,189000000000.0,8060000000.0,27716000000.0,166371000000.0,0.042645502645502646,25.965012852006055,0.8802698412698413,21974000000.0,0.261308819513971,1
4962,American Express,Financials,2023-02-10,8,2023,2,2022,228354000000.0,7514000000.0,34219000000.0,203643000000.0,0.03290505092969687,26.154162893393565,0.8917864368480517,27716000000.0,0.23462981671236838,1
4962,American Express,Financials,2024-02-09,14,2024,2,2023,261108000000.0,8374000000.0,37218000000.0,233051000000.0,0.03207102042066884,26.2881999517838,0.8925463792760084,34219000000.0,0.08764136883018203,1
4962,American Express,Financials,2025-02-07,22,2025,2,2024,271461000000.0,10129000000.0,38825000000.0,241197000000.0,0.037312910510165366,26.32708431959343,0.8885143722302651,37218000000.0,0.04317803213498839,1
4962,American Express,Financials,2026-02-06,7,2026,2,2025,300052000000.0,10833000000.0,41304000000.0,266578000000.0,0.0361037420180502,26.427221629915458,0.8884393371815552,38825000000.0,0.06385061171925299,1
4977,Aflac,Financials,2019-02-25,0,2019,2,2018,140406000000.0,2920000000.0,21758000000.0,116944000000.0,0.020796832044214633,25.66780406266774,0.8328988789652864,,,0
4977,Aflac,Financials,2020-02-21,0,2020,2,2019,152768000000.0,3304000000.0,22307000000.0,123809000000.0,0.021627565982404694,25.752186267662776,0.8104380498533724,21758000000.0,0.02523209853846864,0
4977,Aflac,Financials,2021-02-23,1,2021,2,2020,165086000000.0,4778000000.0,22147000000.0,131527000000.0,0.028942490580667047,25.829732387184343,0.7967180742158633,22307000000.0,-0.0071726363921639225,1
4977,Aflac,Financials,2022-02-23,2,2022,2,2021,157542000000.0,4231000000.0,21554000000.0,124289000000.0,0.02685633037539196,25.78295792632953,0.788926127635805,22147000000.0,-0.02677563552625639,1
4977,Aflac,Financials,2023-02-24,2,2023,2,2022,131738000000.0,4418000000.0,19140000000.0,111598000000.0,0.033536261367259255,25.604080938625774,0.8471208003765048,21554000000.0,-0.11199777303516745,1
4977,Aflac,Financials,2024-02-22,2,2024,2,2023,126724000000.0,4659000000.0,18701000000.0,104739000000.0,0.036764937975442696,25.565277330170908,0.8265127363403934,19140000000.0,-0.02293625914315567,1
4977,Aflac,Financials,2025-02-26,2,2025,2,2024,117566000000.0,5443000000.0,18927000000.0,91468000000.0,0.04629739890784751,25.490265714962693,0.7780140516816086,18701000000.0,0.012084915245174077,1
4977,Aflac,Financials,2026-02-25,3,2026,2,2025,116470000000.0,3646000000.0,17164000000.0,86980000000.0,0.03130419850605306,25.48089956606097,0.7468017515239976,18927000000.0,-0.09314735562952392,1
5272,American International Group,Financials,2019-02-15,2,2019,2,2018,491984000000.0,-6000000.0,47389000000.0,434675000000.0,-1.2195518553448893e-05,26.92171203258472,0.8835145045367329,,,1
5272,American International Group,Financials,2020-02-21,5,2020,2,2019,525064000000.0,3348000000.0,49746000000.0,457637000000.0,0.006376365547818933,26.986785996870157,0.8715832736580683,47389000000.0,0.0497372808035621,1
5272,American International Group,Financials,2021-02-19,0,2021,2,2020,586481000000.0,-5944000000.0,43736000000.0,519282000000.0,-0.010135025687106659,27.09740610894827,0.8854199880303028,49746000000.0,-0.12081373376753912,0
5272,American International Group,Financials,2022-02-17,6,2022,2,2021,596112000000.0,10367000000.0,52157000000.0,527200000000.0,0.017391027189521433,27.113694405820198,0.8843975628740908,43736000000.0,0.19254161331626118,1
5272,American International Group,Financials,2023-02-17,4,2023,2,2022,522228000000.0,10227000000.0,29996000000.0,478774000000.0,0.019583400353868425,26.981370111076924,0.9167911333746945,52157000000.0,-0.4248902352512606,1
5272,American International Group,Financials,2024-02-14,17,2024,2,2023,539306000000.0,3643000000.0,27938000000.0,488005000000.0,0.006754977693554308,27.013548964760805,0.9048758960590092,29996000000.0,-0.06860914788638484,1
5272,American International Group,Financials,2025-02-13,17,2025,2,2024,161322000000.0,-1404000000.0,27251000000.0,118772000000.0,-0.00870309071298397,25.80666820459355,0.7362418021100656,27938000000.0,-0.024590163934426257,1
5272,American International Group,Financials,2026-02-12,18,2026,2,2025,161254000000.0,3096000000.0,26775000000.0,120092000000.0,0.019199523732744615,25.806246598516175,0.7447381150235033,27251000000.0,-0.017467248908296984,1
6281,Analog Devices,Information Technology,2019-11-26,7,2019,11,2019,21392641000.0,1363011000.0,5991065000.0,21392641000.0,0.06371401268314651,23.786312821329773,1.0,,,1
6281,Analog Devices,Information Technology,2020-11-24,3,2020,11,2020,21468603000.0,1220761000.0,5603056000.0,21468603000.0,0.05686261933298594,23.78985737918402,1.0,5991065000.0,-0.064764611967989,1
6281,Analog Devices,Information Technology,2021-12-03,3,2021,12,2021,52322071000.0,1390422000.0,7318286000.0,52322071000.0,0.026574292137633466,24.68068412664529,1.0,5603056000.0,0.3061240151802873,1
6281,Analog Devices,Information Technology,2022-11-22,7,2022,11,2022,50302350000.0,2748561000.0,12013953000.0,50302350000.0,0.054640807039830146,24.641317632642686,1.0,7318286000.0,0.6416348035591941,1
6281,Analog Devices,Information Technology,2023-11-21,7,2023,11,2023,48794478000.0,3314579000.0,12305539000.0,48794478000.0,0.06792938741961745,24.610882987665214,1.0,12013953000.0,0.02427061267844155,1
6281,Analog Devices,Information Technology,2024-11-26,6,2024,11,2024,48228277000.0,1635273000.0,9427157000.0,48228277000.0,0.03390693389274512,24.599211345736443,1.0,12305539000.0,-0.23390946142220992,1
6281,Analog Devices,Information Technology,2025-11-25,10,2025,11,2025,47992712000.0,2267342000.0,11019707000.0,47992712000.0,0.047243464799405374,24.59431500299312,1.0,9427157000.0,0.16893216056548122,1
6951,Applied Materials,Information Technology,2019-12-13,7,2019,12,2019,19024000000.0,2706000000.0,14608000000.0,10810000000.0,0.14224137931034483,23.668967176894835,0.5682296047098402,,,1
6951,Applied Materials,Information Technology,2020-12-11,7,2020,12,2020,22353000000.0,3619000000.0,17202000000.0,11775000000.0,0.1619022055205118,23.83022637718611,0.5267749295396591,14608000000.0,0.17757393209200445,1
6951,Applied Materials,Information Technology,2021-12-17,7,2021,12,2021,25825000000.0,5888000000.0,23063000000.0,13578000000.0,0.22799612778315587,23.974608851952112,0.5257696030977734,17202000000.0,0.34071619579118706,1
6951,Applied Materials,Information Technology,2022-12-16,7,2022,12,2022,26726000000.0,6525000000.0,25785000000.0,14532000000.0,0.24414427897927113,24.00890271130528,0.5437401781037192,23063000000.0,0.11802454147335562,1
6951,Applied Materials,Information Technology,2023-12-15,13,2023,12,2023,30729000000.0,6856000000.0,26517000000.0,14380000000.0,0.22311171857203294,24.14847267106892,0.46796186013212276,25785000000.0,0.028388598022105915,1
6951,Applied Materials,Information Technology,2024-12-13,11,2024,12,2024,34409000000.0,7177000000.0,27176000000.0,15408000000.0,0.20857915080356884,24.261583995014128,0.4477898224301782,26517000000.0,0.024851981747558094,1
6951,Applied Materials,Information Technology,2025-12-12,9,2025,12,2025,36299000000.0,6998000000.0,28368000000.0,15884000000.0,0.1927876801013802,24.31505602962839,0.437587812336428,27176000000.0,0.04386223138063006,1
7084,Archer Daniels Midland,Consumer Staples,2019-02-19,0,2019,2,2018,40833000000.0,1810000000.0,64341000000.0,40833000000.0,0.04432689246442828,24.432756414964455,1.0,,,0
7084,Archer Daniels Midland,Consumer Staples,2020-02-18,0,2020,2,2019,43997000000.0,1379000000.0,64656000000.0,43997000000.0,0.03134304611678069,24.507387286722004,1.0,64341000000.0,0.004895789620926072,0
7084,Archer Daniels Midland,Consumer Staples,2021-02-18,0,2021,2,2020,49719000000.0,1772000000.0,64355000000.0,49719000000.0,0.03564029847744323,24.62965299075593,1.0,64656000000.0,-0.004655407077456042,0
7084,Archer Daniels Midland,Consumer Staples,2022-02-17,1,2022,2,2021,56136000000.0,2709000000.0,85249000000.0,56136000000.0,0.04825780247969218,24.751043154896397,1.0,64355000000.0,0.3246678579752933,1
7084,Archer Daniels Midland,Consumer Staples,2023-02-14,1,2023,2,2022,59774000000.0,4340000000.0,101556000000.0,59774000000.0,0.07260681901830227,24.813836620748937,1.0,85249000000.0,0.19128670131027925,1
7084,Archer Daniels Midland,Consumer Staples,2024-03-12,2,2024,3,2023,54631000000.0,3483000000.0,93935000000.0,54631000000.0,0.06375501089125223,24.723867324147147,1.0,101556000000.0,-0.07504234117137343,1
7084,Archer Daniels Midland,Consumer Staples,2025-02-20,3,2025,2,2024,53271000000.0,1800000000.0,85530000000.0,53271000000.0,0.0337894914681534,24.69865792999122,1.0,93935000000.0,-0.08947676584872521,1
7084,Archer Daniels Midland,Consumer Staples,2026-02-17,4,2026,2,2025,52389000000.0,1078000000.0,80269000000.0,52389000000.0,0.020576838649334784,24.68196248257223,1.0,85530000000.0,-0.06151058108266105,1
8670,Automatic Data Processing,Industrials,2019-08-09,6,2019,8,2019,41887700000.0,2292800000.0,14110200000.0,36487800000.0,0.05473683205332353,24.45825806469256,0.8710862615994671,,,1
8670,Automatic Data Processing,Industrials,2020-08-05,6,2020,8,2020,39165500000.0,2466500000.0,14589800000.0,33413300000.0,0.06297634397620355,24.391062094184825,0.8531309443260012,14110200000.0,0.03398959617865094,1
8670,Automatic Data Processing,Industrials,2021-08-04,11,2021,8,2021,48772500000.0,2598500000.0,15005400000.0,43102400000.0,0.053277974268286434,24.61043246637569,0.8837439130657645,14589800000.0,0.028485654361266155,1
8670,Automatic Data Processing,Industrials,2022-08-03,8,2022,8,2022,63068200000.0,2948900000.0,16498300000.0,59842900000.0,0.04675731985374563,24.86748251749693,0.9488601228511357,15005400000.0,0.0994908499606808,1
8670,Automatic Data Processing,Industrials,2023-08-03,25,2023,8,2023,50971000000.0,3412000000.0,18012200000.0,47461900000.0,0.06694002471993879,24.654522680489855,0.9311549704734065,16498300000.0,0.09176096931198963,1
8670,Automatic Data Processing,Industrials,2024-08-07,26,2024,8,2024,54362700000.0,3752000000.0,19202600000.0,49815100000.0,0.06901791117806878,24.718944093870068,0.9163470541382235,18012200000.0,0.06608853998956254,1
8670,Automatic Data Processing,Industrials,2025-08-06,20,2025,8,2025,53369300000.0,4079700000.0,20560900000.0,47181300000.0,0.07644282387065222,24.70050151122349,0.8840531916288953,19202600000.0,0.07073521293991436,1
8670,Automatic Data Processing,Industrials,2026-08-05,14,2026,8,2026,63193300000.0,4413500000.0,21947400000.0,57162100000.0,0.06984126481763098,24.869464119821256,0.9045595023523063,20560900000.0,0.06743381855852615,1
8818,Avery Dennison,Materials,2019-02-27,0,2019,2,2018,5177500000.0,467400000.0,7159000000.0,5177500000.0,0.09027522935779816,22.367588151234013,1.0,,,0
8818,Avery Dennison,Materials,2020-02-26,0,2020,2,2019,5488800000.0,303600000.0,7070100000.0,5488800000.0,0.055312636641888936,22.425975489340956,1.0,7159000000.0,-0.01241793546584724,0
8818,Avery Dennison,Materials,2021-02-25,0,2021,2,2020,,,,,,,,7070100000.0,,0
8818,Avery Dennison,Materials,2022-02-23,2,2022,2,2021,6083900000.0,555900000.0,6971500000.0,6083900000.0,0.09137231052449908,22.528911774653476,1.0,,,1
8818,Avery Dennison,Materials,2023-02-22,1,2023,2,2022,7950500000.0,757100000.0,9039300000.0,7950500000.0,0.09522671530092447,22.796500656716727,1.0,6971500000.0,0.2966076167252385,1
8818,Avery Dennison,Materials,2024-02-21,2,2024,2,2023,8209800000.0,503000000.0,8364300000.0,8209800000.0,0.06126824039562474,22.828594399578094,1.0,9039300000.0,-0.07467392386578608,1
8818,Avery Dennison,Materials,2025-02-26,1,2025,2,2024,8404200000.0,704900000.0,8755700000.0,8404200000.0,0.08387472930201566,22.85199741783733,1.0,8364300000.0,0.04679411307581027,1
8818,Avery Dennison,Materials,2026-02-25,1,2026,2,2025,8801700000.0,688000000.0,8855500000.0,8801700000.0,0.0781667177931536,22.89821072159155,1.0,8755700000.0,0.011398289114519677,1
9389,Ball Corporation,Materials,2019-02-22,0,2019,2,2018,16554000000.0,,,12992000000.0,,23.529893601409615,0.7848254198381056,,,0
9389,Ball Corporation,Materials,2020-02-19,0,2020,2,2019,17360000000.0,,,14341000000.0,,23.577434546178615,0.8260944700460829,,,0
9389,Ball Corporation,Materials,2021-02-17,0,2021,2,2020,18252000000.0,,,14915000000.0,,23.62754050001157,0.8171707210168748,,,0
9389,Ball Corporation,Materials,2022-02-16,0,2022,2,2021,19714000000.0,,,16029000000.0,,23.70459488018966,0.8130770011159582,,,0
9389,Ball Corporation,Materials,2023-02-21,0,2023,2,2022,19909000000.0,,,16382000000.0,,23.71443772774407,0.8228439399266664,,,0
9389,Ball Corporation,Materials,2024-02-20,0,2024,2,2023,19303000000.0,,,15466000000.0,,23.68352636119215,0.8012226078847847,,,0
9389,Ball Corporation,Materials,2025-02-20,0,2025,2,2024,17628000000.0,,,11698000000.0,,23.592754383926152,0.6636033582936238,,,0
9389,Ball Corporation,Materials,2026-02-19,0,2026,2,2025,19524000000.0,,,14103000000.0,,23.694910314971313,0.722341733251383,,,0
10456,Baxter International,Health Care,2019-02-21,0,2019,2,2018,15720000000.0,1546000000.0,11099000000.0,7854000000.0,0.09834605597964377,23.47819962394747,0.499618320610687,,,0
10456,Baxter International,Health Care,2020-03-17,0,2020,3,2019,18193000000.0,1001000000.0,11362000000.0,10281000000.0,0.05502116198537899,23.62430274166108,0.5651074589127687,11099000000.0,0.023695828453013768,0
10456,Baxter International,Health Care,2021-02-11,0,2021,2,2020,20019000000.0,1102000000.0,11673000000.0,11293000000.0,0.05504770468055348,23.71994765953599,0.5641140916129677,11362000000.0,0.027371941559584556,0
10456,Baxter International,Health Care,2022-02-23,0,2022,2,2021,33521000000.0,1284000000.0,12146000000.0,24400000000.0,0.038304346529041494,24.23543794505086,0.7279019122341219,11673000000.0,0.04052086010451461,0
10456,Baxter International,Health Care,2023-02-09,1,2023,2,2022,28287000000.0,-2433000000.0,10057000000.0,22392000000.0,-0.08601124191324637,24.06566817209806,0.7916003818008273,12146000000.0,-0.1719907788572369,1
10456,Baxter International,Health Care,2024-02-08,2,2024,2,2023,28276000000.0,2656000000.0,10360000000.0,19808000000.0,0.09393124911585797,24.06527922525512,0.7005234120809167,10057000000.0,0.030128268867455565,1
10456,Baxter International,Health Care,2025-02-21,13,2025,2,2024,25782000000.0,-649000000.0,10636000000.0,18758000000.0,-0.02517260103948491,23.972942410967324,0.7275618648669614,10360000000.0,0.026640926640926654,1
10456,Baxter International,Health Care,2026-02-12,10,2026,2,2025,20055000000.0,-957000000.0,11244000000.0,13953000000.0,-0.04771877337322363,23.721744336168427,0.6957367240089753,10636000000.0,0.05716434749905974,1
10795,Becton Dickinson,Health Care,2019-11-27,9,2019,11,2019,51765000000.0,1233000000.0,17290000000.0,51765000000.0,0.023819182845552015,24.66998008216449,1.0,,,1
10795,Becton Dickinson,Health Care,2020-11-25,3,2020,11,2020,54012000000.0,874000000.0,16074000000.0,54012000000.0,0.016181589276457083,24.712472081045206,1.0,17290000000.0,-0.0703296703296703,1
10795,Becton Dickinson,Health Care,2021-11-24,2,2021,11,2021,53866000000.0,2092000000.0,19131000000.0,53866000000.0,0.03883711432072179,24.709765318051087,1.0,16074000000.0,0.19018290406868243,1
10795,Becton Dickinson,Health Care,2022-11-22,6,2022,11,2022,52934000000.0,1779000000.0,18870000000.0,52934000000.0,0.03360788906940718,24.692311691470465,1.0,19131000000.0,-0.013642778736082772,1
10795,Becton Dickinson,Health Care,2023-11-21,10,2023,11,2023,52780000000.0,1484000000.0,19372000000.0,52780000000.0,0.028116710875331564,24.68939816802159,1.0,18870000000.0,0.02660307366189718,1
10795,Becton Dickinson,Health Care,2024-11-27,20,2024,11,2024,57286000000.0,1705000000.0,20178000000.0,57286000000.0,0.02976294382571658,24.771322102716404,1.0,19372000000.0,0.04160644228783816,1
10795,Becton Dickinson,Health Care,2025-11-25,9,2025,11,2025,55325000000.0,1678000000.0,21840000000.0,55325000000.0,0.0303298689561681,24.736490722883527,1.0,20178000000.0,0.08236693428486475,1
11544,W. R. Berkley Corporation,Financials,2019-02-22,0,2019,2,2018,24895977000.0,640749000.0,7691651000.0,19416179000.0,0.025737049805275768,23.937972061098776,0.7798922291742155,,,0
11544,W. R. Berkley Corporation,Financials,2020-02-20,0,2020,2,2019,26662144000.0,681944000.0,7902196000.0,20543802000.0,0.025577237899547762,24.006510568568476,0.7705232557441742,7691651000.0,0.027373186848961284,0
11544,W. R. Berkley Corporation,Financials,2021-02-18,0,2021,2,2020,28606913000.0,530670000.0,8098925000.0,22281116000.0,0.01855041122402826,24.076914238850982,0.7788717363526781,7902196000.0,0.024895484748796326,0
11544,W. R. Berkley Corporation,Financials,2022-02-24,0,2022,2,2021,32086414000.0,1022490000.0,9455466000.0,25418684000.0,0.031866758310853935,24.191698537615714,0.7921946029867969,8098925000.0,0.1674964269949406,0
11544,W. R. Berkley Corporation,Financials,2023-02-24,0,2023,2,2022,33861099000.0,1381062000.0,11166499000.0,27092938000.0,0.040786094981737006,24.245532670301287,0.8001198661626429,9455466000.0,0.18095702528040403,0
11544,W. R. Berkley Corporation,Financials,2024-02-23,4,2024,2,2023,37202015000.0,1381359000.0,12142938000.0,29732778000.0,0.03713129517312436,24.339628763425218,0.7992249344558352,11166499000.0,0.08744361146676316,1
11544,W. R. Berkley Corporation,Financials,2025-02-24,9,2025,2,2024,40567268000.0,1756115000.0,13638752000.0,32159829000.0,0.04328896390065015,24.42622737149799,0.7927531378253029,12142938000.0,0.12318386209334187,1
11544,W. R. Berkley Corporation,Financials,2026-02-27,9,2026,2,2025,44071071000.0,1779403000.0,14707856000.0,34359177000.0,0.040375760325860925,24.509069417751437,0.7796310872499559,13638752000.0,0.07838723073782705,1
12927,Boeing,Industrials,2019-02-08,2,2019,2,2018,117359000000.0,10460000000.0,101127000000.0,117359000000.0,0.08912823047231146,25.488503449954106,1.0,,,1
12927,Boeing,Industrials,2020-01-31,2,2020,1,2019,133625000000.0,-636000000.0,76559000000.0,141925000000.0,-0.004759588400374181,25.618303206291618,1.062114125350795,101127000000.0,-0.24294204317343537,1
12927,Boeing,Industrials,2021-02-01,0,2021,2,2020,152136000000.0,-11873000000.0,58158000000.0,170211000000.0,-0.07804201503917547,25.748040694596387,1.1188081716359046,76559000000.0,-0.24035057929178805,0
12927,Boeing,Industrials,2022-01-31,0,2022,1,2021,138552000000.0,-4202000000.0,62286000000.0,153398000000.0,-0.030327963508285698,25.654511543373154,1.1071511057220393,58158000000.0,0.07097905705148055,0
12927,Boeing,Industrials,2023-01-27,0,2023,1,2022,137100000000.0,-4935000000.0,66608000000.0,152948000000.0,-0.03599562363238512,25.64397642351468,1.1155944566010212,62286000000.0,0.0693895899560093,0
12927,Boeing,Industrials,2024-01-31,1,2024,1,2023,137012000000.0,-2222000000.0,77794000000.0,154240000000.0,-0.01621755758619683,25.643334350179526,1.1257408110238518,66608000000.0,0.16793778525102088,1
12927,Boeing,Industrials,2025-02-03,1,2025,2,2024,156363000000.0,-11817000000.0,66517000000.0,160277000000.0,-0.0755741447784962,25.775446064179814,1.0250314972212096,77794000000.0,-0.1449597655346171,1
12927,Boeing,Industrials,2026-01-30,1,2026,1,2025,168235000000.0,2235000000.0,89463000000.0,162778000000.0,0.013284988260468986,25.848627648450815,0.9675632300056468,66517000000.0,0.3449644451794278,1
14272,Bristol Myers Squibb,Health Care,2019-02-25,0,2019,2,2018,34986000000.0,4920000000.0,22561000000.0,20859000000.0,0.14062767964328587,24.278213818414486,0.5962099125364432,,,0
14272,Bristol Myers Squibb,Health Care,2020-02-24,0,2020,2,2019,129944000000.0,3439000000.0,26145000000.0,78246000000.0,0.026465246567752263,25.590369425363505,0.6021516961152497,22561000000.0,0.15885820663977657,0
14272,Bristol Myers Squibb,Health Care,2021-02-10,0,2021,2,2020,118481000000.0,-9015000000.0,42518000000.0,80599000000.0,-0.07608814915471679,25.498018447113413,0.6802694102851934,26145000000.0,0.6262382864792504,0
14272,Bristol Myers Squibb,Health Care,2022-02-09,0,2022,2,2021,109314000000.0,6994000000.0,46385000000.0,73308000000.0,0.06398082587774667,25.417490311758012,0.6706185849936879,42518000000.0,0.09094971541464791,0
14272,Bristol Myers Squibb,Health Care,2023-02-14,0,2023,2,2022,96820000000.0,6327000000.0,46159000000.0,65702000000.0,0.06534806858087172,25.29611942145796,0.6785994629208841,46385000000.0,-0.004872264740756749,0
14272,Bristol Myers Squibb,Health Care,2024-02-13,0,2024,2,2023,95159000000.0,8025000000.0,45006000000.0,65674000000.0,0.08433253817295264,25.278815013708886,0.6901501697159491,46159000000.0,-0.024978877358694973,0
14272,Bristol Myers Squibb,Health Care,2025-02-12,4,2025,2,2024,92603000000.0,-8948000000.0,48300000000.0,76215000000.0,-0.09662753906460914,25.251587375481968,0.823029491485157,45006000000.0,0.07319024130115981,1
14272,Bristol Myers Squibb,Health Care,2026-02-11,8,2026,2,2025,90038000000.0,7054000000.0,48194000000.0,71533000000.0,0.07834469890490682,25.223497640388178,0.7944756658299829,48300000000.0,-0.002194616977225672,1
16918,Constellation Brands,Consumer Staples,2019-04-23,0,2019,4,2018,20538700000.0,2303400000.0,7580300000.0,12547000000.0,0.1121492596902433,23.745576748304615,0.6108955289283158,,,0
16918,Constellation Brands,Consumer Staples,2020-04-21,0,2020,4,2019,29231500000.0,3435900000.0,8116000000.0,16394300000.0,0.11754100884319997,24.09851273189281,0.5608436104886851,7580300000.0,0.07067002625225904,0
16918,Constellation Brands,Consumer Staples,2021-04-20,0,2021,4,2020,27323200000.0,-11800000.0,8343500000.0,14848900000.0,-0.0004318674240206125,24.031001995097245,0.5434539146220062,8116000000.0,0.02803104977821591,0
16918,Constellation Brands,Consumer Staples,2022-04-21,0,2022,4,2021,27104800000.0,1998000000.0,8614900000.0,13175700000.0,0.07371388093621795,24.022976670919075,0.48610209261828163,8343500000.0,0.032528315455144785,0
16918,Constellation Brands,Consumer Staples,2023-04-20,0,2023,4,2022,25855800000.0,-40400000.0,8820700000.0,13808000000.0,-0.0015625120862630434,23.975800784106664,0.534038784334656,8614900000.0,0.023888843747460697,0
16918,Constellation Brands,Consumer Staples,2024-04-23,1,2024,4,2023,24662300000.0,-71000000.0,9452600000.0,15928400000.0,-0.0028788880193655903,23.92854159878431,0.6458602806713081,8820700000.0,0.07163830534991544,1
16918,Constellation Brands,Consumer Staples,2025-04-23,2,2025,4,2024,25691700000.0,1727400000.0,9961800000.0,15627100000.0,0.06723572204252735,23.969433819487236,0.6082548060268491,9452600000.0,0.053868776844466115,1
16918,Constellation Brands,Consumer Staples,2026-04-22,2,2026,4,2025,21652300000.0,-81400000.0,10208700000.0,14517500000.0,-0.0037594158588233123,23.79837752131813,0.6704830433718358,9961800000.0,0.024784677467927452,1
18230,Caterpillar Inc.,Industrials,2019-02-14,0,2019,2,2018,78509000000.0,,54722000000.0,64429000000.0,,25.086479104844532,0.8206575042351832,,,0
18230,Caterpillar Inc.,Industrials,2020-02-19,0,2020,2,2019,78453000000.0,,53800000000.0,63824000000.0,,25.08576555631207,0.8135316686423719,54722000000.0,-0.01684879938598738,0
18230,Caterpillar Inc.,Industrials,2021-02-17,0,2021,2,2020,78324000000.0,,41748000000.0,62946000000.0,,25.084119906387492,0.8036617128849395,53800000000.0,-0.22401486988847585,0
18230,Caterpillar Inc.,Industrials,2022-02-16,0,2022,2,2021,82793000000.0,,50971000000.0,66277000000.0,,25.139609353701026,0.8005145362530649,41748000000.0,0.2209207626712657,0
18230,Caterpillar Inc.,Industrials,2023-02-15,4,2023,2,2022,81943000000.0,,59427000000.0,66052000000.0,,25.129289720550165,0.8060725138205826,50971000000.0,0.1658982558709854,1
18230,Caterpillar Inc.,Industrials,2024-02-16,3,2024,2,2023,87476000000.0,,67060000000.0,67973000000.0,,25.19463030697249,0.7770474187205634,59427000000.0,0.1284433001834182,1
18230,Caterpillar Inc.,Industrials,2025-02-14,5,2025,2,2024,87764000000.0,,64809000000.0,68270000000.0,,25.197917230726116,0.7778815915409507,67060000000.0,-0.03356695496570239,1
18230,Caterpillar Inc.,Industrials,2026-02-13,8,2026,2,2025,98585000000.0,,67589000000.0,77267000000.0,,25.314184957164642,0.7837602069280316,64809000000.0,0.04289527689055528,1
19617,JPMorgan Chase,Financials,2019-02-26,0,2019,2,2018,2622532000000.0,32474000000.0,108783000000.0,2366017000000.0,0.012382689705978802,28.595161379239652,0.9021880381249876,,,0
19617,JPMorgan Chase,Financials,2020-02-25,0,2020,2,2019,2686477000000.0,36431000000.0,115720000000.0,2426049000000.0,0.013560882896075419,28.619251785753494,0.9030596576855116,108783000000.0,0.06376915510695613,0
19617,JPMorgan Chase,Financials,2021-02-23,3,2021,2,2020,3384757000000.0,29131000000.0,119951000000.0,3105403000000.0,0.008606526258753583,28.85030323241906,0.9174670441629931,115720000000.0,0.03656239198064304,1
19617,JPMorgan Chase,Financials,2022-02-22,2,2022,2,2021,3743567000000.0,48334000000.0,121649000000.0,3449440000000.0,0.012911215426356735,28.951060016146318,0.9214313514356762,119951000000.0,0.014155780276946528,1
19617,JPMorgan Chase,Financials,2023-02-21,0,2023,2,2022,3665743000000.0,37676000000.0,128695000000.0,3373411000000.0,0.010277861814098807,28.930052159233473,0.9202530019153007,121649000000.0,0.05792073917582563,0
19617,JPMorgan Chase,Financials,2024-02-16,7,2024,2,2023,3875393000000.0,49552000000.0,158104000000.0,3547515000000.0,0.012786316123293819,28.9856681929461,0.9153949031749812,128695000000.0,0.22851703640390064,1
19617,JPMorgan Chase,Financials,2025-02-14,33,2025,2,2024,4002814000000.0,58471000000.0,177556000000.0,3658056000000.0,0.014607473642292647,29.01801872970831,0.9138710916869982,158104000000.0,0.12303294034306522,1
19617,JPMorgan Chase,Financials,2026-02-13,19,2026,2,2025,4424900000000.0,57048000000.0,182447000000.0,4062462000000.0,0.01289249474564397,29.118268795263027,0.9180912562995774,177556000000.0,0.027546238933068956,1
20286,Cincinnati Financial,Financials,2019-02-22,0,2019,2,2018,21935000000.0,287000000.0,5407000000.0,14102000000.0,0.013084112149532711,23.81134937156459,0.6428994757237292,,,0
20286,Cincinnati Financial,Financials,2020-02-25,0,2020,2,2019,25408000000.0,1997000000.0,7924000000.0,15544000000.0,0.07859729219143577,23.95832992201114,0.6117758186397985,5407000000.0,0.4655076752358054,0
20286,Cincinnati Financial,Financials,2021-02-25,0,2021,2,2020,27542000000.0,1216000000.0,7536000000.0,16753000000.0,0.044150751579406,24.038977949251347,0.6082710042843656,7924000000.0,-0.04896516910651183,0
20286,Cincinnati Financial,Financials,2022-02-24,0,2022,2,2021,31387000000.0,2968000000.0,9626000000.0,18282000000.0,0.09456144263548603,24.16965963139483,0.5824704495491764,7536000000.0,0.2773354564755839,0
20286,Cincinnati Financial,Financials,2023-02-23,0,2023,2,2022,29732000000.0,-487000000.0,6563000000.0,19170000000.0,-0.016379658280640388,24.115489743809455,0.6447598547020046,9626000000.0,-0.3182007064201122,0
20286,Cincinnati Financial,Financials,2024-02-26,2,2024,2,2023,32769000000.0,1843000000.0,10013000000.0,20671000000.0,0.0562421801092496,24.212748783475927,0.6308096066404224,6563000000.0,0.5256742343440499,1
20286,Cincinnati Financial,Financials,2025-02-24,8,2025,2,2024,36501000000.0,2292000000.0,11337000000.0,22566000000.0,0.06279280019725487,24.320605494419834,0.6182296375441769,10013000000.0,0.13222810346549485,1
20286,Cincinnati Financial,Financials,2026-02-23,7,2026,2,2025,41002000000.0,2393000000.0,12631000000.0,25091000000.0,0.058363006682600846,24.436886682948792,0.6119457587434759,11337000000.0,0.11413954308900065,1
21076,Clorox,Consumer Staples,2019-08-14,0,2019,8,2019,5116000000.0,820000000.0,6214000000.0,4557000000.0,0.1602814698983581,22.35563872066301,0.8907349491790462,,,0
21076,Clorox,Consumer Staples,2020-08-13,0,2020,8,2020,6213000000.0,939000000.0,6721000000.0,5305000000.0,0.15113471752776436,22.54990970802797,0.8538548205375824,6214000000.0,0.08158995815899583,0
21076,Clorox,Consumer Staples,2021-08-10,0,2021,8,2021,6334000000.0,710000000.0,7341000000.0,5742000000.0,0.11209346384591096,22.569197785062862,0.9065361540890433,6721000000.0,0.09224817735456026,0
21076,Clorox,Consumer Staples,2022-08-10,0,2022,8,2022,6158000000.0,462000000.0,7107000000.0,5429000000.0,0.07502435855797336,22.54101788644872,0.8816174082494317,7341000000.0,-0.03187576624438082,0
21076,Clorox,Consumer Staples,2023-08-10,3,2023,8,2023,5945000000.0,149000000.0,7389000000.0,5557000000.0,0.025063078216989068,22.505816367089157,0.9347350714886459,7107000000.0,0.03967918953144789,1
21076,Clorox,Consumer Staples,2024-08-08,7,2024,8,2024,5751000000.0,280000000.0,7093000000.0,5259000000.0,0.04868718483741958,22.472639589678028,0.9144496609285342,7389000000.0,-0.040059547976722176,1
21076,Clorox,Consumer Staples,2025-08-08,3,2025,8,2025,5561000000.0,810000000.0,7104000000.0,5079000000.0,0.14565725588922857,22.43904378515184,0.9133249415572738,7093000000.0,0.0015508247568025713,1
21076,Clorox,Consumer Staples,2026-08-07,12,2026,8,2026,,,,,,,,7104000000.0,,1
21344,Coca-Cola Company (The),Consumer Staples,2019-02-21,1,2019,2,2018,83216000000.0,6434000000.0,34300000000.0,83216000000.0,0.07731686214189579,25.144705473977126,1.0,,,1
21344,Coca-Cola Company (The),Consumer Staples,2020-02-24,1,2020,2,2019,86381000000.0,8920000000.0,37266000000.0,86381000000.0,0.10326344913812065,25.182033581165832,1.0,34300000000.0,0.08647230320699717,1
21344,Coca-Cola Company (The),Consumer Staples,2021-02-25,1,2021,2,2020,87296000000.0,7747000000.0,33014000000.0,87296000000.0,0.08874404325513197,25.192570479727355,1.0,37266000000.0,-0.11409864219395693,1
21344,Coca-Cola Company (The),Consumer Staples,2022-02-22,1,2022,2,2021,94354000000.0,9771000000.0,38655000000.0,94354000000.0,0.1035568179409458,25.270319503198827,1.0,33014000000.0,0.17086690494941537,1
21344,Coca-Cola Company (The),Consumer Staples,2023-02-21,1,2023,2,2022,92763000000.0,9542000000.0,43004000000.0,92763000000.0,0.10286428856332805,25.253313690337286,1.0,38655000000.0,0.11250808433579107,1
21344,Coca-Cola Company (The),Consumer Staples,2024-02-20,4,2024,2,2023,97703000000.0,10714000000.0,45754000000.0,97703000000.0,0.10965886410857395,25.305198101767324,1.0,43004000000.0,0.06394753976374301,1
21344,Coca-Cola Company (The),Consumer Staples,2025-02-20,5,2025,2,2024,100549000000.0,10631000000.0,47061000000.0,100549000000.0,0.1057295447990532,25.33391100781477,1.0,45754000000.0,0.028565808453905772,1
21344,Coca-Cola Company (The),Consumer Staples,2026-02-20,7,2026,2,2025,104816000000.0,13107000000.0,47941000000.0,104816000000.0,0.1250477026408182,25.37547226893593,1.0,47061000000.0,0.018699135164998548,1
21665,Colgate-Palmolive,Consumer Staples,2019-02-21,0,2019,2,2018,12161000000.0,2400000000.0,15544000000.0,11964000000.0,0.1973521914316257,23.221499946945276,0.9838006742866541,,,0
21665,Colgate-Palmolive,Consumer Staples,2020-02-21,0,2020,2,2019,15034000000.0,2367000000.0,15693000000.0,14476000000.0,0.15744312890780895,23.433580139701686,0.9628841293069044,15544000000.0,0.009585692228512688,0
21665,Colgate-Palmolive,Consumer Staples,2021-02-18,0,2021,2,2020,15920000000.0,2695000000.0,16471000000.0,14819000000.0,0.16928391959798994,23.490842017362645,0.9308417085427135,15693000000.0,0.049576244185305596,0
21665,Colgate-Palmolive,Consumer Staples,2022-02-17,0,2022,2,2021,15040000000.0,2166000000.0,17421000000.0,14069000000.0,0.1440159574468085,23.433979155468105,0.935438829787234,16471000000.0,0.05767712950033399,0
21665,Colgate-Palmolive,Consumer Staples,2023-02-16,0,2023,2,2022,15731000000.0,1785000000.0,17967000000.0,14925000000.0,0.11347021804081114,23.47889912478678,0.9487635878202276,17421000000.0,0.031341484415360776,0
21665,Colgate-Palmolive,Consumer Staples,2024-02-15,6,2024,2,2023,16393000000.0,2300000000.0,19457000000.0,15436000000.0,0.14030378820228145,23.520120251390733,0.941621423778442,17967000000.0,0.08292981577336223,1
21665,Colgate-Palmolive,Consumer Staples,2025-02-13,9,2025,2,2024,16046000000.0,2889000000.0,20101000000.0,15502000000.0,0.1800448709958868,23.498725434277876,0.9660974697743986,19457000000.0,0.03309862774322858,1
21665,Colgate-Palmolive,Consumer Staples,2026-02-23,3,2026,2,2025,16330000000.0,2132000000.0,20382000000.0,15965000000.0,0.13055725658297612,23.516269743928785,0.9776484996938151,20101000000.0,0.013979404009750729,1
24545,Molson Coors Beverage Company,Consumer Staples,2019-02-12,0,2019,2,2018,30109800000.0,1116500000.0,13338000000.0,16374000000.0,0.03708095038824569,24.12811653710647,0.5438096566566367,,,0
24545,Molson Coors Beverage Company,Consumer Staples,2020-02-12,0,2020,2,2019,28859800000.0,241700000.0,13009100000.0,15186700000.0,0.00837497141352331,24.08571546026119,0.5262233279509907,13338000000.0,-0.02465886939571149,0
24545,Molson Coors Beverage Company,Consumer Staples,2021-02-11,0,2021,2,2020,27331100000.0,-949000000.0,11723800000.0,14709800000.0,-0.03472234926512288,24.031291084887254,0.5382073901160217,13009100000.0,-0.09880007071972696,0
24545,Molson Coors Beverage Company,Consumer Staples,2022-02-23,0,2022,2,2021,27619000000.0,1005700000.0,12449900000.0,13954900000.0,0.036413338643687315,24.041769778624037,0.5052644918353307,11723800000.0,0.061933843975502834,0
24545,Molson Coors Beverage Company,Consumer Staples,2023-02-21,0,2023,2,2022,25868300000.0,-175300000.0,12807500000.0,12953100000.0,-0.006776633949660395,23.97628411780385,0.500732556835973,12449900000.0,0.028723122274074475,0
24545,Molson Coors Beverage Company,Consumer Staples,2024-02-20,4,2024,2,2023,26375100000.0,948900000.0,13884600000.0,12940000000.0,0.03597711477871174,23.99568622020465,0.490614253595247,12807500000.0,0.08409916064805767,1
24545,Molson Coors Beverage Company,Consumer Staples,2025-02-18,6,2025,2,2024,26064300000.0,1122400000.0,13734300000.0,12611600000.0,0.04306273331721934,23.98383239886877,0.4838649033352133,13884600000.0,-0.010824942742318822,1
24545,Molson Coors Beverage Company,Consumer Staples,2026-02-18,6,2026,2,2025,22738400000.0,-2139600000.0,13040300000.0,12195700000.0,-0.09409633043661823,23.84732096219531,0.5363482039193611,13734300000.0,-0.05053042382939066,1
24741,Corning Inc.,Information Technology,2019-02-12,0,2019,2,2018,27505000000.0,1066000000.0,11290000000.0,13619000000.0,0.038756589710961645,24.037633643273832,0.49514633702963096,,,0
24741,Corning Inc.,Information Technology,2020-02-18,0,2020,2,2019,28898000000.0,960000000.0,11503000000.0,15901000000.0,0.03322029206173437,24.08703822551783,0.5502456917433732,11290000000.0,0.018866253321523363,0
24741,Corning Inc.,Information Technology,2021-02-12,0,2021,2,2020,30775000000.0,512000000.0,11303000000.0,17327000000.0,0.016636880584890334,24.14996850901693,0.5630219333874898,11503000000.0,-0.017386768669042874,0
24741,Corning Inc.,Information Technology,2022-02-14,0,2022,2,2021,30154000000.0,1906000000.0,14082000000.0,17609000000.0,0.0632088611792797,24.12958342130314,0.5839689593420442,11303000000.0,0.24586392993010708,0
24741,Corning Inc.,Information Technology,2023-02-13,0,2023,2,2022,29499000000.0,1316000000.0,14189000000.0,17224000000.0,0.044611681751923794,24.10762220141254,0.5838841994643886,14082000000.0,0.007598352506746231,0
24741,Corning Inc.,Information Technology,2024-02-12,1,2024,2,2023,28500000000.0,581000000.0,12588000000.0,16632000000.0,0.020385964912280702,24.073169924221016,0.5835789473684211,14189000000.0,-0.11283388540418637,1
24741,Corning Inc.,Information Technology,2025-02-13,4,2025,2,2024,27735000000.0,506000000.0,13118000000.0,16665000000.0,0.018244095907697856,24.045960990453608,0.6008653326122229,12588000000.0,0.04210359072132186,1
24741,Corning Inc.,Information Technology,2026-02-12,6,2026,2,2025,30976000000.0,1596000000.0,15629000000.0,18669000000.0,0.05152376033057851,24.156478548040578,0.6026924070247934,13118000000.0,0.1914163744473243,1
26172,Cummins,Industrials,2019-02-11,0,2019,2,2018,19062000000.0,,23771000000.0,10803000000.0,,23.670962661461846,0.5667296191375512,,,0
26172,Cummins,Industrials,2020-02-11,0,2020,2,2019,19737000000.0,,23571000000.0,11272000000.0,,23.705760883718384,0.5711100977858844,23771000000.0,-0.008413613226200045,0
26172,Cummins,Industrials,2021-02-10,0,2021,2,2020,22624000000.0,,19811000000.0,13635000000.0,,23.842277126660573,0.6026785714285714,23571000000.0,-0.15951805184336687,0
26172,Cummins,Industrials,2022-02-08,0,2022,2,2021,23710000000.0,,24021000000.0,14309000000.0,,23.889162737023725,0.6035006326444539,19811000000.0,0.21250820251375502,0
26172,Cummins,Industrials,2023-02-14,0,2023,2,2022,30299000000.0,,28074000000.0,20074000000.0,,24.134380545616786,0.6625301165054952,24021000000.0,0.16872736355688778,0
26172,Cummins,Industrials,2024-02-12,0,2024,2,2023,32005000000.0,,34065000000.0,22101000000.0,,24.18915797754038,0.6905483518200282,28074000000.0,0.21340029920923276,0
26172,Cummins,Industrials,2025-02-11,6,2025,2,2024,31540000000.0,,34102000000.0,20232000000.0,,24.174522418481306,0.6414711477488902,34065000000.0,0.0010861588140320677,1
26172,Cummins,Industrials,2026-02-10,4,2026,2,2025,33992000000.0,,33670000000.0,20584000000.0,,24.249391039758923,0.6055542480583667,34102000000.0,-0.01266787871679076,1
27419,Target Corporation,Consumer Staples,2019-03-13,0,2019,3,2018,40303000000.0,,72714000000.0,40303000000.0,,24.41969174481575,1.0,,,0
27419,Target Corporation,Consumer Staples,2020-03-11,2,2020,3,2019,41290000000.0,,75356000000.0,41290000000.0,,24.44388617684441,1.0,72714000000.0,0.03633413097890359,1
27419,Target Corporation,Consumer Staples,2021-03-10,2,2021,3,2020,42779000000.0,,78112000000.0,42779000000.0,,24.479313164918395,1.0,75356000000.0,0.03657306651096137,1
27419,Target Corporation,Consumer Staples,2022-03-09,2,2022,3,2021,51248000000.0,4368000000.0,93561000000.0,51248000000.0,0.08523259444270996,24.659942429813213,1.0,78112000000.0,0.19778011061040557,1
27419,Target Corporation,Consumer Staples,2023-03-08,2,2023,3,2022,53811000000.0,6946000000.0,106005000000.0,53811000000.0,0.12908141458066194,24.708743744181398,1.0,93561000000.0,0.1330041363388592,1
27419,Target Corporation,Consumer Staples,2024-03-13,5,2024,3,2023,53335000000.0,2780000000.0,109120000000.0,53335000000.0,0.05212337114465173,24.69985861302386,1.0,106005000000.0,0.02938540634875708,1
27419,Target Corporation,Consumer Staples,2025-03-12,8,2025,3,2024,55356000000.0,4138000000.0,107412000000.0,55356000000.0,0.07475251101958234,24.737050891310094,1.0,109120000000.0,-0.015652492668621676,1
27419,Target Corporation,Consumer Staples,2026-03-11,10,2026,3,2025,57769000000.0,4091000000.0,106566000000.0,57769000000.0,0.07081652789558414,24.779718136567265,1.0,107412000000.0,-0.007876214948050464,1
27904,Delta Air Lines,Industrials,2019-02-15,0,2019,2,2018,60266000000.0,3935000000.0,10742000000.0,60266000000.0,0.06529386387017555,24.82203393422829,1.0,,,0
27904,Delta Air Lines,Industrials,2020-02-13,0,2020,2,2019,64532000000.0,4767000000.0,47007000000.0,64532000000.0,0.07387032789933676,24.89042706175031,1.0,10742000000.0,3.3760007447402716,0
27904,Delta Air Lines,Industrials,2021-02-12,0,2021,2,2020,71996000000.0,-12385000000.0,17095000000.0,71996000000.0,-0.17202344574698594,24.999876398863645,1.0,47007000000.0,-0.6363307592486225,0
27904,Delta Air Lines,Industrials,2022-02-11,0,2022,2,2021,72459000000.0,280000000.0,29899000000.0,72459000000.0,0.00386425426793083,25.006286721600475,1.0,17095000000.0,0.7489909330213513,0
27904,Delta Air Lines,Industrials,2023-02-10,0,2023,2,2022,72288000000.0,1318000000.0,50582000000.0,72288000000.0,0.01823262505533422,25.003923977232006,1.0,29899000000.0,0.6917622662965317,0
27904,Delta Air Lines,Industrials,2024-02-12,0,2024,2,2023,73644000000.0,4609000000.0,58048000000.0,73644000000.0,0.0625848677421107,25.02250851014137,1.0,50582000000.0,0.1476019137242497,0
27904,Delta Air Lines,Industrials,2025-02-11,0,2025,2,2024,75372000000.0,3457000000.0,61643000000.0,75372000000.0,0.04586583877301916,25.045701690206652,1.0,58048000000.0,0.06193150496141131,0
27904,Delta Air Lines,Industrials,2026-02-11,1,2026,2,2025,81317000000.0,5005000000.0,63364000000.0,81317000000.0,0.06154924554521195,25.1216209337324,1.0,61643000000.0,0.027918822899599238,1
29534,Dollar General,Consumer Staples,2019-03-22,0,2019,3,2018,12516911000.0,1538960000.0,23470967000.0,12516911000.0,0.122950462777917,23.25034644693707,1.0,,,0
29534,Dollar General,Consumer Staples,2020-03-19,0,2020,3,2019,13204038000.0,1589472000.0,25625043000.0,13204038000.0,0.12037772081540511,23.303788528848997,1.0,23470967000.0,0.0917761931155201,0
29534,Dollar General,Consumer Staples,2021-03-19,0,2021,3,2020,22825084000.0,1712555000.0,27753973000.0,22825084000.0,0.07502951577308543,23.851125943595918,1.0,25625043000.0,0.083080055709565,0
29534,Dollar General,Consumer Staples,2022-03-18,0,2022,3,2021,25862624000.0,2655050000.0,33746839000.0,25862624000.0,0.10265973011864535,23.976064674593335,1.0,27753973000.0,0.2159282204389259,0
29534,Dollar General,Consumer Staples,2023-03-24,0,2023,3,2022,26327371000.0,2399232000.0,34220449000.0,26327371000.0,0.09113070955698539,23.993874957387444,1.0,33746839000.0,0.014034203321976246,0
29534,Dollar General,Consumer Staples,2024-03-25,0,2024,3,2023,29083367000.0,2415989000.0,37844863000.0,29083367000.0,0.08307115885172442,24.09343226695329,1.0,34220449000.0,0.10591368920963018,0
29534,Dollar General,Consumer Staples,2025-03-21,10,2025,3,2024,30795591000.0,1661274000.0,38691609000.0,30795591000.0,0.0539451897513511,24.150637367328443,1.0,37844863000.0,0.022374133049444467,1
29534,Dollar General,Consumer Staples,2026-03-20,13,2026,3,2025,31132733000.0,1125253000.0,40612308000.0,23719026000.0,0.036143726925612345,24.16152561067194,0.7618677743454132,38691609000.0,0.04964122841208285,1
29905,Dover Corporation,Industrials,2019-02-15,7,2019,2,2018,8365771000.0,570267000.0,1808950000.0,8365771000.0,0.06816669975785854,22.84741433689276,1.0,,,1
29905,Dover Corporation,Industrials,2020-02-14,13,2020,2,2019,8669477000.0,677918000.0,1775589000.0,8669477000.0,0.07819595115137856,22.88307430296665,1.0,1808950000.0,-0.018442190220846366,1
29905,Dover Corporation,Industrials,2021-02-12,23,2021,2,2020,9152074000.0,683451000.0,6683760000.0,9152074000.0,0.07467717153510778,22.9372463572155,1.0,1775589000.0,2.764249496927498,1
29905,Dover Corporation,Industrials,2022-02-11,27,2022,2,2021,10403627000.0,1123818000.0,7907081000.0,10403627000.0,0.10802175049143918,23.065420332294593,1.0,6683760000.0,0.18302886399272267,1
29905,Dover Corporation,Industrials,2023-02-10,23,2023,2,2022,10896519000.0,1065376000.0,7844174000.0,10896519000.0,0.09777214172709651,23.111709217377783,1.0,7907081000.0,-0.007955780394813261,1
29905,Dover Corporation,Industrials,2024-02-09,21,2024,2,2023,11348513000.0,1056828000.0,7684476000.0,11348513000.0,0.09312479969842745,23.152352559074984,1.0,7844174000.0,-0.020358803871510234,1
29905,Dover Corporation,Industrials,2025-02-14,16,2025,2,2024,12509160000.0,2697126000.0,7745909000.0,12509160000.0,0.21561207946816574,23.249727012887845,1.0,7684476000.0,0.007994429288347149,1
29905,Dover Corporation,Industrials,2026-02-13,21,2026,2,2025,13422423000.0,1093956000.0,8092571000.0,13422423000.0,0.08150212521241508,23.320192503608297,1.0,7745909000.0,0.04475420509071304,1
29989,Omnicom Group,Communication Services,2019-02-12,0,2019,2,2018,24617000000.0,1326400000.0,15290200000.0,24617000000.0,0.053881464028923104,23.926703098125422,1.0,,,0
29989,Omnicom Group,Communication Services,2020-02-11,0,2020,2,2019,26783400000.0,1339100000.0,14953700000.0,26783400000.0,0.049997386440855156,24.011048129568866,1.0,15290200000.0,-0.02200756039816354,0
29989,Omnicom Group,Communication Services,2021-02-18,0,2021,2,2020,27647200000.0,945400000.0,13171100000.0,27647200000.0,0.03419514453543216,24.04279029396424,1.0,14953700000.0,-0.11920795522178462,0
29989,Omnicom Group,Communication Services,2022-02-09,0,2022,2,2021,28421800000.0,1407800000.0,14289400000.0,28421800000.0,0.049532401185005875,24.070422293288846,1.0,13171100000.0,0.08490558875112941,0
29989,Omnicom Group,Communication Services,2023-02-08,0,2023,2,2022,27002500000.0,1316500000.0,14289100000.0,27002500000.0,0.048754744931024906,24.019195291256903,1.0,14289400000.0,-2.099458339743787e-05,0
29989,Omnicom Group,Communication Services,2024-02-07,2,2024,2,2023,28044600000.0,1391400000.0,14692200000.0,28044600000.0,0.04961382940031236,24.057061937013057,1.0,14289100000.0,0.028210314155545202,1
29989,Omnicom Group,Communication Services,2025-02-05,2,2025,2,2024,29620700000.0,1480600000.0,15689100000.0,29620700000.0,0.04998531432410443,24.111739278187436,1.0,14692200000.0,0.06785232980765299,1
29989,Omnicom Group,Communication Services,2026-02-20,4,2026,2,2025,54415300000.0,-54500000.0,17271900000.0,54415300000.0,-0.001001556547515129,24.719911201264942,1.0,15689100000.0,0.1008853280302886,1
31462,Ecolab,Materials,2019-03-01,2,2019,3,2018,20074500000.0,,12222100000.0,12020900000.0,,23.722716189868812,0.5988144162992851,,,1
31462,Ecolab,Materials,2020-02-28,3,2020,2,2019,20869100000.0,,12562000000.0,12143300000.0,,23.761535433004067,0.5818794293956137,12222100000.0,0.02781027810278114,1
31462,Ecolab,Materials,2021-02-26,4,2021,2,2020,18126000000.0,,11790200000.0,11924500000.0,,23.620613208579,0.6578671521571223,12562000000.0,-0.06143926126412991,1
31462,Ecolab,Materials,2022-02-25,4,2022,2,2021,21206400000.0,1129900000.0,12733100000.0,13953300000.0,0.053281084955485135,23.777568859858185,0.6579758940697148,11790200000.0,0.07997319807976111,1
31462,Ecolab,Materials,2023-02-24,4,2023,2,2022,21464300000.0,1091700000.0,14187800000.0,14205700000.0,0.05086119743015146,23.789656926863596,0.6618291768191835,12733100000.0,0.11424554900220674,1
31462,Ecolab,Materials,2024-02-23,2,2024,2,2023,21846600000.0,1372300000.0,15320200000.0,13774400000.0,0.0628152664487838,23.807311139972754,0.6305054333397416,14187800000.0,0.07981505236893671,1
31462,Ecolab,Materials,2025-02-21,5,2025,2,2024,22387800000.0,2112400000.0,15741400000.0,13598600000.0,0.09435496118421641,23.831782004578468,0.6074111793030132,15320200000.0,0.02749311366692342,1
31462,Ecolab,Materials,2026-02-23,4,2026,2,2025,24696300000.0,2075600000.0,16081200000.0,14891800000.0,0.08404497839757373,23.929919271788716,0.6029972101083968,15741400000.0,0.021586390028841107,1
31791,Revvity,Health Care,2019-02-26,0,2019,2,2018,5975522000.0,237927000.0,2777996000.0,3390567000.0,0.03981693984224307,22.51093729496471,0.56740934097473,,,0
31791,Revvity,Health Care,2020-02-25,0,2020,2,2019,6538564000.0,227558000.0,2883673000.0,3724740000.0,0.03480244286054247,22.600983406440644,0.5696571907837867,2777996000.0,0.038040731520131876,0
31791,Revvity,Health Care,2021-03-02,3,2021,3,2020,,,,,,,,2883673000.0,,1
31791,Revvity,Health Care,2022-03-03,0,2022,3,2021,7960315000.0,727887000.0,3782745000.0,4224823000.0,0.09143947193044497,22.79773440888404,0.5307356555613691,,,0
31791,Revvity,Health Care,2023-03-01,4,2023,3,2022,15000554000.0,943157000.0,3827808000.0,7859309000.0,0.0628748111569746,23.431352970699937,0.5239345826827463,3782745000.0,0.011912777625771698,1
31791,Revvity,Health Care,2024-02-27,6,2024,2,2023,13564665000.0,693094000.0,2750571000.0,5691926000.0,0.051095548618414095,23.33073408684377,0.41961419614859635,3827808000.0,-0.28142398991798967,1
31791,Revvity,Health Care,2025-02-25,6,2025,2,2024,12392478000.0,270385000.0,2755026000.0,4725604000.0,0.021818477305346032,23.240355512590128,0.38132841551140945,2750571000.0,0.0016196636989191937,1
31791,Revvity,Health Care,2026-02-24,8,2026,2,2025,12168411000.0,241201000.0,2856051000.0,4918051000.0,0.019821897863246073,23.222109168453287,0.4041654247214365,2755026000.0,0.03666934540726663,1
32604,Emerson Electric,Industrials,2019-11-18,63,2019,11,2019,20497000000.0,2306000000.0,18372000000.0,20497000000.0,0.11250426891740255,23.743544370918404,1.0,,,1
32604,Emerson Electric,Industrials,2020-11-16,61,2020,11,2020,22882000000.0,1965000000.0,16785000000.0,22882000000.0,0.08587536054540687,23.853616412225165,1.0,18372000000.0,-0.0863814500326584,1
32604,Emerson Electric,Industrials,2021-11-15,58,2021,11,2021,24715000000.0,2303000000.0,12932000000.0,24715000000.0,0.09318227796884483,23.930676183705334,1.0,16785000000.0,-0.22955019362526063,1
32604,Emerson Electric,Industrials,2022-11-14,54,2022,11,2022,35672000000.0,3231000000.0,13804000000.0,35672000000.0,0.09057524108544517,24.297631904271586,1.0,12932000000.0,0.06742963192081652,1
32604,Emerson Electric,Industrials,2023-11-13,31,2023,11,2023,42746000000.0,13219000000.0,15165000000.0,42746000000.0,0.3092453095026435,24.478541460700033,1.0,13804000000.0,0.09859461025789629,1
32604,Emerson Electric,Industrials,2024-11-12,40,2024,11,2024,44246000000.0,1968000000.0,17492000000.0,44246000000.0,0.04447859693531619,24.513030808834205,1.0,15165000000.0,0.153445433564128,1
32604,Emerson Electric,Industrials,2025-11-10,48,2025,11,2025,41964000000.0,2293000000.0,18016000000.0,41964000000.0,0.05464207415880278,24.46007794481565,1.0,17492000000.0,0.0299565515664304,1
33185,Equifax,Industrials,2019-02-21,3,2019,2,2018,7153200000.0,310500000.0,3412100000.0,3997500000.0,0.04340714645193759,22.690825645978155,0.5588407985237376,,,1
33185,Equifax,Industrials,2020-02-20,6,2020,2,2019,7909000000.0,-384100000.0,3507600000.0,5286100000.0,-0.04856492603363257,22.79126718848369,0.6683651536224554,3412100000.0,0.027988628703730756,1
33185,Equifax,Industrials,2021-02-25,7,2021,2,2020,9611800000.0,520100000.0,4127500000.0,6401500000.0,0.054110572421398696,22.98625734727998,0.6660042863979692,3507600000.0,0.1767305279963507,1
33185,Equifax,Industrials,2022-02-24,6,2022,2,2021,11040900000.0,744200000.0,4923900000.0,7439700000.0,0.06740392540463187,23.124872396211774,0.6738309376952966,4127500000.0,0.19294972743791639,1
33185,Equifax,Industrials,2023-02-23,7,2023,2,2022,11547900000.0,696200000.0,5122200000.0,7574600000.0,0.06028801773482625,23.169769439201463,0.655928783588358,4923900000.0,0.04027295436544209,1
33185,Equifax,Industrials,2024-02-22,9,2024,2,2023,12280000000.0,545300000.0,5265200000.0,7592500000.0,0.04440553745928339,23.231237759665404,0.6182817589576547,5122200000.0,0.02791769161688329,1
33185,Equifax,Industrials,2025-02-20,14,2025,2,2024,11759400000.0,604100000.0,5681100000.0,6839800000.0,0.05137166862254877,23.18791875770714,0.5816453220402401,5265200000.0,0.07899035174352353,1
33185,Equifax,Industrials,2026-02-19,32,2026,2,2025,11864200000.0,660300000.0,6074500000.0,7126000000.0,0.05565482712698707,23.19679129936079,0.600630468131016,5681100000.0,0.06924715284011906,1
33213,EQT Corporation,Energy,2019-02-14,0,2019,2,2018,20721344000.0,-2244568000.0,4557868000.0,9763115000.0,-0.10832154516618227,23.754430117098924,0.4711622470048275,,,0
33213,EQT Corporation,Energy,2020-02-27,0,2020,2,2019,18809227000.0,-1221695000.0,4416484000.0,9005639000.0,-0.06495189834223385,23.657613384252773,0.4787883627540887,4557868000.0,-0.03101976625913694,0
33213,EQT Corporation,Energy,2021-02-17,0,2021,2,2020,18113469000.0,-958799000.0,3058843000.0,8850739000.0,-0.05293293073789455,23.619921642126997,0.48862749592582183,4416484000.0,-0.3074031288237431,0
33213,EQT Corporation,Energy,2022-02-10,0,2022,2,2021,21607388000.0,-1142747000.0,3064663000.0,11636389000.0,-0.052886864437293395,23.796301130192234,0.538537513187619,3058843000.0,0.001902680196401052,0
33213,EQT Corporation,Energy,2023-02-16,0,2023,2,2022,22669926000.0,1770965000.0,7497689000.0,11456598000.0,0.07811957568807239,23.84430503723467,0.5053654784757569,3064663000.0,1.4464970536727857,0
33213,EQT Corporation,Energy,2024-02-14,0,2024,2,2023,25285098000.0,1735232000.0,6908923000.0,10504281000.0,0.06862666697989464,23.953481047286548,0.4154336676883752,7497689000.0,-0.07852632991312392,0
33213,EQT Corporation,Energy,2025-02-19,0,2025,2,2024,39830255000.0,230577000.0,5273309000.0,15552119000.0,0.005788991308240432,24.40789263632886,0.3904599405652813,6908923000.0,-0.23673935865257145,0
33213,EQT Corporation,Energy,2026-02-18,0,2026,2,2025,41792874000.0,2039247000.0,8644211000.0,14432726000.0,0.04879413174600053,24.455991683475116,0.3453393992478239,5273309000.0,0.6392384743621131,0
34903,Federal Realty Investment Trust,Real Estate,2019-02-13,0,2019,2,2018,6289644000.0,241907000.0,915436000.0,3686106000.0,0.03846115932793653,22.5621703082828,0.5860595607636935,,,0
34903,Federal Realty Investment Trust,Real Estate,2020-02-10,0,2020,2,2019,6794992000.0,353866000.0,935788000.0,4019102000.0,0.05207747117288733,22.63945170721255,0.5914800194025247,915436000.0,0.022232029328101532,0
34903,Federal Realty Investment Trust,Real Estate,2021-02-11,0,2021,2,2020,7607624000.0,131706000.0,835494000.0,4921157000.0,0.017312369801662123,22.7524167393068,0.6468717433984645,935788000.0,-0.10717598430413722,0
34903,Federal Realty Investment Trust,Real Estate,2022-02-10,0,2022,2,2021,7622320000.0,261498000.0,951224000.0,4745464000.0,0.03430687769602955,22.75434662224809,0.6225747541430955,835494000.0,0.1385168535022394,0
34903,Federal Realty Investment Trust,Real Estate,2023-02-08,0,2023,2,2022,8233991000.0,385491000.0,1074378000.0,5021606000.0,0.046817029554683746,22.831536667264622,0.6098629449558544,951224000.0,0.12946897891558673,0
34903,Federal Realty Investment Trust,Real Estate,2024-02-12,0,2024,2,2023,8436512000.0,236985000.0,1132154000.0,5210990000.0,0.028090400392958608,22.855834789992457,0.6176711418178508,1074378000.0,0.05377623145671273,0
34903,Federal Realty Investment Trust,Real Estate,2025-02-13,0,2025,2,2024,8524757000.0,295208000.0,1202452000.0,5100327000.0,0.03462949149166363,22.866240355310907,0.598295881043882,1132154000.0,0.062092259533597094,0
34903,Federal Realty Investment Trust,Real Estate,2026-02-12,2,2026,2,2025,9130460000.0,411077000.0,1278975000.0,5629819000.0,0.04502259469950035,22.934881913635678,0.6165975208258948,1202452000.0,0.06363913070958338,1
35527,Fifth Third Bancorp,Financials,2019-03-01,0,2019,3,2018,146069000000.0,2193000000.0,,129819000000.0,0.015013452546399304,25.707344949752972,0.8887512066215282,,,0
35527,Fifth Third Bancorp,Financials,2020-03-02,0,2020,3,2019,169369000000.0,2512000000.0,,148166000000.0,0.01483152170704202,25.855345603598675,0.8748118014512691,,,0
35527,Fifth Third Bancorp,Financials,2021-02-26,0,2021,2,2020,204680000000.0,1427000000.0,,181569000000.0,0.006971858510846199,26.044713620883304,0.8870871604455736,,,0
35527,Fifth Third Bancorp,Financials,2022-02-25,0,2022,2,2021,211116000000.0,2770000000.0,,188906000000.0,0.01312074878265977,26.07567358239132,0.8947971731180963,,,0
35527,Fifth Third Bancorp,Financials,2023-02-24,0,2023,2,2022,207452000000.0,2446000000.0,,190125000000.0,0.011790679289667007,26.058165824556134,0.9164770645739737,,,0
35527,Fifth Third Bancorp,Financials,2024-02-27,1,2024,2,2023,214574000000.0,2349000000.0,,195402000000.0,0.010947272269706489,26.091920504164676,0.9106508710281768,,,1
35527,Fifth Third Bancorp,Financials,2025-02-24,5,2025,2,2024,212927000000.0,2314000000.0,,193282000000.0,0.010867574332987361,26.08421522090819,0.9077383328558614,,,1
35527,Fifth Third Bancorp,Financials,2026-02-24,5,2026,2,2025,214376000000.0,2522000000.0,,192652000000.0,0.011764376609321938,26.09099731957877,0.8986640295555473,,,1
36104,U.S. Bancorp,Financials,2019-02-22,0,2019,2,2018,467374000000.0,7096000000.0,22637000000.0,415717000000.0,0.01518270164793078,26.87039563063188,0.8894739544775704,,,0
36104,U.S. Bancorp,Financials,2020-02-20,0,2020,2,2019,495426000000.0,6914000000.0,,442943000000.0,0.013955666436561666,26.92868383546664,0.894064905757873,22637000000.0,,0
36104,U.S. Bancorp,Financials,2021-02-23,0,2021,2,2020,553905000000.0,4959000000.0,,500180000000.0,0.008952798765131205,27.04025902884489,0.9030068333017395,,,0
36104,U.S. Bancorp,Financials,2022-02-22,0,2022,2,2021,573284000000.0,7963000000.0,,517897000000.0,0.01389014868721262,27.074647067871958,0.9033864541832669,,,0
36104,U.S. Bancorp,Financials,2023-02-27,0,2023,2,2022,674805000000.0,5825000000.0,24302000000.0,623573000000.0,0.008632123354154163,27.23768959719362,0.9240788079519269,,,0
36104,U.S. Bancorp,Financials,2024-02-20,0,2024,2,2023,663491000000.0,5429000000.0,28144000000.0,607720000000.0,0.00818247723028647,27.22078112619563,0.915943094932712,24302000000.0,0.1580939840342359,0
36104,U.S. Bancorp,Financials,2025-02-21,0,2025,2,2024,678318000000.0,6299000000.0,27455000000.0,619278000000.0,0.009286204995297191,27.242882041476907,0.9129611775008182,28144000000.0,-0.024481239340534366,0
36104,U.S. Bancorp,Financials,2026-02-23,1,2026,2,2025,692345000000.0,7570000000.0,28656000000.0,626694000000.0,0.010933855231134767,27.263350223240167,0.9051758877438272,27455000000.0,0.04374430886905856,1
36270,M&T Bank,Financials,2019-02-20,0,2019,2,2018,120097403000.0,1918080000.0,5928302000.0,104637212000.0,0.01597103644281134,25.511568942151595,0.8712695644218051,,,0
36270,M&T Bank,Financials,2020-02-20,0,2020,2,2019,119872757000.0,1929149000.0,6191943000.0,104156108000.0,0.016093306338153212,25.509696658817504,0.8688889002527905,5928302000.0,0.04447158731117273,0
36270,M&T Bank,Financials,2021-02-22,0,2021,2,2020,142601105000.0,1353152000.0,5954761000.0,126413822000.0,0.009489070929709836,25.68331709384469,0.8864855710620194,6191943000.0,-0.03830493917660416,0
36270,M&T Bank,Financials,2022-02-16,0,2022,2,2021,155107160000.0,1859000000.0,5992000000.0,137203755000.0,0.01198526231800002,25.767382069828702,0.8845739616404555,5954761000.0,0.0062536514899589335,0
36270,M&T Bank,Financials,2023-02-22,1,2023,2,2022,200730000000.0,1992000000.0,8179000000.0,175412000000.0,0.009923778209535196,26.025226558409248,0.8738703731380462,5992000000.0,0.36498664886515364,1
36270,M&T Bank,Financials,2024-02-21,1,2024,2,2023,208264000000.0,2741000000.0,9643000000.0,181307000000.0,0.01316118004071755,26.062072342624493,0.8705633234740522,8179000000.0,0.1789949871622447,1
36270,M&T Bank,Financials,2025-02-19,2,2025,2,2024,208105000000.0,2588000000.0,1541000000.0,179078000000.0,0.012436029888758079,26.0613085969675,0.860517527209822,9643000000.0,-0.8401949600746655,1
36270,M&T Bank,Financials,2026-02-18,2,2026,2,2025,213510000000.0,2851000000.0,1657000000.0,184333000000.0,0.013353004543112735,26.086949506925702,0.8633459791110487,1541000000.0,0.07527579493835179,1
37996,Ford Motor Company,Consumer Discretionary,2019-02-21,0,2019,2,2018,256540000000.0,,160338000000.0,220474000000.0,,26.270550434818116,0.8594137366492555,,,0
37996,Ford Motor Company,Consumer Discretionary,2020-02-05,0,2020,2,2019,258537000000.0,,155900000000.0,225307000000.0,,26.27830465411456,0.8714690740590322,160338000000.0,-0.02767902805323752,0
37996,Ford Motor Company,Consumer Discretionary,2021-02-05,0,2021,2,2020,267261000000.0,,127144000000.0,236450000000.0,,26.3114915459671,0.8847156899061217,155900000000.0,-0.1844515715202053,0
37996,Ford Motor Company,Consumer Discretionary,2022-02-04,0,2022,2,2021,257035000000.0,17937000000.0,136341000000.0,208413000000.0,0.06978427062462311,26.27247809933948,0.8108351002781722,127144000000.0,0.07233530485119233,0
37996,Ford Motor Company,Consumer Discretionary,2023-02-03,4,2023,2,2022,255884000000.0,-1981000000.0,158057000000.0,212717000000.0,-0.007741789248253115,26.267990053733815,0.8313024651795344,136341000000.0,0.15927710666637318,1
37996,Ford Motor Company,Consumer Discretionary,2024-02-07,9,2024,2,2023,273310000000.0,4347000000.0,176191000000.0,230512000000.0,0.01590501628187772,26.33387251903907,0.8434085836595807,158057000000.0,0.1147307616872395,1
37996,Ford Motor Company,Consumer Discretionary,2025-02-06,9,2025,2,2024,285196000000.0,5879000000.0,184992000000.0,240338000000.0,0.020613893602995835,26.376442500142755,0.84271167898568,176191000000.0,0.04995147311724213,1
37996,Ford Motor Company,Consumer Discretionary,2026-02-11,11,2026,2,2025,289160000000.0,,187267000000.0,253180000000.0,,26.39024600507851,0.875570618342786,184992000000.0,0.012297829095312185,1
38777,Franklin Resources,Financials,2019-11-12,0,2019,11,2019,14532200000.0,1195700000.0,5774500000.0,3161300000.0,0.08227935205956428,23.399632713941187,0.21753760614359835,,,0
38777,Franklin Resources,Financials,2020-11-23,0,2020,11,2020,21684500000.0,798900000.0,5566500000.0,10273500000.0,0.03684198390555466,23.799863556554953,0.4737715880006456,5774500000.0,-0.03602043466966842,0
38777,Franklin Resources,Financials,2021-11-19,0,2021,11,2021,24168400000.0,1831200000.0,8425500000.0,11424800000.0,0.07576835868323926,23.908311831704808,0.4727164396484666,5566500000.0,0.5136081918620319,0
38777,Franklin Resources,Financials,2022-11-14,0,2022,11,2022,28060600000.0,1291900000.0,8275300000.0,14235900000.0,0.04603964277314099,24.057632294143367,0.5073269994226781,8425500000.0,-0.017826835202658597,0
38777,Franklin Resources,Financials,2023-11-14,0,2023,11,2023,30121200000.0,882800000.0,7849400000.0,16547300000.0,0.02930826129105082,24.128495079721937,0.5493572633228424,8275300000.0,-0.05146641209382141,0
38777,Franklin Resources,Financials,2024-11-12,1,2024,11,2024,32464500000.0,464800000.0,8478000000.0,17899700000.0,0.014317177224352754,24.203413021586968,0.5513622572348257,7849400000.0,0.08008255408056675,1
38777,Franklin Resources,Financials,2025-11-10,2,2025,11,2025,32368300000.0,524900000.0,8770700000.0,18179500000.0,0.016216483411238772,24.2004453857421,0.56164518989258,8478000000.0,0.03452465204057553,1
40533,General Dynamics,Industrials,2019-02-13,0,2019,2,2018,45887000000.0,3345000000.0,36193000000.0,45408000000.0,0.0728964630505372,24.549447689496432,0.9895613136618214,,,0
40533,General Dynamics,Industrials,2020-02-10,3,2020,2,2019,49349000000.0,3484000000.0,39350000000.0,49349000000.0,0.07059920160489574,24.622183339196077,1.0,36193000000.0,0.08722681181443925,1
40533,General Dynamics,Industrials,2021-02-09,2,2021,2,2020,51308000000.0,3167000000.0,37925000000.0,51308000000.0,0.061725267014890464,24.661112522384016,1.0,39350000000.0,-0.036213468869123244,1
40533,General Dynamics,Industrials,2022-02-09,2,2022,2,2021,50073000000.0,3257000000.0,38469000000.0,50073000000.0,0.06504503424999501,24.636747777610804,1.0,37925000000.0,0.014344100197758669,1
40533,General Dynamics,Industrials,2023-02-07,1,2023,2,2022,51585000000.0,3390000000.0,39407000000.0,51585000000.0,0.06571677813317825,24.66649676949875,1.0,38469000000.0,0.02438326964568871,1
40533,General Dynamics,Industrials,2024-02-08,1,2024,2,2023,54810000000.0,3315000000.0,42272000000.0,54810000000.0,0.06048166392993979,24.727138496004436,1.0,39407000000.0,0.07270281929606415,1
40533,General Dynamics,Industrials,2025-02-07,1,2025,2,2024,55880000000.0,3782000000.0,47716000000.0,55880000000.0,0.067680744452398,24.74647237133517,1.0,42272000000.0,0.12878501135503417,1
40533,General Dynamics,Industrials,2026-01-30,1,2026,1,2025,57249000000.0,4210000000.0,52550000000.0,57249000000.0,0.07353840241750947,24.770676011979297,1.0,47716000000.0,0.10130773744655874,1
40545,GE Aerospace,Industrials,2019-02-26,9,2019,2,2018,311072000000.0,-22355000000.0,97012000000.0,259591000000.0,-0.07186439152350581,26.46329023358507,0.834504552000823,,,1
40545,GE Aerospace,Industrials,2020-02-24,6,2020,2,2019,265177000000.0,-4979000000.0,90221000000.0,235316000000.0,-0.018776138202031094,26.30366336449862,0.8873921946473488,97012000000.0,-0.07000164928050134,1
40545,GE Aerospace,Industrials,2021-02-12,9,2021,2,2020,256211000000.0,5704000000.0,75833000000.0,219138000000.0,0.022262900499978533,26.269267160694223,0.8553028558492805,90221000000.0,-0.1594750667804613,1
40545,GE Aerospace,Industrials,2022-02-11,9,2022,2,2021,198874000000.0,-6337000000.0,56469000000.0,157262000000.0,-0.03186439655259109,26.015937295307623,0.7907619900037209,75833000000.0,-0.25535057296955155,1
40545,GE Aerospace,Industrials,2023-02-10,6,2023,2,2022,188851000000.0,336000000.0,29139000000.0,153938000000.0,0.001779180412070892,25.964224181298693,0.81512938771836,56469000000.0,-0.4839823620039314,1
40545,GE Aerospace,Industrials,2024-02-02,11,2024,2,2023,173300000000.0,9482000000.0,35348000000.0,144695000000.0,0.05471436814772072,25.878290033667973,0.8349394114252741,29139000000.0,0.21308212361440004,1
40545,GE Aerospace,Industrials,2025-02-03,4,2025,2,2024,123140000000.0,6556000000.0,38702000000.0,103576000000.0,0.05324021439012506,25.536587756429476,0.8411239239889556,35348000000.0,0.09488514201652154,1
40545,GE Aerospace,Industrials,2026-01-29,5,2026,1,2025,130169000000.0,8704000000.0,45855000000.0,111271000000.0,0.06686691915893954,25.592099443133613,0.8548195038757308,38702000000.0,0.1848224897938091,1
40704,General Mills,Consumer Staples,2019-06-28,0,2019,6,2018,30624000000.0,2131000000.0,15740400000.0,23355400000.0,0.06958594566353186,24.145049852216953,0.7626502089864159,,,0
40704,General Mills,Consumer Staples,2021-06-30,0,2021,6,2020,30806700000.0,2181200000.0,2045600000.0,21912600000.0,0.0708027799147588,24.150998035736716,0.7112933225564568,15740400000.0,-0.8700414220731366,0
40704,General Mills,Consumer Staples,2022-06-30,0,2022,6,2021,31841900000.0,2339800000.0,2189200000.0,21463800000.0,0.07348179599835437,24.184048869509045,0.6740740973371564,2045600000.0,0.07019945248337889,0
40704,General Mills,Consumer Staples,2023-06-28,0,2023,6,2022,31090100000.0,2707300000.0,2134300000.0,20302100000.0,0.08707916668006857,24.16015527748022,0.6530085139642523,2189200000.0,-0.02507765393751138,0
40704,General Mills,Consumer Staples,2024-06-26,0,2024,6,2023,31451700000.0,2593900000.0,1957400000.0,20751700000.0,0.08247248956336223,24.171718872686046,0.6597958138987717,2134300000.0,-0.08288431804338658,0
40704,General Mills,Consumer Staples,2025-06-26,0,2025,6,2024,31469900000.0,2496600000.0,2037800000.0,21821400000.0,0.07933294989815665,24.17229737038819,0.6934054445676663,1957400000.0,0.0410748952692348,0
40704,General Mills,Consumer Staples,2026-07-01,4,2026,7,2026,30016700000.0,-87600000.0,18424600000.0,22636100000.0,-0.002918375437673029,24.12501973039382,0.754116874939617,2037800000.0,,1
40987,Genuine Parts Company,Consumer Discretionary,2019-02-25,2,2019,2,2018,12683040000.0,810474000.0,16831605000.0,12683040000.0,0.06390218748817318,23.26353150485469,1.0,,,1
40987,Genuine Parts Company,Consumer Discretionary,2020-02-21,3,2020,2,2019,14645629000.0,621085000.0,17522234000.0,14645629000.0,0.04240753333298283,23.407407766116012,1.0,16831605000.0,0.04103167820299958,1
40987,Genuine Parts Company,Consumer Discretionary,2021-02-19,3,2021,2,2020,13440215000.0,-29102000.0,16537433000.0,13440215000.0,-0.002165292742712821,23.321517168937273,1.0,17522234000.0,-0.05620293622377148,1
40987,Genuine Parts Company,Consumer Discretionary,2022-02-17,5,2022,2,2021,14352102000.0,898790000.0,18870510000.0,14352102000.0,0.06262427622100233,23.38716224926101,1.0,16537433000.0,0.1410785458662176,1
40987,Genuine Parts Company,Consumer Discretionary,2023-02-23,6,2023,2,2022,16495379000.0,1182701000.0,22095973000.0,16495379000.0,0.07169892853022655,23.52634611802259,1.0,18870510000.0,0.17092611699418825,1
40987,Genuine Parts Company,Consumer Discretionary,2024-02-22,7,2024,2,2023,17968454000.0,1316524000.0,23090610000.0,17968454000.0,0.07326862956601608,23.611883501764876,1.0,22095973000.0,0.04501440149297786,1
40987,Genuine Parts Company,Consumer Discretionary,2025-02-21,7,2025,2,2024,19282705000.0,904076000.0,23486569000.0,19282705000.0,0.04688533066289195,23.682474417117447,1.0,23090610000.0,0.017148052823203974,1
40987,Genuine Parts Company,Consumer Discretionary,2026-02-20,7,2026,2,2025,20795540000.0,65945000.0,24300141000.0,20795540000.0,0.0031711126520398126,23.758004377584847,1.0,23486569000.0,0.034639882904991426,1
45012,Halliburton,Energy,2019-02-13,1,2019,2,2018,25982000000.0,1656000000.0,,16438000000.0,0.06373643291509506,23.98066982751995,0.632668770687399,,,1
45012,Halliburton,Energy,2020-02-11,1,2020,2,2019,25377000000.0,-1131000000.0,,17352000000.0,-0.044567915829294244,23.9571090889364,0.6837687669937345,,,1
45012,Halliburton,Energy,2021-02-05,2,2021,2,2020,20680000000.0,-2945000000.0,,15697000000.0,-0.14240812379110251,23.75243288658664,0.7590425531914894,,,1
45012,Halliburton,Energy,2022-02-04,4,2022,2,2021,22321000000.0,1457000000.0,,15593000000.0,0.06527485327718292,23.828793776323288,0.6985798127324044,,,1
45012,Halliburton,Energy,2023-02-07,6,2023,2,2022,23255000000.0,1572000000.0,,15278000000.0,0.06759836594280799,23.869785999622472,0.6569769941947968,,,1
45012,Halliburton,Energy,2024-02-06,6,2024,2,2023,24683000000.0,2638000000.0,,15250000000.0,0.10687517724749827,23.929380584512,0.6178341368553255,,,1
45012,Halliburton,Energy,2025-02-12,8,2025,2,2024,25587000000.0,2501000000.0,,15039000000.0,0.09774494860671434,23.965350246951495,0.5877594090749209,,,1
45012,Halliburton,Energy,2026-02-06,13,2026,2,2025,25010000000.0,1283000000.0,,14505000000.0,0.05129948020791683,23.94254158183594,0.5799680127948821,,,1
46080,Hasbro,Consumer Discretionary,2019-02-26,0,2019,2,2018,5262988000.0,220434000.0,4579646000.0,3508502000.0,0.04188381200945167,22.383964763247054,0.666636899039101,,,0
46080,Hasbro,Consumer Discretionary,2020-02-27,0,2020,2,2019,8855600000.0,520500000.0,4720200000.0,5860098000.0,0.058776367496273546,22.904315864214343,0.6617392384479878,4579646000.0,0.03069101847610045,0
46080,Hasbro,Consumer Discretionary,2021-02-24,0,2021,2,2020,10818400000.0,222500000.0,5465400000.0,7857300000.0,0.02056681209790727,23.104514225123424,0.7262903941433114,4720200000.0,0.15787466632769798,0
46080,Hasbro,Consumer Discretionary,2022-02-23,0,2022,2,2021,10037800000.0,428700000.0,6420400000.0,6950800000.0,0.042708561637012095,23.029623803692957,0.6924624917810676,5465400000.0,0.17473560947048705,0
46080,Hasbro,Consumer Discretionary,2023-02-22,0,2023,2,2022,9295900000.0,203500000.0,6666500000.0,6434000000.0,0.021891371464839337,22.95283927968313,0.6921330909325617,6420400000.0,0.03833094511245405,0
46080,Hasbro,Consumer Discretionary,2024-02-28,4,2024,2,2023,6540900000.0,-1489300000.0,5710600000.0,5453900000.0,-0.22769037899983183,22.601340607626383,0.8338149184363008,6666500000.0,-0.1433885847146179,1
46080,Hasbro,Consumer Discretionary,2025-02-27,14,2025,2,2024,6340300000.0,385600000.0,4745900000.0,5155300000.0,0.06081731148368374,22.570191922888043,0.813100326482974,5710600000.0,-0.168931460792211,1
46080,Hasbro,Consumer Discretionary,2026-02-25,14,2026,2,2025,5552000000.0,-322400000.0,5365900000.0,4986500000.0,-0.05806916426512968,22.437424060150917,0.8981448126801153,4745900000.0,0.13063907794095964,1
47111,Hershey Company (The),Consumer Staples,2019-02-22,0,2019,2,2018,7703020000.0,1177562000.0,7791069000.0,6295754000.0,0.15287017299708425,22.764878296704886,0.8173098343247194,,,0
47111,Hershey Company (The),Consumer Staples,2020-02-20,1,2020,2,2019,8140395000.0,1149692000.0,7986252000.0,6395401000.0,0.14123294999812663,22.820104541582047,0.7856376748302755,7791069000.0,0.02505214624591301,1
47111,Hershey Company (The),Consumer Staples,2021-02-17,1,2021,2,2020,9131845000.0,1278708000.0,8149719000.0,6893962000.0,0.14002734387191199,22.935033592189143,0.7549363792311411,7986252000.0,0.02046855020352467,1
47111,Hershey Company (The),Consumer Staples,2022-02-18,0,2022,2,2021,10412231000.0,1477512000.0,8971337000.0,7655002000.0,0.14190157709716583,23.066247009771928,0.7351932549325885,8149719000.0,0.10081550050989496,0
47111,Hershey Company (The),Consumer Staples,2023-02-17,0,2023,2,2022,10948820000.0,1644817000.0,10419294000.0,7649276000.0,0.15022778710399842,23.11649752484504,0.6986393054228675,8971337000.0,0.16139812828344313,0
47111,Hershey Company (The),Consumer Staples,2024-02-20,7,2024,2,2023,11902941000.0,1861787000.0,11164992000.0,7803855000.0,0.1564140324647497,23.200051349386275,0.6556241016400904,10419294000.0,0.07156895659149276,1
47111,Hershey Company (The),Consumer Staples,2025-02-18,8,2025,2,2024,12946861000.0,2221239000.0,11202263000.0,8232207000.0,0.17156583360244618,23.284119201887435,0.6358457853220174,11164992000.0,0.0033382021232080117,1
47111,Hershey Company (The),Consumer Staples,2026-02-17,7,2026,2,2025,13741297000.0,883259000.0,11692576000.0,9104547000.0,0.06427770246141977,23.34367151520991,0.6625682422845529,11202263000.0,0.043769102725047526,1
47217,HP Inc.,Information Technology,2019-12-12,1,2019,12,2019,33467000000.0,3152000000.0,58756000000.0,33467000000.0,0.09418232886126632,24.233825715645693,1.0,,,1
47217,HP Inc.,Information Technology,2020-12-10,2,2020,12,2020,34681000000.0,2844000000.0,56639000000.0,34681000000.0,0.08200455580865604,24.269457823506468,1.0,58756000000.0,-0.03603036285655936,1
47217,HP Inc.,Information Technology,2021-12-09,1,2021,12,2021,38610000000.0,6541000000.0,63460000000.0,38610000000.0,0.1694120694120694,24.376777147222555,1.0,56639000000.0,0.1204293861120429,1
47217,HP Inc.,Information Technology,2022-12-06,3,2022,12,2022,38494000000.0,3132000000.0,62910000000.0,38494000000.0,0.08136332935002857,24.373768221939343,1.0,63460000000.0,-0.008666876772770227,1
47217,HP Inc.,Information Technology,2023-12-18,8,2023,12,2023,37004000000.0,3263000000.0,53718000000.0,37004000000.0,0.08817965625337801,24.334291851855482,1.0,62910000000.0,-0.14611349546971864,1
47217,HP Inc.,Information Technology,2024-12-13,8,2024,12,2024,39909000000.0,2775000000.0,53559000000.0,39909000000.0,0.06953318800270615,24.40986769931629,1.0,53718000000.0,-0.0029599017089243507,1
47217,HP Inc.,Information Technology,2025-12-10,10,2025,12,2025,41769000000.0,2529000000.0,55295000000.0,41769000000.0,0.06054729584141349,24.45542027454167,1.0,53559000000.0,0.0324128531152561,1
48465,Hormel Foods,Consumer Staples,2019-12-06,1,2019,12,2019,8109004000.0,978806000.0,,8109004000.0,0.12070606945069949,22.816240886187785,1.0,,,1
48465,Hormel Foods,Consumer Staples,2020-12-04,1,2020,12,2020,9908282000.0,908082000.0,,9908282000.0,0.09164878432002642,23.016636810017502,1.0,,,1
48465,Hormel Foods,Consumer Staples,2021-12-10,3,2021,12,2021,12696329000.0,908839000.0,,12696329000.0,0.07158281736397978,23.264578733508362,1.0,,,1
48465,Hormel Foods,Consumer Staples,2022-12-06,6,2022,12,2022,13306919000.0,999987000.0,,13306919000.0,0.07514789862326508,23.311549962467623,1.0,,,1
48465,Hormel Foods,Consumer Staples,2023-12-06,3,2023,12,2023,13448772000.0,793572000.0,,13448772000.0,0.05900702309474798,23.322153637710816,1.0,,,1
48465,Hormel Foods,Consumer Staples,2024-12-05,3,2024,12,2024,13434729000.0,805038000.0,,13434729000.0,0.05992216143697428,23.321108907615784,1.0,,,1
48465,Hormel Foods,Consumer Staples,2025-12-05,7,2025,12,2025,13393119000.0,478197000.0,,13393119000.0,0.03570467790213766,23.318006904550483,1.0,,,1
48898,Hubbell Incorporated,Industrials,2019-02-15,7,2019,2,2018,4872100000.0,360200000.0,4481700000.0,3073200000.0,0.0739311590484596,22.306790892594922,0.6307752303934648,,,1
48898,Hubbell Incorporated,Industrials,2020-02-14,7,2020,2,2019,4903000000.0,400900000.0,3946600000.0,2942500000.0,0.08176626555170304,22.313113099615506,0.6001427697328167,4481700000.0,-0.11939665751835238,1
48898,Hubbell Incorporated,Industrials,2021-02-11,4,2021,2,2020,5085100000.0,351200000.0,3682500000.0,2999700000.0,0.06906452183831194,22.349580531936947,0.5898999036400464,3946600000.0,-0.06691836010743424,1
48898,Hubbell Incorporated,Industrials,2022-02-11,0,2022,2,2021,5281500000.0,399500000.0,4194100000.0,3040800000.0,0.0756413897566979,22.387475985227493,0.5757455268389662,3682500000.0,0.13892735913102516,0
48898,Hubbell Incorporated,Industrials,2023-02-09,9,2023,2,2022,5402600000.0,545900000.0,4947900000.0,3032000000.0,0.1010439418057972,22.410146156123105,0.5612112686484285,4194100000.0,0.17972866646002728,1
48898,Hubbell Incorporated,Industrials,2024-02-08,8,2024,2,2023,7081100000.0,751400000.0,5372900000.0,4024700000.0,0.10611345694877915,22.68069509981544,0.5683721455706034,4947900000.0,0.08589502617271982,1
48898,Hubbell Incorporated,Industrials,2025-02-13,12,2025,2,2024,6847700000.0,779000000.0,5628500000.0,3437100000.0,0.11376082480248843,22.647178666415023,0.5019349562626867,5372900000.0,0.04757207467103419,1
48898,Hubbell Incorporated,Industrials,2026-02-12,19,2026,2,2025,8228800000.0,887100000.0,5844600000.0,4370900000.0,0.10780429710285826,22.830906032984927,0.531171009138635,5628500000.0,0.03839388824731271,1
49071,Humana,Health Care,2019-02-21,0,2019,2,2018,25413000000.0,1683000000.0,56912000000.0,15252000000.0,0.06622594734978161,23.958526691063938,0.6001652697438319,,,0
49071,Humana,Health Care,2020-02-20,0,2020,2,2019,29074000000.0,2707000000.0,64888000000.0,17037000000.0,0.09310724358533398,24.093110140950543,0.5859874802228795,56912000000.0,0.14014619061006472,0
49071,Humana,Health Care,2021-02-18,0,2021,2,2020,34969000000.0,3367000000.0,77155000000.0,21241000000.0,0.09628528124910635,24.277727791673446,0.6074237181503618,64888000000.0,0.1890488225866107,0
49071,Humana,Health Care,2022-02-17,0,2022,2,2021,44358000000.0,2933000000.0,83064000000.0,28255000000.0,0.06612110555029532,24.51555891274943,0.636976419135218,77155000000.0,0.07658609292981655,0
49071,Humana,Health Care,2023-02-16,0,2023,2,2022,43055000000.0,2806000000.0,92870000000.0,27685000000.0,0.06517245383811404,24.48574420509454,0.643014748577401,83064000000.0,0.11805354907059606,0
49071,Humana,Health Care,2024-02-15,0,2024,2,2023,47065000000.0,2489000000.0,106374000000.0,30747000000.0,0.052884308934452354,24.574795461945595,0.6532880059492192,92870000000.0,0.14540755895337565,0
49071,Humana,Health Care,2025-02-20,1,2025,2,2024,46479000000.0,1207000000.0,117761000000.0,30034000000.0,0.025968717055014093,24.562266434628675,0.6461842982852471,106374000000.0,0.10704683475285304,1
49071,Humana,Health Care,2026-02-19,1,2026,2,2025,48909000000.0,1188000000.0,129664000000.0,31172000000.0,0.024290007973992517,24.613227265572036,0.6373469095667464,117761000000.0,0.10107760633826146,1
49196,Huntington Bancshares,Financials,2019-02-15,0,2019,2,2018,108781000000.0,1393000000.0,881000000.0,97679000000.0,0.012805545085998474,25.412602523765305,0.8979417361487759,,,0
49196,Huntington Bancshares,Financials,2020-02-14,0,2020,2,2019,109002000000.0,1411000000.0,939000000.0,97207000000.0,0.01294471661070439,25.41463206763107,0.8917909763123613,881000000.0,0.06583427922814988,0
49196,Huntington Bancshares,Financials,2021-02-26,0,2021,2,2020,123038000000.0,817000000.0,884000000.0,110045000000.0,0.0066402249711471255,25.53575908769517,0.8943984785188316,939000000.0,-0.058572949946751884,0
49196,Huntington Bancshares,Financials,2022-02-18,0,2022,2,2021,174064000000.0,1295000000.0,1113000000.0,154746000000.0,0.007439792260318044,25.882688884625136,0.8890178325213715,884000000.0,0.2590497737556561,0
49196,Huntington Bancshares,Financials,2023-02-17,0,2023,2,2022,182906000000.0,2238000000.0,1318000000.0,165137000000.0,0.012235793248991286,25.932238196616538,0.9028517380512394,1113000000.0,0.18418688230008984,0
49196,Huntington Bancshares,Financials,2024-02-16,0,2024,2,2023,189368000000.0,1951000000.0,1400000000.0,169970000000.0,0.010302691056567108,25.966958048830502,0.8975645304380888,1318000000.0,0.06221547799696503,0
49196,Huntington Bancshares,Financials,2025-02-14,1,2025,2,2024,204230000000.0,1940000000.0,1468000000.0,184448000000.0,0.009499094158546736,26.04251264667548,0.9031386182245508,1400000000.0,0.04857142857142849,1
49196,Huntington Bancshares,Financials,2026-02-13,2,2026,2,2025,225106000000.0,2211000000.0,1562000000.0,200727000000.0,0.009822039394774017,26.139837239323942,0.8916999102644976,1468000000.0,0.06403269754768393,1
49826,Illinois Tool Works,Industrials,2019-02-15,1,2019,2,2018,14870000000.0,,14768000000.0,14870000000.0,,23.422611597418474,1.0,,,1
49826,Illinois Tool Works,Industrials,2020-02-14,1,2020,2,2019,15068000000.0,,14109000000.0,15068000000.0,,23.435839126776205,1.0,14768000000.0,-0.044623510292524426,1
49826,Illinois Tool Works,Industrials,2021-02-12,1,2021,2,2020,15612000000.0,,12574000000.0,15612000000.0,,23.47130568626478,1.0,14109000000.0,-0.10879580409667589,1
49826,Illinois Tool Works,Industrials,2022-02-11,1,2022,2,2021,16077000000.0,,14455000000.0,16077000000.0,,23.500655516127235,1.0,12574000000.0,0.14959440114522038,1
49826,Illinois Tool Works,Industrials,2023-02-10,1,2023,2,2022,15422000000.0,,15932000000.0,15422000000.0,,23.459060898357183,1.0,14455000000.0,0.10217917675544785,1
49826,Illinois Tool Works,Industrials,2024-02-09,1,2024,2,2023,15518000000.0,,16107000000.0,15518000000.0,,23.46526647741817,1.0,15932000000.0,0.010984182776801354,1
49826,Illinois Tool Works,Industrials,2025-02-14,5,2025,2,2024,15067000000.0,,15898000000.0,15067000000.0,,23.435772758765562,1.0,16107000000.0,-0.012975724840131653,1
49826,Illinois Tool Works,Industrials,2026-02-13,5,2026,2,2025,16148000000.0,,16044000000.0,16148000000.0,,23.505062039937105,1.0,15898000000.0,0.009183545100012624,1
50863,Intel,Information Technology,2019-02-01,7,2019,2,2018,127963000000.0,21053000000.0,70848000000.0,127963000000.0,0.1645241202535108,25.57500699657941,1.0,,,1
50863,Intel,Information Technology,2020-01-24,11,2020,1,2019,136524000000.0,21048000000.0,71965000000.0,136524000000.0,0.15417069526237145,25.639766260291992,1.0,70848000000.0,0.01576614724480585,1
50863,Intel,Information Technology,2021-01-22,10,2021,1,2020,153091000000.0,20899000000.0,77867000000.0,153091000000.0,0.13651357689217525,25.754298352774363,1.0,71965000000.0,0.08201208921003267,1
50863,Intel,Information Technology,2022-01-27,9,2022,1,2021,168406000000.0,19868000000.0,79024000000.0,168406000000.0,0.11797679417597948,25.849643567573604,1.0,77867000000.0,0.014858669269395275,1
50863,Intel,Information Technology,2023-01-27,11,2023,1,2022,182103000000.0,8014000000.0,63054000000.0,182103000000.0,0.04400806137186098,25.92783829800885,1.0,79024000000.0,-0.20209050415063778,1
50863,Intel,Information Technology,2024-01-26,7,2024,1,2023,191572000000.0,1689000000.0,54228000000.0,191572000000.0,0.008816528511473493,25.978529554016948,1.0,63054000000.0,-0.13997525930155108,1
50863,Intel,Information Technology,2025-01-31,5,2025,1,2024,196485000000.0,-18756000000.0,53101000000.0,196485000000.0,-0.09545766852431484,26.003851929464133,1.0,54228000000.0,-0.02078262152393595,1
50863,Intel,Information Technology,2026-01-23,10,2026,1,2025,211429000000.0,-267000000.0,52853000000.0,211429000000.0,-0.0012628352780365986,26.07715508167423,1.0,53101000000.0,-0.004670345191239322,1
51143,IBM,Information Technology,2019-02-26,9,2019,2,2018,123382000000.0,8728000000.0,79591000000.0,106452000000.0,0.07073965408244315,25.538551070679194,0.8627838744711547,,,1
51143,IBM,Information Technology,2020-02-25,22,2020,2,2019,152186000000.0,9431000000.0,57714000000.0,131202000000.0,0.06197022065104543,25.748369293911914,0.8621160947787576,79591000000.0,-0.27486776143031244,1
51143,IBM,Information Technology,2021-02-23,12,2021,2,2020,155971000000.0,5590000000.0,55179000000.0,135244000000.0,0.035839995896673096,25.77293592947898,0.8671099114578992,57714000000.0,-0.04392348476972663,1
51143,IBM,Information Technology,2022-02-22,15,2022,2,2021,132001000000.0,5743000000.0,57350000000.0,113005000000.0,0.04350724615722608,25.60607533526166,0.8560919993030356,55179000000.0,0.03934467822903631,1
51143,IBM,Information Technology,2023-02-28,14,2023,2,2022,127243000000.0,1639000000.0,60530000000.0,105222000000.0,0.012880865745070455,25.569364481040765,0.8269374346722413,57350000000.0,0.05544899738448117,1
51143,IBM,Information Technology,2024-02-26,3,2024,2,2023,135241000000.0,7502000000.0,61860000000.0,112628000000.0,0.055471343749306797,25.630324209020813,0.83279478856264,60530000000.0,0.02197257558235588,1
51143,IBM,Information Technology,2025-02-25,3,2025,2,2024,137175000000.0,6023000000.0,62753000000.0,109783000000.0,0.04390741753234919,25.64452331989145,0.8003134681975579,61860000000.0,0.014435822825735523,1
51143,IBM,Information Technology,2026-02-24,3,2026,2,2025,151880000000.0,10593000000.0,67535000000.0,119139000000.0,0.0697458519884119,25.746356572310013,0.7844284961811957,62753000000.0,0.07620352811817765,1
51253,International Flavors & Fragrances,Materials,2019-02-26,0,2019,2,2018,12889395000.0,339781000.0,3977539000.0,12889395000.0,0.026361283830621998,23.279670717187,1.0,,,0
51253,International Flavors & Fragrances,Materials,2020-03-03,0,2020,3,2019,13287411000.0,,5140000000.0,13287411000.0,,23.310082882567585,1.0,3977539000.0,0.2922563424268121,0
51253,International Flavors & Fragrances,Materials,2021-02-22,0,2021,2,2020,13555000000.0,,5084000000.0,13555000000.0,,23.33002131989704,1.0,5140000000.0,-0.010894941634241206,0
51253,International Flavors & Fragrances,Materials,2022-02-28,0,2022,2,2021,39658000000.0,,11656000000.0,39658000000.0,,24.403558530123025,1.0,5084000000.0,1.292682926829268,0
51253,International Flavors & Fragrances,Materials,2023-02-27,0,2023,2,2022,35522000000.0,,12440000000.0,35522000000.0,,24.293418059791545,1.0,11656000000.0,0.06726149622512012,0
51253,International Flavors & Fragrances,Materials,2024-02-28,2,2024,2,2023,30978000000.0,,11479000000.0,30978000000.0,,24.15654311207198,1.0,12440000000.0,-0.0772508038585209,1
51253,International Flavors & Fragrances,Materials,2025-02-28,0,2025,2,2024,28723000000.0,,11484000000.0,28723000000.0,,24.08096403249571,1.0,11479000000.0,0.00043557801202198654,0
51253,International Flavors & Fragrances,Materials,2026-02-27,2,2026,2,2025,25539000000.0,,10890000000.0,25539000000.0,,23.96347253251644,1.0,11484000000.0,-0.051724137931034475,1
51434,International Paper,Materials,2019-02-20,0,2019,2,2018,33576000000.0,2012000000.0,23306000000.0,33576000000.0,0.059923755063140335,24.2370773629777,1.0,,,0
51434,International Paper,Materials,2020-02-19,0,2020,2,2019,33471000000.0,1225000000.0,18317000000.0,33471000000.0,0.03659884676286935,24.233945229225565,1.0,23306000000.0,-0.21406504762722045,0
51434,International Paper,Materials,2021-02-19,0,2021,2,2020,31718000000.0,482000000.0,17565000000.0,31718000000.0,0.015196418437480295,24.18015018002282,1.0,18317000000.0,-0.041054757875197856,0
51434,International Paper,Materials,2022-02-18,0,2022,2,2021,25243000000.0,1752000000.0,19363000000.0,25243000000.0,0.06940537970922632,23.9518147265103,1.0,17565000000.0,0.10236265300313119,0
51434,International Paper,Materials,2023-02-17,0,2023,2,2022,23940000000.0,1504000000.0,21161000000.0,23940000000.0,0.06282372598162071,23.89881653707624,1.0,19363000000.0,0.09285751174921231,0
51434,International Paper,Materials,2024-02-16,10,2024,2,2023,23261000000.0,288000000.0,16033000000.0,23261000000.0,0.012381238983706633,23.87004397537418,1.0,21161000000.0,-0.24233259297764753,1
51434,International Paper,Materials,2025-02-21,5,2025,2,2024,22800000000.0,557000000.0,15835000000.0,22800000000.0,0.02442982456140351,23.850026372906804,1.0,16033000000.0,-0.012349529096238987,1
51434,International Paper,Materials,2026-02-27,4,2026,2,2025,37964000000.0,-3516000000.0,23634000000.0,37964000000.0,-0.09261405542092509,24.359904179214656,1.0,15835000000.0,0.49251657720239983,1
52988,Jacobs Solutions,Industrials,2019-11-25,7,2019,11,2019,11462711000.0,847979000.0,,11462711000.0,0.0739771769522934,23.162365082211263,1.0,,,1
52988,Jacobs Solutions,Industrials,2020-11-24,4,2020,11,2020,12354353000.0,491845000.0,,12354353000.0,0.03981147373723254,23.237274307553196,1.0,,,1
52988,Jacobs Solutions,Industrials,2021-11-23,2,2021,11,2021,14632609000.0,477030000.0,,14632609000.0,0.03260047473420495,23.406518368273268,1.0,,,1
52988,Jacobs Solutions,Industrials,2022-11-21,6,2022,11,2022,14660419000.0,644039000.0,,14660419000.0,0.04393046337897982,23.40841711416974,1.0,,,1
52988,Jacobs Solutions,Industrials,2023-11-21,9,2023,11,2023,14617109000.0,665777000.0,,14617109000.0,0.04554778923794028,23.405458528896297,1.0,,,1
52988,Jacobs Solutions,Industrials,2024-11-25,12,2024,11,2024,11759005000.0,806093000.0,,11759005000.0,0.0685511231605055,23.187885166993823,1.0,,,1
52988,Jacobs Solutions,Industrials,2025-11-20,8,2025,11,2025,11252535000.0,289336000.0,,11252535000.0,0.02571296156821552,23.14385927354643,1.0,,,1
55785,Kimberly-Clark,Consumer Staples,2019-02-07,0,2019,2,2018,14518000000.0,1410000000.0,18486000000.0,14518000000.0,0.09712081553933048,23.398655095809062,1.0,,,0
55785,Kimberly-Clark,Consumer Staples,2020-02-13,0,2020,2,2019,15283000000.0,2157000000.0,18450000000.0,15283000000.0,0.14113721128050774,23.450006936492112,1.0,18486000000.0,-0.0019474196689386325,0
55785,Kimberly-Clark,Consumer Staples,2021-02-11,0,2021,2,2020,17523000000.0,2352000000.0,19140000000.0,17523000000.0,0.1342235918507105,23.586780140672694,1.0,18450000000.0,0.0373983739837398,0
55785,Kimberly-Clark,Consumer Staples,2022-02-10,0,2022,2,2021,17837000000.0,1814000000.0,19440000000.0,17837000000.0,0.10169871615181925,23.604540788522577,1.0,19140000000.0,0.01567398119122254,0
55785,Kimberly-Clark,Consumer Staples,2023-02-09,0,2023,2,2022,17970000000.0,1934000000.0,20175000000.0,17970000000.0,0.10762381747356706,23.611969537741878,1.0,19440000000.0,0.03780864197530853,0
55785,Kimberly-Clark,Consumer Staples,2024-02-08,0,2024,2,2023,17344000000.0,1764000000.0,17146000000.0,17344000000.0,0.10170664206642066,23.576512462203645,1.0,20175000000.0,-0.15013630731102845,0
55785,Kimberly-Clark,Consumer Staples,2025-02-13,3,2025,2,2024,16546000000.0,2545000000.0,16805000000.0,16546000000.0,0.15381361054031187,23.529410217714403,1.0,17146000000.0,-0.019888020529569617,1
55785,Kimberly-Clark,Consumer Staples,2026-02-12,3,2026,2,2025,17098000000.0,2021000000.0,16447000000.0,17098000000.0,0.11820095917651187,23.562227334550453,1.0,16805000000.0,-0.021303183576316553,1
56873,Kroger,Consumer Staples,2019-04-02,0,2019,4,2018,37197000000.0,1907000000.0,123280000000.0,30292000000.0,0.05126757534209748,24.339493949812223,0.814366750006721,,,0
56873,Kroger,Consumer Staples,2020-04-01,0,2020,4,2019,38118000000.0,3110000000.0,121852000000.0,30283000000.0,0.08158875072144393,24.36395244845886,0.794454063696941,123280000000.0,-0.01158338741077225,0
56873,Kroger,Consumer Staples,2021-03-30,0,2021,3,2020,45256000000.0,1659000000.0,122286000000.0,36683000000.0,0.03665812267986565,24.535601094987268,0.8105665547109776,121852000000.0,0.003561697797327845,0
56873,Kroger,Consumer Staples,2022-03-29,0,2022,3,2021,48662000000.0,2585000000.0,132498000000.0,39112000000.0,0.053121532201717975,24.6081642749779,0.803748304631951,122286000000.0,0.08350915067955444,0
56873,Kroger,Consumer Staples,2023-03-28,0,2023,3,2022,49086000000.0,1655000000.0,137888000000.0,39657000000.0,0.033716334596422606,24.616839698706027,0.8079085686346412,132498000000.0,0.04067985931863127,0
56873,Kroger,Consumer Staples,2024-04-02,0,2024,4,2023,49623000000.0,2244000000.0,148258000000.0,39609000000.0,0.045220966084275435,24.627720272874605,0.7981984160570703,137888000000.0,0.07520596426084936,0
56873,Kroger,Consumer Staples,2025-04-01,6,2025,4,2024,50505000000.0,2164000000.0,150039000000.0,38904000000.0,0.042847242847242846,24.645338178227558,0.7702999702999703,148258000000.0,0.012012842477303165,1
56873,Kroger,Consumer Staples,2026-03-31,9,2026,3,2025,52616000000.0,2665000000.0,147123000000.0,44335000000.0,0.050649992397749734,24.686286092945462,0.8426144138665045,150039000000.0,-0.01943494691380243,1
59478,Lilly (Eli),Health Care,2019-02-19,0,2019,2,2018,43908400000.0,3232000000.0,21493300000.0,43908400000.0,0.07360778347651019,24.505371482687167,1.0,,,0
59478,Lilly (Eli),Health Care,2020-02-19,0,2020,2,2019,39286100000.0,8318400000.0,22319500000.0,39286100000.0,0.21173901201697293,24.394136603691287,1.0,21493300000.0,0.03843988591793712,0
59478,Lilly (Eli),Health Care,2021-02-17,0,2021,2,2020,46633100000.0,6193700000.0,24539800000.0,46633100000.0,0.13281767671460828,24.565576426363236,1.0,22319500000.0,0.09947803490221552,0
59478,Lilly (Eli),Health Care,2022-02-23,0,2022,2,2021,48806000000.0,5581700000.0,28318400000.0,48806000000.0,0.11436503708560423,24.61111909306735,1.0,24539800000.0,0.15397843503207032,0
59478,Lilly (Eli),Health Care,2023-02-22,0,2023,2,2022,49489800000.0,6244800000.0,28541400000.0,49489800000.0,0.12618357722197301,24.625032424681592,1.0,28318400000.0,0.007874738685801352,0
59478,Lilly (Eli),Health Care,2024-02-21,5,2024,2,2023,64006300000.0,5240000000.0,34124000000.0,64006300000.0,0.08186694122297336,24.88224735296143,1.0,28541400000.0,0.19559657199716907,1
59478,Lilly (Eli),Health Care,2025-02-19,6,2025,2,2024,78715000000.0,10590000000.0,45043000000.0,78715000000.0,0.13453598424696692,25.089099571413005,1.0,34124000000.0,0.3199800726761224,1
59478,Lilly (Eli),Health Care,2026-02-12,5,2026,2,2025,112476000000.0,20640000000.0,65179000000.0,112476000000.0,0.18350581457377574,25.44600570249876,1.0,45043000000.0,0.44703949559309986,1
60086,Loews Corporation,Financials,2019-02-13,0,2019,2,2018,78316000000.0,636000000.0,14066000000.0,56930000000.0,0.008120945911435721,25.08401776134144,0.7269268093365341,,,0
60086,Loews Corporation,Financials,2020-02-12,4,2020,2,2019,82243000000.0,932000000.0,14931000000.0,60313000000.0,0.011332271439514608,25.13294411658716,0.7333511666646402,14066000000.0,0.061495805488411825,1
60086,Loews Corporation,Financials,2021-02-09,0,2021,2,2020,80236000000.0,-931000000.0,12583000000.0,61055000000.0,-0.011603270352460242,25.108238128908862,0.7609427189790119,14931000000.0,-0.15725671421873955,0
60086,Loews Corporation,Financials,2022-02-08,0,2022,2,2021,81626000000.0,1562000000.0,14657000000.0,62451000000.0,0.019136059588856492,25.125413675616507,0.7650871045990248,12583000000.0,0.164825558292935,0
60086,Loews Corporation,Financials,2023-02-07,0,2023,2,2022,75567000000.0,822000000.0,14044000000.0,60366000000.0,0.010877764103378458,25.048285516898066,0.7988407638254794,14657000000.0,-0.0418230197175411,0
60086,Loews Corporation,Financials,2024-02-06,1,2024,2,2023,79197000000.0,1434000000.0,15901000000.0,62672000000.0,0.01810674646766923,25.095204256261493,0.7913431064307992,14044000000.0,0.13222728567359732,1
60086,Loews Corporation,Financials,2025-02-11,5,2025,2,2024,81943000000.0,1414000000.0,17510000000.0,64006000000.0,0.017255897392089624,25.129289720550165,0.7811039381033157,15901000000.0,0.10118860449028366,1
60086,Loews Corporation,Financials,2026-02-10,5,2026,2,2025,86348000000.0,1667000000.0,18454000000.0,66707000000.0,0.01930560059294946,25.18165147971904,0.7725367119099458,17510000000.0,0.05391205025699608,1
60667,Lowe's,Consumer Discretionary,2019-04-02,0,2019,4,2018,35291000000.0,3447000000.0,68619000000.0,29418000000.0,0.09767362783712562,24.28689381087139,0.8335836332209345,,,0
60667,Lowe's,Consumer Discretionary,2020-03-23,0,2020,3,2019,34508000000.0,2314000000.0,71309000000.0,30864000000.0,0.06705691433870407,24.264457018160744,0.8944012982496813,68619000000.0,0.03920197029977124,0
60667,Lowe's,Consumer Discretionary,2021-03-22,0,2021,3,2020,39471000000.0,4281000000.0,72148000000.0,37499000000.0,0.10845937523751616,24.39883206199822,0.9500392693369816,71309000000.0,0.01176569577472697,0
60667,Lowe's,Consumer Discretionary,2022-03-21,0,2022,3,2021,46735000000.0,5835000000.0,89597000000.0,45298000000.0,0.12485289397667701,24.567759185580957,0.9692521664705253,72148000000.0,0.2418500859344681,0
60667,Lowe's,Consumer Discretionary,2023-03-27,0,2023,3,2022,44640000000.0,8442000000.0,96250000000.0,49456000000.0,0.18911290322580646,24.521896155019466,1.1078853046594983,89597000000.0,0.07425471834994468,0
60667,Lowe's,Consumer Discretionary,2024-03-25,4,2024,3,2023,43708000000.0,6437000000.0,97059000000.0,57962000000.0,0.14727281046947927,24.50079698865491,1.3261187883225038,96250000000.0,0.00840519480519486,1
60667,Lowe's,Consumer Discretionary,2025-03-24,7,2025,3,2024,41795000000.0,7726000000.0,86377000000.0,56845000000.0,0.1848546476851298,24.456042552097532,1.3600909199665032,97059000000.0,-0.11005676959375221,1
60667,Lowe's,Consumer Discretionary,2026-03-23,8,2026,3,2025,43102000000.0,6957000000.0,83674000000.0,57333000000.0,0.16140782330286296,24.486835236691793,1.3301702937218691,86377000000.0,-0.03129305254871084,1
62709,Marsh McLennan,Financials,2019-02-21,1,2019,2,2018,21578000000.0,1650000000.0,,21578000000.0,0.07646677171192881,23.79494011407556,1.0,,,1
62709,Marsh McLennan,Financials,2020-02-20,2,2020,2,2019,31357000000.0,1742000000.0,,31357000000.0,0.05555378384411774,24.16870336458729,1.0,,,1
62709,Marsh McLennan,Financials,2021-02-17,2,2021,2,2020,33049000000.0,2016000000.0,,33049000000.0,0.061000332839117676,24.22125714560027,1.0,,,1
62709,Marsh McLennan,Financials,2022-02-16,2,2022,2,2021,44010000000.0,3143000000.0,,34388000000.0,0.07141558736650762,24.50768271776941,0.7813678709384231,,,1
62709,Marsh McLennan,Financials,2023-02-13,3,2023,2,2022,44114000000.0,3050000000.0,20720000000.0,44114000000.0,0.06913904882803645,24.510043029336806,1.0,,,1
62709,Marsh McLennan,Financials,2024-02-12,6,2024,2,2023,48030000000.0,3756000000.0,22736000000.0,48030000000.0,0.07820112429731418,24.595091652623143,1.0,20720000000.0,0.09729729729729719,1
62709,Marsh McLennan,Financials,2025-02-10,8,2025,2,2024,56481000000.0,4060000000.0,24458000000.0,56481000000.0,0.07188257998264903,24.757170135357097,1.0,22736000000.0,0.0757389162561577,1
62709,Marsh McLennan,Financials,2026-02-09,10,2026,2,2025,58710000000.0,4160000000.0,26981000000.0,58710000000.0,0.07085675353432123,24.795875907022506,1.0,24458000000.0,0.10315643143347786,1
62996,Masco,Industrials,2019-02-07,0,2019,2,2018,5393000000.0,734000000.0,6654000000.0,5324000000.0,0.13610235490450584,22.4083676533015,0.9872056369367699,,,0
62996,Masco,Industrials,2020-02-11,0,2020,2,2019,5027000000.0,935000000.0,6707000000.0,5083000000.0,0.18599562363238512,22.338089221656848,1.0111398448378754,6654000000.0,0.00796513375413288,0
62996,Masco,Industrials,2021-02-09,0,2021,2,2020,5777000000.0,1224000000.0,7188000000.0,5356000000.0,0.21187467543707808,22.47715035374554,0.9271248052622468,6707000000.0,0.07171611748919049,0
62996,Masco,Industrials,2022-02-08,0,2022,2,2021,5575000000.0,410000000.0,8375000000.0,5497000000.0,0.07354260089686099,22.441558154292593,0.9860089686098654,7188000000.0,0.16513633834168062,0
62996,Masco,Industrials,2023-02-09,0,2023,2,2022,5187000000.0,844000000.0,8680000000.0,5429000000.0,0.16271447850395218,22.369421332315675,1.0466550992866783,8375000000.0,0.036417910447761104,0
62996,Masco,Industrials,2024-02-08,0,2024,2,2023,5363000000.0,908000000.0,7967000000.0,5247000000.0,0.1693082230095096,22.4027893569472,0.9783703151221331,8680000000.0,-0.08214285714285718,0
62996,Masco,Industrials,2025-02-11,0,2025,2,2024,5016000000.0,822000000.0,7828000000.0,5069000000.0,0.1638755980861244,22.33589864027703,1.0105661881977672,7967000000.0,-0.01744696874607754,0
62996,Masco,Industrials,2026-02-10,2,2026,2,2025,5201000000.0,810000000.0,7562000000.0,5125000000.0,0.1557392809075178,22.372116751737344,0.9853874254950971,7828000000.0,-0.03398058252427183,1
63754,McCormick & Company,Consumer Staples,2019-01-25,0,2019,1,2018,10256400000.0,933400000.0,5302800000.0,7074200000.0,0.091006591006591,23.051167737924246,0.6897351897351898,,,0
63754,McCormick & Company,Consumer Staples,2020-01-28,0,2020,1,2019,10362100000.0,702700000.0,5347400000.0,6905400000.0,0.06781443915808572,23.061420755939036,0.6664093185744202,5302800000.0,0.00841065097684246,0
63754,McCormick & Company,Consumer Staples,2021-01-28,0,2021,1,2020,12089700000.0,747400000.0,5601300000.0,8149700000.0,0.061821219715956555,23.21561968736946,0.6741027486207267,5347400000.0,0.04748101881288114,0
63754,McCormick & Company,Consumer Staples,2022-01-27,0,2022,1,2021,12905800000.0,755300000.0,6317900000.0,8480300000.0,0.05852407444714779,23.28094265967177,0.6570921601140572,5601300000.0,0.12793458661382173,0
63754,McCormick & Company,Consumer Staples,2023-01-26,1,2023,1,2022,13124900000.0,682000000.0,6350500000.0,8425700000.0,0.051962300665147926,23.297777026347454,0.6419629863846582,6317900000.0,0.005159942385919436,1
63754,McCormick & Company,Consumer Staples,2024-01-25,3,2024,1,2023,12862300000.0,680600000.0,6662200000.0,7778800000.0,0.05291433102944264,23.27756638890892,0.6047751957270473,6350500000.0,0.04908274938981183,1
63754,McCormick & Company,Consumer Staples,2025-01-23,3,2025,1,2024,13070300000.0,788500000.0,6723700000.0,7753500000.0,0.06032761298516484,23.29360831764735,0.5932151519092905,6662200000.0,0.009231184893878863,1
63754,McCormick & Company,Consumer Staples,2026-01-22,5,2026,1,2025,13200400000.0,789400000.0,6840300000.0,7432300000.0,0.0598012181449047,23.30351296910991,0.5630359686070119,6723700000.0,0.017341642250546574,1
63908,McDonald's,Consumer Discretionary,2019-02-22,0,2019,2,2018,32811200000.0,5924300000.0,21257900000.0,32811200000.0,0.1805572487443312,24.21403575746578,1.0,,,0
63908,McDonald's,Consumer Discretionary,2020-02-26,0,2020,2,2019,47510800000.0,6025400000.0,21364400000.0,47510800000.0,0.1268216910681361,24.58422289056378,1.0,21257900000.0,0.00500990220106412,0
63908,McDonald's,Consumer Discretionary,2021-02-23,0,2021,2,2020,52626800000.0,4730500000.0,19207800000.0,52626800000.0,0.08988766179969142,24.686491332639537,1.0,21364400000.0,-0.10094362584486338,0
63908,McDonald's,Consumer Discretionary,2022-02-24,0,2022,2,2021,53854300000.0,7545200000.0,23222900000.0,53854300000.0,0.14010394713142682,24.709548088800034,1.0,19207800000.0,0.20903487125022124,0
63908,McDonald's,Consumer Discretionary,2023-02-24,0,2023,2,2022,50436000000.0,6177000000.0,23183000000.0,50435600000.0,0.12247204377825363,24.643971042757393,0.9999920691569514,23222900000.0,-0.001718131671755052,0
63908,McDonald's,Consumer Discretionary,2024-02-22,2,2024,2,2023,56147000000.0,8469000000.0,25494000000.0,56147000000.0,0.15083619783781857,24.751239088386512,1.0,23183000000.0,0.0996851140922228,1
63908,McDonald's,Consumer Discretionary,2025-02-25,2,2025,2,2024,55182000000.0,8223000000.0,25920000000.0,55182000000.0,0.1490159834728716,24.733902650095025,1.0,25494000000.0,0.01670981407389971,1
63908,McDonald's,Consumer Discretionary,2026-02-24,2,2026,2,2025,59515000000.0,8563000000.0,26885000000.0,59515000000.0,0.1438796941947408,24.809494218566254,1.0,25920000000.0,0.037229938271605034,1
64040,S&P Global,Financials,2019-02-13,3,2019,2,2018,9441000000.0,1958000000.0,6258000000.0,7137000000.0,0.20739328460968118,22.96832774369679,0.7559580552907531,,,1
64040,S&P Global,Financials,2020-02-10,3,2020,2,2019,11348000000.0,2123000000.0,6699000000.0,8544000000.0,0.18708142403947833,23.152307353893015,0.7529080014099401,6258000000.0,0.07046979865771807,1
64040,S&P Global,Financials,2021-02-09,4,2021,2,2020,12537000000.0,2339000000.0,7442000000.0,9185000000.0,0.18656775943208104,23.2519501090803,0.7326314110233708,6699000000.0,0.11091207642931789,1
64040,S&P Global,Financials,2022-02-08,2,2022,2,2021,15026000000.0,3024000000.0,8297000000.0,9490000000.0,0.20125116464794357,23.43304787089338,0.6315719419672567,7442000000.0,0.11488847084117171,1
64040,S&P Global,Financials,2023-02-10,5,2023,2,2022,61784000000.0,3248000000.0,11181000000.0,22040000000.0,0.052570244723553025,24.846910268213374,0.3567266606241098,8297000000.0,0.3475955164517295,1
64040,S&P Global,Financials,2024-02-09,8,2024,2,2023,60589000000.0,2626000000.0,12497000000.0,22489000000.0,0.04334120054795425,24.82737919539345,0.3711729851953325,11181000000.0,0.11769966908147755,1
64040,S&P Global,Financials,2025-02-11,13,2025,2,2024,60221000000.0,3852000000.0,14208000000.0,22713000000.0,0.0639643978014314,24.821286965640937,0.37716079108616596,12497000000.0,0.13691285908618078,1
64040,S&P Global,Financials,2026-02-11,10,2026,2,2025,61200000000.0,4471000000.0,15336000000.0,25048000000.0,0.07305555555555555,24.83741302646469,0.409281045751634,14208000000.0,0.07939189189189189,1
64803,CVS Health,Health Care,2019-02-28,1,2019,2,2018,196456000000.0,-594000000.0,194579000000.0,137913000000.0,-0.003023577798591033,26.003704324607156,0.7020045200961029,,,1
64803,CVS Health,Health Care,2020-02-18,2,2020,2,2019,222449000000.0,6634000000.0,256776000000.0,158279000000.0,0.029822566071324212,26.127963698796137,0.7115293842633592,194579000000.0,0.3196490885450125,1
64803,CVS Health,Health Care,2021-02-16,4,2021,2,2020,230715000000.0,7179000000.0,268706000000.0,161014000000.0,0.031116312333398347,26.164449019518297,0.6978913377977158,256776000000.0,0.04646072841698601,1
64803,CVS Health,Health Care,2022-02-09,4,2022,2,2021,232999000000.0,8001000000.0,292111000000.0,157618000000.0,0.0343392031725458,26.17429999865741,0.6764750063304993,268706000000.0,0.08710263261706097,1
64803,CVS Health,Health Care,2023-02-08,4,2023,2,2022,228275000000.0,4311000000.0,322467000000.0,156506000000.0,0.018885116635636842,26.153816879448815,0.6856028912495893,292111000000.0,0.10391940050186399,1
64803,CVS Health,Health Care,2024-02-07,5,2024,2,2023,249728000000.0,8344000000.0,357776000000.0,173092000000.0,0.03341235263967196,26.243638162507004,0.6931221168631471,322467000000.0,0.10949647560835674,1
64803,CVS Health,Health Care,2025-02-12,6,2025,2,2024,253215000000.0,4614000000.0,372809000000.0,177485000000.0,0.01822166933238552,26.257504767167873,0.7009260904764726,357776000000.0,0.0420179106480032,1
64803,CVS Health,Health Care,2026-02-10,6,2026,2,2025,253538000000.0,1768000000.0,402067000000.0,178156000000.0,0.006973313665012739,26.258779550124228,0.7026796772081503,372809000000.0,0.07847986502471782,1
65984,Entergy,Utilities,2019-02-26,0,2019,2,2018,48275066000.0,848661000.0,11009452000.0,48275066000.0,0.01757969631776371,24.600181032427326,1.0,,,0
65984,Entergy,Utilities,2020-02-21,0,2020,2,2019,51723912000.0,1241226000.0,10878673000.0,51723912000.0,0.023997140819511098,24.6691860260407,1.0,11009452000.0,-0.01187879287724769,0
65984,Entergy,Utilities,2021-02-26,0,2021,2,2020,58239212000.0,1388334000.0,10113636000.0,58239212000.0,0.023838475012333615,24.787824710523527,1.0,10878673000.0,-0.07032447799469654,0
65984,Entergy,Utilities,2022-02-25,0,2022,2,2021,59454242000.0,1118492000.0,11742896000.0,59454242000.0,0.01881265259424214,24.808472811616678,1.0,10113636000.0,0.1610953765787102,0
65984,Entergy,Utilities,2023-02-24,0,2023,2,2022,58595191000.0,1103166000.0,13764237000.0,58595191000.0,0.018826903388709834,24.793918465315457,1.0,11742896000.0,0.17213309221166573,0
65984,Entergy,Utilities,2024-02-23,3,2024,2,2023,59703396000.0,2356536000.0,12147412000.0,59703396000.0,0.039470719555048425,24.81265474014922,1.0,13764237000.0,-0.11746564666098092,1
65984,Entergy,Utilities,2025-02-18,8,2025,2,2024,64790032000.0,,11879653000.0,64790032000.0,,24.894417601311535,1.0,12147412000.0,-0.022042472915218436,1
65984,Entergy,Utilities,2026-02-19,9,2026,2,2025,71890730000.0,,12946686000.0,71890730000.0,,24.998413164293197,1.0,11879653000.0,0.08982021612920854,1
66740,3M,Industrials,2019-02-07,7,2019,2,2018,36500000000.0,5349000000.0,32765000000.0,26652000000.0,0.14654794520547945,24.320578097534856,0.7301917808219178,,,1
66740,3M,Industrials,2020-02-06,15,2020,2,2019,44659000000.0,4517000000.0,32136000000.0,34533000000.0,0.1011442262477888,24.52232169170603,0.7732595893324974,32765000000.0,-0.019197314207233362,1
66740,3M,Industrials,2021-02-04,17,2021,2,2020,47344000000.0,5449000000.0,32184000000.0,34413000000.0,0.11509378168300101,24.580705932604268,0.7268714092598851,32136000000.0,0.0014936519790889058,1
66740,3M,Industrials,2022-02-09,7,2022,2,2021,47072000000.0,5921000000.0,35355000000.0,31955000000.0,0.12578602991162474,24.57494418136544,0.6788536709721278,32184000000.0,0.09852721849366142,1
66740,3M,Industrials,2023-02-08,2,2023,2,2022,46455000000.0,5777000000.0,26161000000.0,31685000000.0,0.12435690453126681,24.561749939039686,0.6820579054999462,35355000000.0,-0.26004808372224575,1
66740,3M,Industrials,2024-02-07,2,2024,2,2023,50580000000.0,-6995000000.0,24610000000.0,45712000000.0,-0.13829576907868724,24.64682207818823,0.9037564254646105,26161000000.0,-0.05928672451358896,1
66740,3M,Industrials,2025-02-05,5,2025,2,2024,39868000000.0,4173000000.0,24575000000.0,35974000000.0,0.10467041236079061,24.408839834051623,0.9023276813484499,24610000000.0,-0.001422186103210099,1
66740,3M,Industrials,2026-02-03,6,2026,2,2025,37733000000.0,3250000000.0,24948000000.0,32986000000.0,0.0861315029284711,24.353800880086105,0.8741950017226301,24575000000.0,0.015178026449643944,1
68505,Motorola Solutions,Information Technology,2019-02-15,1,2019,2,2018,9409000000.0,966000000.0,7343000000.0,9409000000.0,0.102667658624721,22.96493251497104,1.0,,,1
68505,Motorola Solutions,Information Technology,2020-02-14,5,2020,2,2019,10642000000.0,868000000.0,7887000000.0,10642000000.0,0.08156361586168014,23.08807427312059,1.0,7343000000.0,0.0740841617867356,1
68505,Motorola Solutions,Information Technology,2021-02-12,4,2021,2,2020,10876000000.0,949000000.0,7414000000.0,10876000000.0,0.08725634424420743,23.109824363716633,1.0,7887000000.0,-0.05997210599721059,1
68505,Motorola Solutions,Information Technology,2022-02-16,4,2022,2,2021,12189000000.0,1245000000.0,8171000000.0,12189000000.0,0.10214127492000985,23.223799742620113,1.0,7414000000.0,0.10210412732667917,1
68505,Motorola Solutions,Information Technology,2023-02-16,2,2023,2,2022,12814000000.0,1363000000.0,9112000000.0,12814000000.0,0.10636803496176057,23.27380416016324,1.0,8171000000.0,0.11516338269489657,1
68505,Motorola Solutions,Information Technology,2024-02-15,3,2024,2,2023,13336000000.0,1709000000.0,9978000000.0,13336000000.0,0.1281493701259748,23.313732982394907,1.0,9112000000.0,0.09503950834064967,1
68505,Motorola Solutions,Information Technology,2025-02-14,2,2025,2,2024,14595000000.0,1577000000.0,10817000000.0,14595000000.0,0.10805070229530661,23.40394484125249,1.0,9978000000.0,0.08408498697133693,1
68505,Motorola Solutions,Information Technology,2026-02-12,2,2026,2,2025,19389000000.0,2154000000.0,11682000000.0,19389000000.0,0.11109391923255454,23.687971731895278,1.0,10817000000.0,0.07996671905334196,1
70858,Bank of America,Financials,2019-02-26,4,2019,2,2018,2354507000000.0,28147000000.0,91020000000.0,2089182000000.0,0.011954519566091755,28.487352479655968,0.8873118661358832,,,1
70858,Bank of America,Financials,2020-02-19,5,2020,2,2019,2434079000000.0,27430000000.0,91244000000.0,2169269000000.0,0.011269149440096233,28.520589566828306,0.8912073108555638,91020000000.0,0.0024609975829488207,1
70858,Bank of America,Financials,2021-02-24,6,2021,2,2020,2819627000000.0,17894000000.0,85528000000.0,2546703000000.0,0.006346229483545164,28.667625722626642,0.903205636773942,91244000000.0,-0.06264521502783749,1
70858,Bank of America,Financials,2022-02-22,6,2022,2,2021,3169495000000.0,31978000000.0,89113000000.0,2899429000000.0,0.010089304447553947,28.7845933851335,0.9147921041049126,85528000000.0,0.04191609765223081,1
70858,Bank of America,Financials,2023-02-22,10,2023,2,2022,3051375000000.0,27528000000.0,94950000000.0,2778178000000.0,0.009021506697800172,28.746613424631345,0.9104675760927451,89113000000.0,0.06550110533816622,1
70858,Bank of America,Financials,2024-02-20,20,2024,2,2023,3180151000000.0,26305000000.0,102769000000.0,2888505000000.0,0.008271619806732447,28.787949795870023,0.9082917760823307,94950000000.0,0.08234860452869941,1
70858,Bank of America,Financials,2025-02-25,24,2025,2,2024,3261299000000.0,26973000000.0,105856000000.0,2967336000000.0,0.00827063081305946,28.81314669819824,0.9098632170800653,102769000000.0,0.030038241103834906,1
70858,Bank of America,Financials,2026-02-25,9,2026,2,2025,3411738000000.0,30509000000.0,113097000000.0,3108495000000.0,0.008942363100566338,28.858242954801906,0.9111177353008936,105856000000.0,0.06840424727932293,1
72331,Nordson Corporation,Industrials,2019-12-13,0,2019,12,2019,3516447000.0,337091000.0,2194226000.0,3516447000.0,0.09586124858415326,21.980716941794412,1.0,,,0
72331,Nordson Corporation,Industrials,2020-12-18,0,2020,12,2020,3674656000.0,249539000.0,2121100000.0,3674656000.0,0.067908125277577,22.02472535978777,1.0,2194226000.0,-0.03332655797534079,0
72331,Nordson Corporation,Industrials,2021-12-17,0,2021,12,2021,3790961000.0,454368000.0,2362209000.0,3790961000.0,0.11985562499851621,22.05588538590461,1.0,2121100000.0,0.11367167978878889,0
72331,Nordson Corporation,Industrials,2022-12-19,0,2022,12,2022,3820375000.0,513103000.0,2590278000.0,3820375000.0,0.13430697248306775,22.063614422286044,1.0,2362209000.0,0.09654903524624614,0
72331,Nordson Corporation,Industrials,2023-12-20,0,2023,12,2023,5251770000.0,487493000.0,2628632000.0,5251770000.0,0.09282451440181119,22.381830999587205,1.0,2590278000.0,0.01480690489592229,0
72331,Nordson Corporation,Industrials,2024-12-18,0,2024,12,2024,6000966000.0,467284000.0,2689921000.0,6000966000.0,0.07786812989775313,22.515186293215358,1.0,2628632000.0,0.02331593011117561,0
72331,Nordson Corporation,Industrials,2025-12-17,2,2025,12,2025,5917681000.0,484474000.0,2791687000.0,5917681000.0,0.08186889425097432,22.501210486125867,1.0,2689921000.0,0.03783233782702178,1
72741,Eversource Energy,Utilities,2019-02-26,0,2019,2,2018,38241256000.0,1040519000.0,8448201000.0,38241256000.0,0.02720933119979114,24.367180769778503,1.0,,,0
72741,Eversource Energy,Utilities,2020-02-27,0,2020,2,2019,41123915000.0,916572000.0,8526470000.0,41123915000.0,0.02228805307082266,24.439855662705185,1.0,8448201000.0,0.009264575973038536,0
72741,Eversource Energy,Utilities,2021-02-17,0,2021,2,2020,46099598000.0,1212686000.0,8904430000.0,46099598000.0,0.026305782536324936,24.554070066737456,1.0,8526470000.0,0.04432784024338332,0
72741,Eversource Energy,Utilities,2022-02-17,2,2022,2,2021,48492144000.0,1228000000.0,9863085000.0,48492144000.0,0.025323689544434248,24.60466764238833,1.0,8904430000.0,0.10766045664910617,1
72741,Eversource Energy,Utilities,2023-02-15,2,2023,2,2022,53230900000.0,1412400000.0,12289336000.0,53230900000.0,0.026533460828203168,24.697904891746926,1.0,9863085000.0,0.24599311473033025,1
72741,Eversource Energy,Utilities,2024-02-14,2,2024,2,2023,55612245000.0,-434700000.0,11910705000.0,55612245000.0,-0.00781662383886858,24.74166924776799,1.0,12289336000.0,-0.030809719906754962,1
72741,Eversource Energy,Utilities,2025-02-14,4,2025,2,2024,59594529000.0,,11900809000.0,59594529000.0,,24.810829611502253,1.0,11910705000.0,-0.0008308492234506692,1
72741,Eversource Energy,Utilities,2026-02-17,6,2026,2,2025,63786711000.0,,13547244000.0,63786711000.0,,24.87881071406541,1.0,11900809000.0,0.13834647711764814,1
72903,Xcel Energy,Utilities,2019-02-22,0,2019,2,2018,45987000000.0,1261000000.0,11537000000.0,45987000000.0,0.027420792832757085,24.55162458479849,1.0,,,0
72903,Xcel Energy,Utilities,2020-02-21,0,2020,2,2019,50448000000.0,1372000000.0,,50448000000.0,0.027196320964161115,24.644208939749117,1.0,11537000000.0,,0
72903,Xcel Energy,Utilities,2021-02-17,0,2021,2,2020,53957000000.0,1473000000.0,,53957000000.0,0.027299516281483402,24.711453270002085,1.0,,,0
72903,Xcel Energy,Utilities,2022-02-23,0,2022,2,2021,57851000000.0,1597000000.0,,57851000000.0,0.027605400079514616,24.781136576521398,1.0,,,0
72903,Xcel Energy,Utilities,2023-02-23,3,2023,2,2022,61188000000.0,1736000000.0,,61188000000.0,0.028371576126037787,24.837216928807432,1.0,,,1
72903,Xcel Energy,Utilities,2024-02-21,4,2024,2,2023,64079000000.0,1771000000.0,,64079000000.0,0.027637759640443828,24.883382534091613,1.0,,,1
72903,Xcel Energy,Utilities,2025-02-27,8,2025,2,2024,70035000000.0,1936000000.0,,70035000000.0,0.027643321196544585,24.972260954037424,1.0,,,1
72903,Xcel Energy,Utilities,2026-02-25,2,2026,2,2025,81371000000.0,2018000000.0,,81371000000.0,0.024799990168487544,25.12228478112106,1.0,,,1
72971,Wells Fargo,Financials,2019-02-27,0,2019,2,2018,1895883000000.0,22393000000.0,86408000000.0,1698817000000.0,0.011811382875420055,28.27070580899655,0.8960558220101135,,,0
72971,Wells Fargo,Financials,2020-02-27,0,2020,2,2019,1927555000000.0,19715000000.0,85063000000.0,1739571000000.0,0.010227983118510238,28.287273476347746,0.9024754157468918,86408000000.0,-0.015565688362188634,0
72971,Wells Fargo,Financials,2021-02-23,0,2021,2,2020,1952911000000.0,3377000000.0,,1767199000000.0,0.0017292134664610931,28.300342195868165,0.9049050366350541,85063000000.0,,0
72971,Wells Fargo,Financials,2022-02-22,0,2022,2,2021,1948068000000.0,22109000000.0,,1757958000000.0,0.011349193149315116,28.29785922813717,0.902411004133326,,,0
72971,Wells Fargo,Financials,2023-02-21,0,2023,2,2022,1881020000000.0,13677000000.0,,1698807000000.0,0.007271055065868518,28.262835298833128,0.903130748211077,,,0
72971,Wells Fargo,Financials,2024-02-20,0,2024,2,2023,1932468000000.0,19142000000.0,,1745025000000.0,0.009905468033623325,28.28981905840931,0.9030033097572637,,,0
72971,Wells Fargo,Financials,2025-02-25,0,2025,2,2024,1929845000000.0,19722000000.0,,1748779000000.0,0.010219473584666126,28.288460804739422,0.9061758845917677,,,0
72971,Wells Fargo,Financials,2026-02-24,1,2026,2,2025,2148631000000.0,21338000000.0,,1965593000000.0,0.009930974653162875,28.3958520110744,0.9148118034227376,,,1
73124,Northern Trust,Financials,2019-02-26,0,2019,2,2018,132212500000.0,1556400000.0,5960200000.0,121704200000.0,0.011771958022123476,25.607676313600585,0.9205196180391415,,,0
73124,Northern Trust,Financials,2020-02-25,1,2020,2,2019,136828400000.0,1492200000.0,6073100000.0,125737400000.0,0.01090563070239804,25.64199342292766,0.9189422663716013,5960200000.0,0.01894231737190033,1
73124,Northern Trust,Financials,2021-02-23,1,2021,2,2020,170003900000.0,1209300000.0,6100800000.0,158315600000.0,0.007113366222774889,25.859087214909998,0.9312468713953033,6073100000.0,0.0045610972979204245,1
73124,Northern Trust,Financials,2022-02-28,1,2022,2,2021,183889800000.0,1545300000.0,6464500000.0,171873000000.0,0.00840340247256781,25.93760250209186,0.9346521666780866,6100800000.0,0.059615132441646956,1
73124,Northern Trust,Financials,2023-02-28,1,2023,2,2022,155036700000.0,1336000000.0,6761200000.0,143777200000.0,0.00861731448102288,25.766927700032618,0.9273752601803315,6464500000.0,0.045896821099852936,1
73124,Northern Trust,Financials,2024-02-27,2,2024,2,2023,150783100000.0,1107300000.0,6773500000.0,138885200000.0,0.007343661192799458,25.739108217274556,0.9210926158170246,6761200000.0,0.001819203691652449,1
73124,Northern Trust,Financials,2025-02-24,3,2025,2,2024,155508400000.0,2031100000.0,8290400000.0,142720000000.0,0.013061030786761359,25.769965586399312,0.91776392786499,6773500000.0,0.22394626116483352,1
73124,Northern Trust,Financials,2026-02-24,7,2026,2,2025,177132700000.0,1736900000.0,8086400000.0,164174800000.0,0.00980564288807205,25.900165006136575,0.9268463699813756,8290400000.0,-0.024606774100164097,1
73309,Nucor,Materials,2019-02-28,0,2019,2,2018,17920588000.0,2360767000.0,25067279000.0,7718620000.0,0.13173490735906657,23.609216056454876,0.4307124297483989,,,0
73309,Nucor,Materials,2020-02-28,0,2020,2,2019,18344666000.0,1271143000.0,22588858000.0,7553490000.0,0.06929224004405422,23.63260468799211,0.4117540215777164,25067279000.0,-0.09887076295755914,0
73309,Nucor,Materials,2021-02-26,0,2021,2,2020,20125394000.0,721470000.0,20139658000.0,8893533000.0,0.035848739160087996,23.725248237699148,0.44190603175272,22588858000.0,-0.1084251359674756,0
73309,Nucor,Materials,2022-02-28,0,2022,2,2021,25823072000.0,6827461000.0,36483939000.0,11219278000.0,0.2643938335454434,23.974534192824432,0.43446720823920565,20139658000.0,0.8115470977709751,0
73309,Nucor,Materials,2023-03-01,0,2023,3,2022,32479000000.0,7607000000.0,41512000000.0,12909304000.0,0.23421287601219248,24.203859563588583,0.39746617814587887,36483939000.0,0.1378157385911647,0
73309,Nucor,Materials,2024-02-27,0,2024,2,2023,35340000000.0,4525000000.0,34714000000.0,13217000000.0,0.1280418788907753,24.288281303837962,0.3739954725523486,41512000000.0,-0.16375987666216996,0
73309,Nucor,Materials,2025-02-27,0,2025,2,2024,33940000000.0,2027000000.0,30734000000.0,12523000000.0,0.059723040659988215,24.247860096752493,0.36897466116676486,34714000000.0,-0.11465114939217602,0
73309,Nucor,Materials,2026-02-25,0,2026,2,2025,35104000000.0,1744000000.0,32494000000.0,12980000000.0,0.04968094804010939,24.28158092103923,0.3697584320875114,30734000000.0,0.05726556907659264,0
74208,"UDR, Inc.",Real Estate,2019-02-19,3,2019,2,2018,7711728000.0,203106000.0,1046859000.0,3816211000.0,0.026337287829653742,22.766008123923122,0.49485809146795634,,,1
74208,"UDR, Inc.",Real Estate,2020-02-18,5,2020,2,2019,9636472000.0,184965000.0,1152193000.0,5228493000.0,0.019194265287129978,22.988820903479898,0.5425733608731494,1046859000.0,0.10061909005892855,1
74208,"UDR, Inc.",Real Estate,2021-02-18,6,2021,2,2020,9637533000.0,64266000.0,1241165000.0,5522648000.0,0.006668304015145785,22.98893099995451,0.5730354438215672,1152193000.0,0.07721970190757976,1
74208,"UDR, Inc.",Real Estate,2022-02-15,9,2022,2,2021,10775220000.0,150016000.0,1290767000.0,6001474000.0,0.013922314347178062,23.100514890361197,0.5569699736989129,1241165000.0,0.03996406601861957,1
74208,"UDR, Inc.",Real Estate,2023-02-13,7,2023,2,2022,11038470000.0,86924000.0,1517386000.0,6100325000.0,0.007874642047312716,23.12465228123478,0.5526422592986165,1290767000.0,0.17556925455949846,1
74208,"UDR, Inc.",Real Estate,2024-02-20,4,2024,2,2023,11373242000.0,444353000.0,1627501000.0,6420801000.0,0.03907003825294494,23.15452924038888,0.5645532733762282,1517386000.0,0.07256887832100722,1
74208,"UDR, Inc.",Real Estate,2025-02-18,4,2025,2,2024,10897586000.0,89585000.0,1671842000.0,6436691000.0,0.008220627944574148,23.111807133763964,0.5906529207477693,1627501000.0,0.027244837330361094,1
74208,"UDR, Inc.",Real Estate,2026-02-17,6,2026,2,2025,10605674000.0,377704000.0,1712317000.0,6456911000.0,0.03561338958749816,23.08465497787045,0.6088166579512061,1671842000.0,0.024209823655584772,1
75362,Paccar,Industrials,2019-02-21,0,2019,2,2018,25482400000.0,2195100000.0,23495700000.0,25482400000.0,0.08614180767902552,23.961253854737397,1.0,,,0
75362,Paccar,Industrials,2020-02-19,0,2020,2,2019,28361100000.0,2387900000.0,25599700000.0,28361100000.0,0.08419631114449017,24.068284324882118,1.0,23495700000.0,0.08954830032729388,0
75362,Paccar,Industrials,2021-02-17,0,2021,2,2020,28450000000.0,1301200000.0,18728500000.0,28260000000.0,0.04573637961335677,24.071413997518754,0.9933216168717047,25599700000.0,-0.26840939542260256,0
75362,Paccar,Industrials,2022-02-23,0,2022,2,2021,29509400000.0,1865500000.0,23522300000.0,29509400000.0,0.06321714436755746,24.107974693603744,1.0,18728500000.0,0.2559628373868703,0
75362,Paccar,Industrials,2023-02-22,0,2023,2,2022,33275500000.0,3011600000.0,28819700000.0,33275500000.0,0.09050502622049256,24.22808722741071,1.0,23522300000.0,0.22520756898772665,0
75362,Paccar,Industrials,2024-02-21,0,2024,2,2023,40823400000.0,4600800000.0,35127400000.0,40823400000.0,0.11270006907802878,24.432521283363155,1.0,28819700000.0,0.21886764955915572,0
75362,Paccar,Industrials,2025-02-19,0,2025,2,2024,43418900000.0,4162000000.0,33663800000.0,43418900000.0,0.09585687338923833,24.494160667128156,1.0,35127400000.0,-0.04166548050809338,0
75362,Paccar,Industrials,2026-02-18,5,2026,2,2025,44336200000.0,2375800000.0,28444800000.0,44336200000.0,0.05358600872424791,24.515067336063716,1.0,33663800000.0,-0.15503300281014032,1
75677,Packaging Corporation of America,Materials,2019-02-28,0,2019,2,2018,6569700000.0,738000000.0,7014600000.0,6569700000.0,0.11233389652495547,22.605734006299926,1.0,,,0
75677,Packaging Corporation of America,Materials,2020-02-26,0,2020,2,2019,7235800000.0,696400000.0,6964300000.0,7235800000.0,0.09624367727134525,22.7023067645176,1.0,7014600000.0,-0.007170758133036803,0
75677,Packaging Corporation of America,Materials,2021-02-24,0,2021,2,2020,7433200000.0,461000000.0,6658200000.0,7433200000.0,0.06201904966905236,22.729222289363772,1.0,6964300000.0,-0.04395273035337366,0
75677,Packaging Corporation of America,Materials,2022-02-24,0,2022,2,2021,7836800000.0,841100000.0,7730300000.0,7836800000.0,0.10732697019191506,22.782096424722123,1.0,6658200000.0,0.16101949475834298,0
75677,Packaging Corporation of America,Materials,2023-02-23,0,2023,2,2022,8003800000.0,1029800000.0,8478000000.0,8003800000.0,0.12866388465478898,22.803182265849458,1.0,7730300000.0,0.09672328370179684,0
75677,Packaging Corporation of America,Materials,2024-02-29,0,2024,2,2023,8681100000.0,765200000.0,7802400000.0,8681100000.0,0.08814551151351788,22.88441408569994,1.0,8478000000.0,-0.07968860580325543,0
75677,Packaging Corporation of America,Materials,2025-02-27,0,2025,2,2024,8833200000.0,805100000.0,8383300000.0,8833200000.0,0.09114477199655843,22.901783186816935,1.0,7802400000.0,0.07445145083564042,0
75677,Packaging Corporation of America,Materials,2026-02-26,0,2026,2,2025,10725500000.0,774100000.0,8989300000.0,10725500000.0,0.0721737914316349,23.09588992072043,1.0,8383300000.0,0.07228656972791137,0
76334,Parker Hannifin,Industrials,2019-08-23,0,2019,8,2019,17732028000.0,1524516000.0,14320324000.0,11608538000.0,0.08597527592444587,23.598638332894065,0.6546649937615708,,,0
76334,Parker Hannifin,Industrials,2020-08-26,1,2020,8,2020,19887753000.0,1201970000.0,13695520000.0,13645983000.0,0.06043769751162939,23.713369952088165,0.6861500643134496,14320324000.0,-0.04363057707353546,1
76334,Parker Hannifin,Industrials,2021-08-25,1,2021,8,2021,20341200000.0,1746100000.0,14347640000.0,11927530000.0,0.0858405600456217,23.735914222876712,0.5863729770121724,13695520000.0,0.04761557063915789,1
76334,Parker Hannifin,Industrials,2022-08-24,1,2022,8,2022,25943943000.0,1315605000.0,15861608000.0,17084023000.0,0.050709523991784904,23.979204008909235,0.658497553745011,14347640000.0,0.10552035038515051,1
76334,Parker Hannifin,Industrials,2023-08-24,1,2023,8,2023,29964000000.0,2082936000.0,19065000000.0,19626193000.0,0.06951461754104926,24.123262498032048,0.6549924242424242,15861608000.0,0.20195884301263778,1
76334,Parker Hannifin,Industrials,2024-08-22,1,2024,8,2024,29298000000.0,2844215000.0,19930000000.0,17217000000.0,0.0970788108403304,24.10078509125399,0.5876510342002867,19065000000.0,0.04537109887227908,1
76334,Parker Hannifin,Industrials,2025-08-22,1,2025,8,2025,29494000000.0,,19850000000.0,15803000000.0,,24.10745268977516,0.5358038923170815,19930000000.0,-0.004014049172102352,1
77360,Pentair,Industrials,2019-02-19,2,2019,2,2018,3806500000.0,347400000.0,740500000.0,1970400000.0,0.0912649415473532,22.059975968710543,0.5176408774464731,,,1
77360,Pentair,Industrials,2020-02-25,3,2020,2,2019,4139500000.0,355700000.0,755200000.0,2185600000.0,0.08592825220437252,22.143840844543135,0.5279864717961107,740500000.0,0.019851451721809577,1
77360,Pentair,Industrials,2021-02-16,2,2021,2,2020,4197200000.0,358600000.0,3017800000.0,2090900000.0,0.0854379109882779,22.15768347324803,0.49816544362908605,755200000.0,2.9960275423728815,1
77360,Pentair,Industrials,2022-02-22,2,2022,2,2021,4753600000.0,553000000.0,3764800000.0,2331700000.0,0.11633288455065635,22.282168062672618,0.4905124537192864,3017800000.0,0.24753131420239916,1
77360,Pentair,Industrials,2023-02-21,2,2023,2,2022,6447500000.0,480900000.0,4121800000.0,3739400000.0,0.07458704924389298,22.58695829571977,0.57997673516867,3764800000.0,0.09482575435614105,1
77360,Pentair,Industrials,2024-02-20,4,2024,2,2023,6563300000.0,622700000.0,4104500000.0,3346200000.0,0.09487605320494263,22.604759362196276,0.509834991543888,4121800000.0,-0.00419719540006791,1
77360,Pentair,Industrials,2025-02-25,4,2025,2,2024,6446500000.0,625400000.0,4082800000.0,2883600000.0,0.09701388350267587,22.586803184815164,0.4473124951524083,4104500000.0,-0.0052868802533804216,1
77360,Pentair,Industrials,2026-02-24,9,2026,2,2025,6868800000.0,653800000.0,4176000000.0,2999600000.0,0.09518402049848591,22.650255255434573,0.43669927789424645,4082800000.0,0.022827471343195738,1
77476,PepsiCo,Consumer Staples,2019-02-15,3,2019,2,2018,77648000000.0,12515000000.0,64661000000.0,63046000000.0,0.16117607665361633,25.075451629609272,0.8119462188337111,,,1
77476,PepsiCo,Consumer Staples,2020-02-13,6,2020,2,2019,78547000000.0,7314000000.0,67161000000.0,63679000000.0,0.09311622340764128,25.086963008684453,0.8107120577488638,64661000000.0,0.038663181825211446,1
77476,PepsiCo,Consumer Staples,2021-02-11,3,2021,2,2020,92918000000.0,7120000000.0,70372000000.0,79366000000.0,0.07662670311457415,25.254983220725457,0.8541509718246195,67161000000.0,0.04781048525185749,1
77476,PepsiCo,Consumer Staples,2022-02-10,4,2022,2,2021,92377000000.0,7618000000.0,79474000000.0,76226000000.0,0.08246641480022084,25.249143866859967,0.8251621074509888,70372000000.0,0.1293412152560678,1
77476,PepsiCo,Consumer Staples,2023-02-09,5,2023,2,2022,92187000000.0,8910000000.0,86392000000.0,74914000000.0,0.09665137166845651,25.24708495973703,0.8126308481673121,79474000000.0,0.08704733623575,1
77476,PepsiCo,Consumer Staples,2024-02-09,9,2024,2,2023,100495000000.0,9074000000.0,91471000000.0,81858000000.0,0.09029304940544305,25.333373811964126,0.8145479874620628,86392000000.0,0.05879016575608853,1
77476,PepsiCo,Consumer Staples,2025-02-04,12,2025,2,2024,99467000000.0,9578000000.0,91854000000.0,81296000000.0,0.09629324298511063,25.323091767808727,0.8173162958569173,91471000000.0,0.0041871194148965785,1
77476,PepsiCo,Consumer Staples,2026-02-03,15,2026,2,2025,107399000000.0,8240000000.0,93925000000.0,86852000000.0,0.07672324695760668,25.399816707990865,0.8086853695099582,91854000000.0,0.022546650118666633,1
78003,Pfizer,Health Care,2019-02-28,0,2019,2,2018,159422000000.0,11153000000.0,40825000000.0,95664000000.0,0.06995897680370337,25.79482061134485,0.6000677447278293,,,0
78003,Pfizer,Health Care,2020-02-27,0,2020,2,2019,167594000000.0,16026000000.0,40905000000.0,104148000000.0,0.09562394835137296,25.8448102248309,0.6214303614687877,40825000000.0,0.001959583588487357,0
78003,Pfizer,Health Care,2021-02-25,0,2021,2,2020,154229000000.0,9159000000.0,41651000000.0,90756000000.0,0.05938571863916643,25.76170434783805,0.5884496430632371,40905000000.0,0.0182373792934849,0
78003,Pfizer,Health Care,2022-02-24,0,2022,2,2021,181476000000.0,21979000000.0,81288000000.0,104013000000.0,0.12111243360003526,25.924389250503015,0.5731501686173378,41651000000.0,0.9516458188278794,0
78003,Pfizer,Health Care,2023-02-23,2,2023,2,2022,197205000000.0,31372000000.0,101175000000.0,101288000000.0,0.1590831875459547,26.00750963376309,0.5136178088790853,81288000000.0,0.2446486566282846,1
78003,Pfizer,Health Care,2024-02-22,2,2024,2,2023,226501000000.0,2119000000.0,59553000000.0,137213000000.0,0.009355367084472033,26.146015196870792,0.6057942349040402,101175000000.0,-0.41138621200889547,1
78003,Pfizer,Health Care,2025-02-27,1,2025,2,2024,213396000000.0,8031000000.0,63627000000.0,124899000000.0,0.03763425743687792,26.086415431495936,0.5852921329359501,59553000000.0,0.068409651906705,1
78003,Pfizer,Health Care,2026-02-26,8,2026,2,2025,208160000000.0,7771000000.0,62579000000.0,121385000000.0,0.037331860107609534,26.061572851710608,0.5831331667947732,63627000000.0,-0.01647099501783833,1
79282,Brown & Brown,Financials,2019-02-26,0,2019,2,2018,6688668000.0,344255000.0,2014246000.0,3688100000.0,0.051468394006101065,22.62368058812387,0.5513952852795205,,,0
79282,Brown & Brown,Financials,2020-02-24,0,2020,2,2019,7622821000.0,398514000.0,2392171000.0,7622821000.0,0.0522790709633612,22.754412348107916,1.0,2014246000.0,0.18762603971908098,0
79282,Brown & Brown,Financials,2021-02-23,0,2021,2,2020,8966500000.0,480500000.0,2613400000.0,8966492000.0,0.05358835666090448,22.916761247352753,0.9999991077901076,2392171000.0,0.09248042886566221,0
79282,Brown & Brown,Financials,2022-02-23,2,2022,2,2021,9795400000.0,587100000.0,3051400000.0,9795400000.0,0.05993629662902995,23.00517872467092,1.0,2613400000.0,0.16759776536312843,1
79282,Brown & Brown,Financials,2023-02-27,0,2023,2,2022,13973500000.0,672000000.0,3573000000.0,13973500000.0,0.04809102944859914,23.36042851570087,1.0,3051400000.0,0.1709379301304319,0
79282,Brown & Brown,Financials,2024-02-22,0,2024,2,2023,14883000000.0,871000000.0,4257000000.0,14883000000.0,0.05852314721494322,23.42348545893343,1.0,3573000000.0,0.19143576826196473,0
79282,Brown & Brown,Financials,2025-02-13,1,2025,2,2024,17612000000.0,993000000.0,4805000000.0,17612000000.0,0.056382012264365206,23.59184632483992,1.0,4257000000.0,0.12872915198496604,1
79282,Brown & Brown,Financials,2026-02-12,2,2026,2,2025,29991000000.0,1054000000.0,5902000000.0,29991000000.0,0.03514387649628222,24.124163173599566,1.0,4805000000.0,0.22830385015608745,1
79879,PPG Industries,Materials,2019-02-21,0,2019,2,2018,16015000000.0,1341000000.0,15374000000.0,11283000000.0,0.08373399937558539,23.496791620007535,0.7045270059319388,,,0
79879,PPG Industries,Materials,2020-02-20,0,2020,2,2019,17708000000.0,1243000000.0,15146000000.0,12305000000.0,0.07019426248023493,23.597282351816308,0.6948836683984639,15374000000.0,-0.014830232860673864,0
79879,PPG Industries,Materials,2021-02-18,0,2021,2,2020,19556000000.0,1059000000.0,13834000000.0,13741000000.0,0.054152178359582734,23.69654798166281,0.7026488034362856,15146000000.0,-0.08662353096527131,0
79879,PPG Industries,Materials,2022-02-17,0,2022,2,2021,21351000000.0,1439000000.0,16802000000.0,14940000000.0,0.06739731160133015,23.784364413931655,0.6997330335815652,13834000000.0,0.21454387740349867,0
79879,PPG Industries,Materials,2023-02-16,0,2023,2,2022,20744000000.0,1026000000.0,15614000000.0,14035000000.0,0.04946008484381026,23.755522885182774,0.6765811801002699,16802000000.0,-0.07070586834900605,0
79879,PPG Industries,Materials,2024-02-15,0,2024,2,2023,21647000000.0,1270000000.0,16242000000.0,13624000000.0,0.05866863768651545,23.798132713664128,0.6293712754654225,15614000000.0,0.04022031510183166,0
79879,PPG Industries,Materials,2025-02-20,1,2025,2,2024,19433000000.0,1116000000.0,15845000000.0,12471000000.0,0.05742808624504708,23.690238488828978,0.6417434261308084,16242000000.0,-0.0244428026105159,1
79879,PPG Industries,Materials,2026-02-19,3,2026,2,2025,22098000000.0,1576000000.0,15875000000.0,14001000000.0,0.07131867137297493,23.818752943637392,0.6335867499321206,15845000000.0,0.0018933417481854509,1
80424,Procter & Gamble,Consumer Staples,2019-08-06,0,2019,8,2019,115095000000.0,3897000000.0,67684000000.0,67516000000.0,0.03385898605499805,25.469023711244148,0.5866110604283418,,,0
80424,Procter & Gamble,Consumer Staples,2020-08-06,0,2020,8,2020,120700000000.0,13027000000.0,70950000000.0,73822000000.0,0.10792874896437449,25.516573965049897,0.6116155758077879,67684000000.0,0.04825364931150644,0
80424,Procter & Gamble,Consumer Staples,2021-08-06,0,2021,8,2021,119307000000.0,14306000000.0,76118000000.0,72653000000.0,0.1199091419614943,25.50496583993665,0.6089584014349535,70950000000.0,0.07284002818886548,0
80424,Procter & Gamble,Consumer Staples,2022-08-05,0,2022,8,2022,117208000000.0,14742000000.0,80187000000.0,70354000000.0,0.12577639751552794,25.487215971145424,0.6002491297522353,76118000000.0,0.05345647547229304,0
80424,Procter & Gamble,Consumer Staples,2023-08-04,0,2023,8,2023,120829000000.0,14653000000.0,82006000000.0,73764000000.0,0.12127055590959124,25.51764215986101,0.6104825828236599,80187000000.0,0.02268447503959492,0
80424,Procter & Gamble,Consumer Staples,2024-08-05,5,2024,8,2024,122370000000.0,14879000000.0,84039000000.0,71811000000.0,0.12159025905042085,25.53031507894399,0.5868350085805344,82006000000.0,0.024790868960807844,1
80424,Procter & Gamble,Consumer Staples,2025-08-04,6,2025,8,2025,125231000000.0,15974000000.0,84284000000.0,72946000000.0,0.1275562760019484,25.553425868797504,0.5824915556052415,84039000000.0,0.0029153131284285205,1
80424,Procter & Gamble,Consumer Staples,2026-08-04,2,2026,8,2026,126521000000.0,16046000000.0,87032000000.0,72210000000.0,0.12682479588368728,25.56367413924134,0.5707352929553197,84284000000.0,0.03260405296378899,1
80661,Progressive Corporation,Financials,2019-02-27,0,2019,2,2018,46575000000.0,2615300000.0,31979000000.0,35538700000.0,0.056152442297369834,24.564329753434063,0.7630424047235641,,,0
80661,Progressive Corporation,Financials,2020-03-02,0,2020,3,2019,54910500000.0,3970300000.0,39022300000.0,41011700000.0,0.0723049325720946,24.72897042400524,0.7468826545014159,31979000000.0,0.22024766252853434,0
80661,Progressive Corporation,Financials,2021-03-01,0,2021,3,2020,64098300000.0,5704600000.0,42658100000.0,47059700000.0,0.08899768012568196,24.883683679460503,0.7341801576640878,39022300000.0,0.09317236554482955,0
80661,Progressive Corporation,Financials,2022-02-28,3,2022,2,2021,71132300000.0,3350900000.0,47702000000.0,52900700000.0,0.047107994539751986,24.987807360330038,0.7436944960306359,42658100000.0,0.11824014665444538,1
80661,Progressive Corporation,Financials,2023-02-27,6,2023,2,2022,75465000000.0,722000000.0,49611000000.0,59574000000.0,0.009567349102232824,25.0469348095578,0.7894255615185848,47702000000.0,0.04001928640308572,1
80661,Progressive Corporation,Financials,2024-02-26,5,2024,2,2023,88691000000.0,3903000000.0,62109000000.0,68414000000.0,0.04400671996031164,25.20842425549953,0.7713747730885885,49611000000.0,0.25191993711072147,1
80661,Progressive Corporation,Financials,2025-03-03,5,2025,3,2024,105745000000.0,8480000000.0,75372000000.0,80154000000.0,0.08019291692278595,25.384296372431127,0.75799328573455,62109000000.0,0.21354393083128054,1
80661,Progressive Corporation,Financials,2026-03-02,7,2026,3,2025,123039000000.0,11308000000.0,87671000000.0,92716000000.0,0.09190581848031924,25.535767215232486,0.7535496874974602,75372000000.0,0.1631773072228413,1
84839,"Rollins, Inc.",Industrials,2019-03-01,0,2019,3,2018,1094124000.0,,1821565000.0,382216000.0,,20.81321988004411,0.3493351759032797,,,0
84839,"Rollins, Inc.",Industrials,2020-02-28,0,2020,2,2019,1744376000.0,203347000.0,2015477000.0,928626000.0,0.1165729177654359,21.279662735525925,0.5323542630717231,1821565000.0,0.1064535166189513,0
84839,"Rollins, Inc.",Industrials,2021-02-26,0,2021,2,2020,1845900000.0,266756000.0,2161220000.0,904540000.0,0.14451270383010997,21.33623280037883,0.4900265453166477,2015477000.0,0.07231191425156425,0
84839,"Rollins, Inc.",Industrials,2022-02-25,0,2022,2,2021,2021540000.0,356565000.0,2424300000.0,910323000.0,0.17638285663405126,21.427125434136002,0.4503116435984448,2161220000.0,0.12172754277676501,0
84839,"Rollins, Inc.",Industrials,2023-02-16,0,2023,2,2022,2122028000.0,368599000.0,2695823000.0,854831000.0,0.17370128952115618,21.47563807215011,0.4028368145943409,2424300000.0,0.11200057748628467,0
84839,"Rollins, Inc.",Industrials,2024-02-15,0,2024,2,2023,2595460000.0,434957000.0,3073278000.0,1439893000.0,0.1675837809097424,21.677029601824035,0.5547737202653865,2695823000.0,0.14001475616166204,0
84839,"Rollins, Inc.",Industrials,2025-02-13,1,2025,2,2024,2819695000.0,466379000.0,3388708000.0,1489102000.0,0.16540051317607046,21.75989456001878,0.5281074726167192,3073278000.0,0.10263633813797512,1
84839,"Rollins, Inc.",Industrials,2026-02-12,1,2026,2,2025,3140523000.0,526705000.0,3761050000.0,1766202000.0,0.1677125115784855,21.867655183506468,0.562391041237399,3388708000.0,0.10987727476076437,1
86312,Travelers Companies (The),Financials,2019-02-14,3,2019,2,2018,104233000000.0,2523000000.0,30282000000.0,81339000000.0,0.024205386010188713,25.36989461478367,0.7803574683641457,,,1
86312,Travelers Companies (The),Financials,2020-02-13,3,2020,2,2019,110122000000.0,2622000000.0,31581000000.0,84179000000.0,0.023809956230362687,25.424854679060978,0.764415829716133,30282000000.0,0.04289677035862893,1
86312,Travelers Companies (The),Financials,2021-02-11,3,2021,2,2020,116764000000.0,2697000000.0,31981000000.0,87563000000.0,0.02309787263197561,25.48342064065316,0.7499143571648796,31581000000.0,0.01266584338684651,1
86312,Travelers Companies (The),Financials,2022-02-17,6,2022,2,2021,120466000000.0,3662000000.0,34816000000.0,91579000000.0,0.030398618697391796,25.514633392386806,0.7602061992595421,31981000000.0,0.08864638379037548,1
86312,Travelers Companies (The),Financials,2023-02-16,8,2023,2,2022,115717000000.0,2842000000.0,36884000000.0,94157000000.0,0.024559917730324843,25.4744133920726,0.8136833827354667,34816000000.0,0.059397977941176405,1
86312,Travelers Companies (The),Financials,2024-02-15,21,2024,2,2023,125978000000.0,2991000000.0,41364000000.0,101057000000.0,0.02374224070869517,25.559373125478377,0.8021797456698788,36884000000.0,0.12146188049018547,1
86312,Travelers Companies (The),Financials,2025-02-13,25,2025,2,2024,133189000000.0,4999000000.0,46423000000.0,105325000000.0,0.03753312961280586,25.615035009059987,0.7907935340005556,41364000000.0,0.12230441930180835,1
86312,Travelers Companies (The),Financials,2026-02-12,34,2026,2,2025,143708000000.0,6288000000.0,48828000000.0,110814000000.0,0.04375539288000668,25.691049300019714,0.7711052968519498,46423000000.0,0.0518062167460096,1
87347,Schlumberger,Energy,2019-01-23,0,2019,1,2018,70507000000.0,2138000000.0,32815000000.0,33921000000.0,0.030323230317557123,24.978977832615776,0.48110116725998836,,,0
87347,Schlumberger,Energy,2020-01-22,5,2020,1,2019,56312000000.0,-10137000000.0,32917000000.0,32136000000.0,-0.18001491689160393,24.75417349325224,0.5706776530757209,32815000000.0,0.0031083346030778003,1
87347,Schlumberger,Energy,2021-01-27,7,2021,1,2020,42434000000.0,-10518000000.0,23601000000.0,29945000000.0,-0.24786727624075033,24.47121576463734,0.7056841212235472,32917000000.0,-0.28301485554576666,1
87347,Schlumberger,Energy,2022-01-26,6,2022,1,2021,41511000000.0,1881000000.0,22929000000.0,26225000000.0,0.045313290453132905,24.449224289301767,0.6317602563176026,23601000000.0,-0.028473369772467283,1
87347,Schlumberger,Energy,2023-01-25,9,2023,1,2022,43135000000.0,3441000000.0,28091000000.0,25146000000.0,0.07977280630578416,24.487600569474953,0.5829604729338125,22929000000.0,0.22512974835361343,1
87347,Schlumberger,Energy,2024-01-24,6,2024,1,2023,47957000000.0,4203000000.0,33135000000.0,26598000000.0,0.08764101173968347,24.593570613022486,0.5546218487394958,28091000000.0,0.17955928945213762,1
87347,Schlumberger,Energy,2025-01-22,5,2025,1,2024,48935000000.0,4461000000.0,36289000000.0,26585000000.0,0.09116174517216716,24.613758723824194,0.5432716869316441,33135000000.0,0.09518635883506876,1
87347,Schlumberger,Energy,2026-01-23,10,2026,1,2025,54868000000.0,3374000000.0,35708000000.0,27577000000.0,0.061493037836261574,24.72819613756257,0.5026062550120288,36289000000.0,-0.016010361266499462,1
89800,Sherwin-Williams,Materials,2019-02-22,0,2019,2,2018,19134300000.0,1108700000.0,17534500000.0,19134300000.0,0.05794306559424698,23.67474837297568,1.0,,,0
89800,Sherwin-Williams,Materials,2020-02-21,0,2020,2,2019,20496200000.0,1541300000.0,17900800000.0,20496200000.0,0.07519930523706833,23.743505340054742,1.0,17534500000.0,0.020890244945678482,0
89800,Sherwin-Williams,Materials,2021-02-19,0,2021,2,2020,20401600000.0,2030400000.0,18361700000.0,20401600000.0,0.09952160614853738,23.738879166093554,1.0,17900800000.0,0.025747452627815415,0
89800,Sherwin-Williams,Materials,2022-02-17,0,2022,2,2021,20666700000.0,1864400000.0,19944600000.0,20666700000.0,0.09021275772135852,23.751789546225318,1.0,18361700000.0,0.08620661485592285,0
89800,Sherwin-Williams,Materials,2023-02-22,0,2023,2,2022,22594000000.0,2020100000.0,22148900000.0,22594000000.0,0.08940869257324953,23.84095022125115,1.0,19944600000.0,0.1105211435676825,0
89800,Sherwin-Williams,Materials,2024-02-20,0,2024,2,2023,22954400000.0,2388800000.0,23051900000.0,22954400000.0,0.10406719408915066,23.856775476209716,1.0,22148900000.0,0.04076951902803305,0
89800,Sherwin-Williams,Materials,2025-02-20,2,2025,2,2024,23632600000.0,2681400000.0,23098500000.0,23632600000.0,0.11346191278149674,23.88589295171577,1.0,23051900000.0,0.00202152534064437,1
89800,Sherwin-Williams,Materials,2026-02-19,1,2026,2,2025,25901700000.0,2568500000.0,23574300000.0,25901700000.0,0.09916337537690577,23.977574440563522,1.0,23098500000.0,0.020598740177933728,1
91142,A. O. Smith,Industrials,2019-02-15,0,2019,2,2018,3071500000.0,444200000.0,3187900000.0,1354500000.0,0.14461989256063812,21.845431878568256,0.44098974442454825,,,0
91142,A. O. Smith,Industrials,2020-02-24,0,2020,2,2019,3058000000.0,370000000.0,2992700000.0,1391200000.0,0.1209941137998692,21.84102694445328,0.4549378678875082,3187900000.0,-0.061231531729351585,0
91142,A. O. Smith,Industrials,2021-02-12,0,2021,2,2020,3160700000.0,344900000.0,2895300000.0,1312400000.0,0.10912139715885721,21.874059359000864,0.41522447559085013,2992700000.0,-0.032545861596551595,0
91142,A. O. Smith,Industrials,2022-02-11,0,2022,2,2021,3474400000.0,487100000.0,3538900000.0,1642200000.0,0.1401968685240617,21.968687639184886,0.47265714943587384,2895300000.0,0.2222912996926052,0
91142,A. O. Smith,Industrials,2023-02-14,0,2023,2,2022,3332300000.0,235700000.0,3753900000.0,1584600000.0,0.07073192689733818,21.926928593212416,0.47552741349818445,3538900000.0,0.06075334143377886,0
91142,A. O. Smith,Industrials,2024-02-13,2,2024,2,2023,3213900000.0,556600000.0,3852800000.0,1369500000.0,0.17318522667164504,21.890750989900898,0.426117800802763,3753900000.0,0.026345933562428314,1
91142,A. O. Smith,Industrials,2025-02-11,2,2025,2,2024,3240000000.0,533600000.0,3818100000.0,1356500000.0,0.16469135802469137,21.89883916675065,0.41867283950617284,3852800000.0,-0.009006436877076363,1
91142,A. O. Smith,Industrials,2026-02-10,2,2026,2,2025,3142800000.0,546200000.0,3830200000.0,1284800000.0,0.17379406898307243,21.86837995926594,0.40880743286241567,3818100000.0,0.0031691155286661665,1
91419,J.M. Smucker Company (The),Consumer Staples,2019-06-17,0,2019,6,2018,15301200000.0,1338600000.0,,7410100000.0,0.08748333464042037,23.451197093641774,0.4842822785141035,,,0
91419,J.M. Smucker Company (The),Consumer Staples,2020-06-19,0,2020,6,2019,16711300000.0,514400000.0,,8740800000.0,0.03078156696367129,23.53935097425354,0.5230472793858049,,,0
91419,J.M. Smucker Company (The),Consumer Staples,2021-06-17,0,2021,6,2020,16970400000.0,779500000.0,,8779500000.0,0.045932918493376704,23.554736486922415,0.5173419601187951,,,0
91419,J.M. Smucker Company (The),Consumer Staples,2022-06-16,0,2022,6,2021,16284200000.0,876300000.0,,8159400000.0,0.05381289839230665,23.513461149506316,0.5010623794844082,,,0
91419,J.M. Smucker Company (The),Consumer Staples,2023-06-20,0,2023,6,2022,16055000000.0,631700000.0,,7914900000.0,0.039345998131423233,23.49928616448789,0.4929866085331672,,,0
91419,J.M. Smucker Company (The),Consumer Staples,2024-06-18,3,2024,6,2023,14991400000.0,-91300000.0,,7700600000.0,-0.006090158357458276,23.430742540296883,0.513667836226103,,,1
91419,J.M. Smucker Company (The),Consumer Staples,2025-06-18,3,2025,6,2024,20273700000.0,744000000.0,,12579800000.0,0.03669779073380784,23.732590316519836,0.6204984783241342,,,1
91419,J.M. Smucker Company (The),Consumer Staples,2026-06-09,7,2026,6,2025,17563300000.0,-1230800000.0,,11480700000.0,-0.07007794662734224,23.589077334604358,0.6536755621096263,,,1
91440,Snap-on,Industrials,2019-02-14,0,2019,2,2018,5373100000.0,679900000.0,4070400000.0,2254500000.0,0.12653775288008784,22.404670860096303,0.41959018071504345,,,0
91440,Snap-on,Industrials,2020-02-13,0,2020,2,2019,5693500000.0,693500000.0,4067700000.0,2262700000.0,0.12180556775270045,22.462591010214933,0.39741810836919295,4070400000.0,-0.0006633254716981174,0
91440,Snap-on,Industrials,2021-02-11,0,2021,2,2020,,,,,,,,4067700000.0,,0
91440,Snap-on,Industrials,2022-02-11,0,2022,2,2021,6557300000.0,627000000.0,3942200000.0,2710700000.0,0.09561862351882634,22.60384476981205,0.4133866072926357,,,0
91440,Snap-on,Industrials,2023-02-09,0,2023,2,2022,6972800000.0,911700000.0,4842500000.0,2469300000.0,0.13075091785222578,22.665282702714574,0.354133203304268,3942200000.0,0.22837501902490986,0
91440,Snap-on,Industrials,2024-02-16,1,2024,2,2023,7544900000.0,1011100000.0,5108300000.0,2451500000.0,0.1340110538244377,22.744137675267922,0.32492147013214223,4842500000.0,0.05488900361383586,1
91440,Snap-on,Industrials,2025-02-13,1,2025,2,2024,7896800000.0,1043900000.0,5108400000.0,2479800000.0,0.13219278695167663,22.789723451067953,0.31402593455576944,5108300000.0,1.9575984182562678e-05,1
91440,Snap-on,Industrials,2026-02-12,3,2026,2,2025,,,,,,,,5108400000.0,,1
91576,KeyCorp,Financials,2019-02-25,0,2019,2,2018,139613000000.0,1866000000.0,6455000000.0,124017000000.0,0.013365517537765107,25.662140146148154,0.8882912049737489,,,0
91576,KeyCorp,Financials,2020-02-26,0,2020,2,2019,144988000000.0,1717000000.0,6400000000.0,127950000000.0,0.011842359367671808,25.69991681732161,0.8824868264959859,6455000000.0,-0.008520526723470145,0
91576,KeyCorp,Financials,2021-02-22,0,2021,2,2020,170336000000.0,1343000000.0,6715000000.0,152355000000.0,0.007884416682322,25.861038793936757,0.8944380518504602,6400000000.0,0.04921875000000009,0
91576,KeyCorp,Financials,2022-02-22,0,2022,2,2021,186346000000.0,2625000000.0,7292000000.0,168923000000.0,0.01408669893638715,25.950870997656057,0.9065018835928863,6715000000.0,0.08592702903946381,0
91576,KeyCorp,Financials,2023-02-22,1,2023,2,2022,189813000000.0,1917000000.0,7272000000.0,176359000000.0,0.010099413633418153,25.969305213927377,0.929119712559203,7292000000.0,-0.0027427317608338386,1
91576,KeyCorp,Financials,2024-02-22,3,2024,2,2023,188281000000.0,967000000.0,6413000000.0,173644000000.0,0.00513594042946447,25.96120136470383,0.9222598137889644,7272000000.0,-0.1181243124312431,1
91576,KeyCorp,Financials,2025-02-21,3,2025,2,2024,187168000000.0,-161000000.0,4619000000.0,168992000000.0,-0.0008601897760300906,25.955272446207026,0.9028893828004787,6413000000.0,-0.2797442694526743,1
91576,KeyCorp,Financials,2026-02-23,2,2026,2,2025,184381000000.0,1829000000.0,7513000000.0,164000000000.0,0.009919677190166015,25.940270105883883,0.88946258020078,4619000000.0,0.6265425416756873,1
92122,Southern Company,Utilities,2019-02-20,0,2019,2,2018,116914000000.0,278000000.0,23495000000.0,87584000000.0,0.0023778161725712915,25.48470445873276,0.749131840498144,,,0
92122,Southern Company,Utilities,2020-02-20,0,2020,2,2019,118700000000.0,440000000.0,21419000000.0,86650000000.0,0.0037068239258635214,25.499865138562033,0.7299915754001685,23495000000.0,-0.08835922536709939,0
92122,Southern Company,Utilities,2021-02-18,0,2021,2,2020,122935000000.0,,20375000000.0,90410000000.0,,25.534921597352568,0.7354292919022247,21419000000.0,-0.04874177132452495,0
92122,Southern Company,Utilities,2022-02-17,0,2022,2,2021,127534000000.0,,23113000000.0,94967000000.0,,25.571648832662323,0.7446406448476485,20375000000.0,0.13438036809815945,0
92122,Southern Company,Utilities,2023-02-16,0,2023,2,2022,134891000000.0,,29279000000.0,100359000000.0,,25.627732881848516,0.7440007116857315,23113000000.0,0.2667762730930645,0
92122,Southern Company,Utilities,2024-02-15,0,2024,2,2023,139331000000.0,3976000000.0,25253000000.0,104106000000.0,0.02853636304914197,25.660118234251353,0.7471847614672973,29279000000.0,-0.1375046961986407,0
92122,Southern Company,Utilities,2025-02-20,2,2025,2,2024,145180000000.0,4401000000.0,26724000000.0,108506000000.0,0.030314092850254857,25.701240188803105,0.7473894475823116,25253000000.0,0.05825050489050798,1
92122,Southern Company,Utilities,2026-02-19,2,2026,2,2025,155720000000.0,4341000000.0,29553000000.0,116853000000.0,0.027876958643719498,25.771325359688664,0.750404572309273,26724000000.0,0.1058599012123933,1
92230,Truist Financial,Financials,2019-02-26,0,2019,2,2018,225697000000.0,,,195519000000.0,,26.142459228701057,0.8662897601651772,,,0
92230,Truist Financial,Financials,2020-03-03,0,2020,3,2019,473078000000.0,,,406520000000.0,,26.88252611670561,0.859308612956003,,,0
92230,Truist Financial,Financials,2021-02-24,0,2021,2,2020,509228000000.0,,,438316000000.0,,26.956161690334678,0.8607460705224379,,,0
92230,Truist Financial,Financials,2022-02-23,0,2022,2,2021,541241000000.0,,,471970000000.0,,27.01713048794934,0.8720145000101618,,,0
92230,Truist Financial,Financials,2023-02-28,0,2023,2,2022,555255000000.0,,,494718000000.0,,27.04269330463313,0.8909744171596834,,,0
92230,Truist Financial,Financials,2024-02-27,3,2024,2,2023,535349000000.0,,,476096000000.0,,27.006184707612082,0.8893189302679186,,,1
92230,Truist Financial,Financials,2025-02-25,2,2025,2,2024,531176000000.0,,,467497000000.0,,26.998359253365066,0.8801169480548819,,,1
92230,Truist Financial,Financials,2026-02-24,6,2026,2,2025,547538000000.0,,,482349000000.0,,27.02869770262125,0.880941596747623,,,1
92380,Southwest Airlines,Industrials,2019-02-05,0,2019,2,2018,26243000000.0,2465000000.0,5704000000.0,26243000000.0,0.09392980985405631,23.990665123755498,1.0,,,0
92380,Southwest Airlines,Industrials,2020-02-04,0,2020,2,2019,25895000000.0,2300000000.0,5729000000.0,25895000000.0,0.08882023556671172,23.977315736822266,1.0,5704000000.0,0.004382889200561069,0
92380,Southwest Airlines,Industrials,2021-02-08,0,2021,2,2020,34588000000.0,-3074000000.0,2013000000.0,34588000000.0,-0.08887475425002891,24.266772638044596,1.0,5729000000.0,-0.6486297783208239,0
92380,Southwest Airlines,Industrials,2022-02-07,0,2022,2,2021,36320000000.0,977000000.0,15790000000.0,36320000000.0,0.02689977973568282,24.315634390679502,1.0,2013000000.0,,0
92380,Southwest Airlines,Industrials,2023-02-07,0,2023,2,2022,35369000000.0,539000000.0,23814000000.0,35369000000.0,0.01523933387995137,24.28910156721677,1.0,15790000000.0,0.5081697276757442,0
92380,Southwest Airlines,Industrials,2024-02-06,1,2024,2,2023,36487000000.0,465000000.0,26091000000.0,36487000000.0,0.012744265080713678,24.320221869709698,1.0,23814000000.0,0.09561602418745285,1
92380,Southwest Airlines,Industrials,2025-02-07,5,2025,2,2024,33750000000.0,465000000.0,27483000000.0,33750000000.0,0.013777777777777778,24.242246254264952,1.0,26091000000.0,0.05335173048177522,1
92380,Southwest Airlines,Industrials,2026-02-05,2,2026,2,2025,29061000000.0,441000000.0,28063000000.0,29061000000.0,0.015174976772994736,24.092662906058766,1.0,27483000000.0,0.021103955172288247,1
93410,Chevron Corporation,Energy,2019-02-22,0,2019,2,2018,253863000000.0,14824000000.0,166339000000.0,98221000000.0,0.05839370053926724,26.26006058837384,0.3869055356629363,,,0
93410,Chevron Corporation,Energy,2020-02-21,0,2020,2,2019,237428000000.0,2924000000.0,146516000000.0,92220000000.0,0.012315312431558199,26.193130256564725,0.3884124871540004,166339000000.0,-0.1191722927275023,0
93410,Chevron Corporation,Energy,2021-02-25,0,2021,2,2020,239790000000.0,-5543000000.0,94692000000.0,107064000000.0,-0.02311605988573335,26.20302937725245,0.4464906793444264,146516000000.0,-0.35370880995932186,0
93410,Chevron Corporation,Energy,2022-02-24,0,2022,2,2021,239535000000.0,15625000000.0,162465000000.0,99595000000.0,0.06523055085895589,26.20196538090735,0.4157847496190536,94692000000.0,0.7157204410087441,0
93410,Chevron Corporation,Energy,2023-02-23,0,2023,2,2022,257709000000.0,35465000000.0,246252000000.0,97467000000.0,0.13761645887415652,26.275096878325506,0.37820565055935185,162465000000.0,0.5157233865755702,0
93410,Chevron Corporation,Energy,2024-02-26,3,2024,2,2023,261632000000.0,21369000000.0,200949000000.0,99703000000.0,0.08167578889432485,26.29020477320749,0.38108106042074363,246252000000.0,-0.183970079430827,1
93410,Chevron Corporation,Energy,2025-02-21,1,2025,2,2024,256938000000.0,17661000000.0,202792000000.0,103781000000.0,0.06873642668659365,26.272100647601153,0.40391456304633805,200949000000.0,0.009171481321131214,1
93410,Chevron Corporation,Energy,2026-02-24,5,2026,2,2025,324012000000.0,12299000000.0,189031000000.0,131836000000.0,0.03795847067392566,26.504046389089922,0.40688616470994904,202792000000.0,-0.06785770641839917,1
93556,Stanley Black & Decker,Industrials,2019-02-26,1,2019,2,2018,19408000000.0,605200000.0,13982400000.0,19408000000.0,0.031183017312448474,23.688951189148106,1.0,,,1
93556,Stanley Black & Decker,Industrials,2020-02-21,2,2020,2,2019,20596600000.0,955800000.0,12912900000.0,20596600000.0,0.04640571744851092,23.748391850576247,1.0,13982400000.0,-0.07648901476141434,1
93556,Stanley Black & Decker,Industrials,2021-02-18,8,2021,2,2020,,,,,,,,12912900000.0,,1
93556,Stanley Black & Decker,Industrials,2022-02-22,6,2022,2,2021,23566300000.0,1233800000.0,12750000000.0,23566300000.0,0.05235442135591926,23.883083562361065,1.0,,,1
93556,Stanley Black & Decker,Industrials,2023-02-23,2,2023,2,2022,24963300000.0,1062500000.0,16947400000.0,24963300000.0,0.042562481723169614,23.940672583246922,1.0,12750000000.0,0.32920784313725493,1
93556,Stanley Black & Decker,Industrials,2024-02-27,3,2024,2,2023,23663800000.0,-310500000.0,15781100000.0,23663800000.0,-0.013121307651349319,23.887212291222614,1.0,16947400000.0,-0.06881881586556049,1
93556,Stanley Black & Decker,Industrials,2025-02-18,3,2025,2,2024,21848900000.0,294300000.0,15365700000.0,21848900000.0,0.013469785664266851,23.807416413971318,1.0,15781100000.0,-0.026322626432884855,1
93556,Stanley Black & Decker,Industrials,2026-02-24,10,2026,2,2025,,,,,,,,15365700000.0,,1
93751,State Street Corporation,Financials,2019-02-21,6,2019,2,2018,244596000000.0,2593000000.0,12131000000.0,219859000000.0,0.010601154556901993,26.222873706836005,0.8988658849695007,,,1
93751,State Street Corporation,Financials,2020-02-20,19,2020,2,2019,245610000000.0,2242000000.0,11756000000.0,221179000000.0,0.009128292821953503,26.227010749002876,0.9005292944098368,12131000000.0,-0.030912538125463684,1
93751,State Street Corporation,Financials,2021-02-19,14,2021,2,2020,314706000000.0,2420000000.0,11703000000.0,288506000000.0,0.007689716751507756,26.474904706611955,0.916747694673759,11756000000.0,-0.004508336168764893,1
93751,State Street Corporation,Financials,2022-02-17,13,2022,2,2021,314624000000.0,2693000000.0,12027000000.0,287261000000.0,0.008559423311635476,26.474644112009873,0.9130295209519935,11703000000.0,0.027685208920789517,1
93751,State Street Corporation,Financials,2023-02-16,10,2023,2,2022,301450000000.0,2774000000.0,12148000000.0,276259000000.0,0.0092021894178139,26.431870001881826,0.9164339028031183,12027000000.0,0.010060696765610722,1
93751,State Street Corporation,Financials,2024-02-15,25,2024,2,2023,297258000000.0,1944000000.0,11945000000.0,273459000000.0,0.006539773530064792,26.417866285527726,0.9199382354722161,12148000000.0,-0.016710569641093187,1
93751,State Street Corporation,Financials,2025-02-13,26,2025,2,2024,353240000000.0,2687000000.0,13000000000.0,327914000000.0,0.007606726305061714,26.590413549547012,0.9283037028649077,11945000000.0,0.08832147341984098,1
93751,State Street Corporation,Financials,2026-02-19,45,2026,2,2025,366047000000.0,2945000000.0,13944000000.0,338206000000.0,0.008045414933055045,26.626027577403786,0.9239414610692069,13000000000.0,0.07261538461538453,1
96021,Sysco,Consumer Staples,2019-08-26,1,2019,8,2019,17966522000.0,,60113922000.0,17966522000.0,,23.611775974212783,1.0,,,1
96021,Sysco,Consumer Staples,2020-08-26,0,2020,8,2020,22628266000.0,215475000.0,52893310000.0,22628266000.0,0.009522382315993633,23.842465669705582,1.0,60113922000.0,-0.1201154700902729,0
96021,Sysco,Consumer Staples,2021-08-30,0,2021,8,2021,21413539000.0,524209000.0,51297843000.0,21413539000.0,0.024480259895386745,23.787289222478403,1.0,52893310000.0,-0.03016387138562515,0
96021,Sysco,Consumer Staples,2022-08-26,0,2022,8,2022,22086000000.0,1359000000.0,68636000000.0,22085688000.0,0.061532192339038304,23.81820976057135,0.9999858734039663,51297843000.0,0.3379899813721212,0
96021,Sysco,Consumer Staples,2023-08-25,1,2023,8,2023,22821000000.0,1770000000.0,76325000000.0,22821000000.0,0.07756014197449718,23.850947001629685,1.0,68636000000.0,0.11202575907686918,1
96021,Sysco,Consumer Staples,2024-08-28,8,2024,8,2024,24917000000.0,1955000000.0,78844000000.0,24917000000.0,0.078460488822892,23.938816138386034,1.0,76325000000.0,0.033003603013429306,1
96021,Sysco,Consumer Staples,2025-08-22,8,2025,8,2025,26774000000.0,1828000000.0,81370000000.0,26774000000.0,0.06827519235078808,24.01069710431012,1.0,78844000000.0,0.03203794835371121,1
97210,Teradyne,Information Technology,2019-03-01,57,2019,3,2018,2706606000.0,451779000.0,2100802000.0,1184252000.0,0.1669171648921195,21.71896128840759,0.43754133405453177,,,1
97210,Teradyne,Information Technology,2020-03-02,66,2020,3,2019,2787014000.0,467468000.0,2294965000.0,1306856000.0,0.1677307684855548,21.748236608756173,0.4689090187562746,2100802000.0,0.09242327453991384,1
97210,Teradyne,Information Technology,2021-02-22,79,2021,2,2020,3652346000.0,784147000.0,3121469000.0,1441541000.0,0.21469680035790695,22.018635537798126,0.3946890573894149,2294965000.0,0.36013795417359296,1
97210,Teradyne,Information Technology,2022-02-23,80,2022,2,2021,3809425000.0,1014589000.0,3702881000.0,1245469000.0,0.26633652060350316,22.06074409606049,0.32694409261240215,3121469000.0,0.18626230149971046,1
97210,Teradyne,Information Technology,2023-02-22,10,2023,2,2022,3501252000.0,715501000.0,3155045000.0,1049958000.0,0.20435575616950735,21.97638645576299,0.2998807283794483,3702881000.0,-0.14794858381892373,1
97210,Teradyne,Information Technology,2024-02-22,7,2024,2,2023,3486824000.0,448752000.0,2676298000.0,960927000.0,0.12869935505778324,21.97225713017999,0.2755880422986649,3155045000.0,-0.15174014950658388,1
97210,Teradyne,Information Technology,2025-02-20,13,2025,2,2024,3708714000.0,542372000.0,2819880000.0,889420000.0,0.14624260592755334,22.033951022747676,0.2398189776833695,2676298000.0,0.05364948148524573,1
97210,Teradyne,Information Technology,2026-02-19,14,2026,2,2025,4183599000.0,554047000.0,3190024000.0,1387847000.0,0.1324331036507084,22.15443771781577,0.33173518781317235,2819880000.0,0.13126232321942788,1
97476,Texas Instruments,Information Technology,2019-02-22,1,2019,2,2018,17137000000.0,5580000000.0,15784000000.0,8143000000.0,0.32561125051059114,23.564505705625123,0.4751706833167999,,,1
97476,Texas Instruments,Information Technology,2020-02-20,1,2020,2,2019,18018000000.0,5017000000.0,14383000000.0,9111000000.0,0.27844377844377843,23.61463709517566,0.5056610056610057,15784000000.0,-0.08876077040040542,1
97476,Texas Instruments,Information Technology,2021-02-05,1,2021,2,2020,19351000000.0,5595000000.0,14461000000.0,10164000000.0,0.28913234458167536,23.68600993467342,0.5252441734277299,14383000000.0,0.005423068900785699,1
97476,Texas Instruments,Information Technology,2022-02-04,1,2022,2,2021,24676000000.0,7769000000.0,18344000000.0,11343000000.0,0.3148403306856865,23.929096948293804,0.4596774193548387,14461000000.0,0.2685153170596777,1
97476,Texas Instruments,Information Technology,2023-02-03,1,2023,2,2022,27207000000.0,8749000000.0,20028000000.0,12630000000.0,0.321571654353659,24.02674013007995,0.46421876722902194,18344000000.0,0.09180113388573918,1
97476,Texas Instruments,Information Technology,2024-02-02,2,2024,2,2023,32348000000.0,6510000000.0,17519000000.0,15451000000.0,0.2012489180165698,24.199818032179987,0.4776493137133671,20028000000.0,-0.12527461553824648,1
97476,Texas Instruments,Information Technology,2025-02-14,3,2025,2,2024,35509000000.0,4799000000.0,15641000000.0,18606000000.0,0.13514883550649132,24.293052022423492,0.5239798360978907,17519000000.0,-0.10719789942348312,1
97476,Texas Instruments,Information Technology,2026-02-06,3,2026,2,2025,34585000000.0,5001000000.0,17682000000.0,18312000000.0,0.14460026022842273,24.26668589899896,0.5294780974410872,15641000000.0,0.13049037785307838,1
97745,Thermo Fisher Scientific,Health Care,2019-02-27,4,2019,2,2018,56232000000.0,,24358000000.0,56232000000.0,,24.752751826820013,1.0,,,1
97745,Thermo Fisher Scientific,Health Care,2020-02-26,3,2020,2,2019,58381000000.0,,25542000000.0,58381000000.0,,24.7902563313795,1.0,24358000000.0,0.04860826011987851,1
97745,Thermo Fisher Scientific,Health Care,2021-02-25,2,2021,2,2020,69052000000.0,,32218000000.0,69052000000.0,,24.958125680900714,1.0,25542000000.0,0.2613734241641219,1
97745,Thermo Fisher Scientific,Health Care,2022-02-24,2,2022,2,2021,95123000000.0,,39211000000.0,95123000000.0,,25.278436627940085,1.0,32218000000.0,0.21705257930349497,1
97745,Thermo Fisher Scientific,Health Care,2023-02-23,0,2023,2,2022,97154000000.0,,44915000000.0,97154000000.0,,25.299563185365386,1.0,39211000000.0,0.1454693835913392,0
97745,Thermo Fisher Scientific,Health Care,2024-02-22,1,2024,2,2023,98726000000.0,5995000000.0,42857000000.0,98726000000.0,0.06072361890484776,25.315614173214446,1.0,44915000000.0,-0.04581988199933207,1
97745,Thermo Fisher Scientific,Health Care,2025-02-20,5,2025,2,2024,97321000000.0,6335000000.0,42879000000.0,97321000000.0,0.06509386463353233,25.30128063018913,1.0,42857000000.0,0.0005133350444501694,1
97745,Thermo Fisher Scientific,Health Care,2026-02-26,6,2026,2,2025,110343000000.0,6704000000.0,44556000000.0,110343000000.0,0.06075600627135387,25.426859533110598,1.0,42879000000.0,0.039110053872525086,1
100493,Tyson Foods,Consumer Staples,2019-11-12,0,2019,11,2019,32918000000.0,1980000000.0,42405000000.0,33097000000.0,0.060149462300261254,24.217285457568288,1.005437754420074,,,0
100493,Tyson Foods,Consumer Staples,2020-11-16,1,2020,11,2020,34456000000.0,2061000000.0,43185000000.0,34456000000.0,0.0598154167634084,24.262948984698223,1.0,42405000000.0,0.018394057304563116,1
100493,Tyson Foods,Consumer Staples,2021-11-15,7,2021,11,2021,36309000000.0,3047000000.0,47049000000.0,36309000000.0,0.08391858767798617,24.315331481370986,1.0,43185000000.0,0.0894755123306703,1
100493,Tyson Foods,Consumer Staples,2022-11-14,7,2022,11,2022,36821000000.0,3238000000.0,53282000000.0,36821000000.0,0.08793894788300155,24.329334171535173,1.0,47049000000.0,0.1324789049714128,1
100493,Tyson Foods,Consumer Staples,2023-11-13,4,2023,11,2023,36251000000.0,-648000000.0,52881000000.0,36251000000.0,-0.017875368955339165,24.3137328040735,1.0,53282000000.0,-0.007525993769002648,1
100493,Tyson Foods,Consumer Staples,2024-11-12,2,2024,11,2024,37100000000.0,800000000.0,53309000000.0,37100000000.0,0.0215633423180593,24.3368828065598,1.0,52881000000.0,0.008093644220041218,1
100493,Tyson Foods,Consumer Staples,2025-11-10,2,2025,11,2025,36658000000.0,474000000.0,54441000000.0,36658000000.0,0.012930328986851437,24.324897522496066,1.0,53309000000.0,0.021234688326549067,1
100517,United Airlines Holdings,Industrials,2019-02-28,0,2019,2,2018,49024000000.0,2122000000.0,41303000000.0,49024000000.0,0.04328492167101828,24.615575811064534,1.0,,,0
100517,United Airlines Holdings,Industrials,2020-02-25,0,2020,2,2019,52611000000.0,3009000000.0,43259000000.0,52611000000.0,0.05719336260477847,24.686191060301677,1.0,41303000000.0,0.04735733481829407,0
100517,United Airlines Holdings,Industrials,2021-03-01,0,2021,3,2020,59548000000.0,-7069000000.0,15355000000.0,59548000000.0,-0.11871095586753544,24.810048546961223,1.0,43259000000.0,-0.6450449617420653,0
100517,United Airlines Holdings,Industrials,2022-02-18,0,2022,2,2021,68175000000.0,-1964000000.0,24634000000.0,68175000000.0,-0.02880821415474881,24.945343765678064,1.0,15355000000.0,0.6042982741777922,0
100517,United Airlines Holdings,Industrials,2023-02-16,0,2023,2,2022,67358000000.0,737000000.0,44955000000.0,67358000000.0,0.010941536268891595,24.933287515228287,1.0,24634000000.0,0.8249167816838516,0
100517,United Airlines Holdings,Industrials,2024-02-29,1,2024,2,2023,71104000000.0,2618000000.0,53717000000.0,71104000000.0,0.03681930693069307,24.987409430963577,1.0,44955000000.0,0.1949060171282393,1
100517,United Airlines Holdings,Industrials,2025-02-27,1,2025,2,2024,74083000000.0,3149000000.0,57063000000.0,74083000000.0,0.042506377981453236,25.028451923224623,1.0,53717000000.0,0.06228940558854745,1
100517,United Airlines Holdings,Industrials,2026-02-12,1,2026,2,2025,76448000000.0,3353000000.0,59070000000.0,76448000000.0,0.04385987861029719,25.05987660808981,1.0,57063000000.0,0.03517165238420694,1
100885,Union Pacific Corporation,Industrials,2019-02-08,0,2019,2,2018,59147000000.0,5966000000.0,22832000000.0,38724000000.0,0.10086733054930935,24.803291707572324,0.6547077620166704,,,0
100885,Union Pacific Corporation,Industrials,2020-02-07,0,2020,2,2019,61673000000.0,5919000000.0,21708000000.0,43545000000.0,0.09597392700209167,24.845112070785767,0.7060626205957226,22832000000.0,-0.04922915206727396,0
100885,Union Pacific Corporation,Industrials,2021-02-05,0,2021,2,2020,62398000000.0,5349000000.0,19533000000.0,45440000000.0,0.08572390140709638,24.85679906052609,0.7282284688611814,21708000000.0,-0.10019347705914872,0
100885,Union Pacific Corporation,Industrials,2022-02-04,0,2022,2,2021,63525000000.0,6523000000.0,21804000000.0,49364000000.0,0.10268398268398268,24.874699366152637,0.7770798898071626,19533000000.0,0.11626478267547236,0
100885,Union Pacific Corporation,Industrials,2023-02-10,0,2023,2,2022,65449000000.0,6998000000.0,24875000000.0,53286000000.0,0.10692294763861938,24.90453705034679,0.8141606441656862,21804000000.0,0.14084571638231513,0
100885,Union Pacific Corporation,Industrials,2024-02-09,0,2024,2,2023,67132000000.0,6379000000.0,24119000000.0,52344000000.0,0.09502174819758089,24.929926667392344,0.7797175713519633,24875000000.0,-0.030391959798995005,0
100885,Union Pacific Corporation,Industrials,2025-02-07,4,2025,2,2024,67715000000.0,6747000000.0,24250000000.0,50825000000.0,0.0996381894705752,24.938573558053747,0.7505722513475597,24119000000.0,0.005431402628633064,1
100885,Union Pacific Corporation,Industrials,2026-02-06,4,2026,2,2025,69698000000.0,7138000000.0,24510000000.0,51231000000.0,0.10241326867341961,24.967437459896605,0.7350426124135556,24250000000.0,0.010721649484536133,1
101829,RTX Corporation,Industrials,2019-02-07,1,2019,2,2018,134211000000.0,5269000000.0,34701000000.0,93492000000.0,0.039259077124825834,25.622679025337977,0.696604600219058,,,1
101829,RTX Corporation,Industrials,2020-02-06,0,2020,2,2019,139615000000.0,5537000000.0,45349000000.0,95289000000.0,0.03965906242165956,25.662154471359095,0.682512624001719,34701000000.0,0.3068499466874153,0
101829,RTX Corporation,Industrials,2021-02-08,0,2021,2,2020,162153000000.0,-3519000000.0,56587000000.0,88269000000.0,-0.021701726147527335,25.811806170916196,0.5443562561284713,45349000000.0,0.24781141811285812,0
101829,RTX Corporation,Industrials,2022-02-11,2,2022,2,2021,161404000000.0,3864000000.0,64388000000.0,86705000000.0,0.023939927139352186,25.80717637562262,0.5371923868057793,56587000000.0,0.1378585187410537,1
101829,RTX Corporation,Industrials,2023-02-07,6,2023,2,2022,158864000000.0,5197000000.0,67074000000.0,84650000000.0,0.03271351596333971,25.79131432723765,0.5328457045019639,64388000000.0,0.04171584767347958,1
101829,RTX Corporation,Industrials,2024-02-05,6,2024,2,2023,161869000000.0,3195000000.0,68920000000.0,100424000000.0,0.019738183345791967,25.8100532030762,0.620402918409331,67074000000.0,0.027521841548140857,1
101829,RTX Corporation,Industrials,2025-02-03,10,2025,2,2024,162861000000.0,4774000000.0,80738000000.0,100903000000.0,0.029313340824383985,25.8161629132097,0.6195651506499408,68920000000.0,0.1714741729541498,1
101829,RTX Corporation,Industrials,2026-02-06,9,2026,2,2025,171079000000.0,6732000000.0,88603000000.0,103941000000.0,0.03935024170120237,25.865391275069424,0.6075614189935644,80738000000.0,0.09741385716762863,1
104169,Walmart,Consumer Staples,2019-03-28,0,2019,3,2018,204522000000.0,9862000000.0,500343000000.0,204522000000.0,0.04821975142038509,26.043941386105118,1.0,,,0
104169,Walmart,Consumer Staples,2020-03-20,0,2020,3,2019,219295000000.0,6670000000.0,514405000000.0,219295000000.0,0.030415650151622245,26.11368369229273,1.0,500343000000.0,0.028104720161968855,0
104169,Walmart,Consumer Staples,2021-03-19,1,2021,3,2020,236495000000.0,14881000000.0,523964000000.0,236495000000.0,0.06292310619674835,26.189192903005864,1.0,514405000000.0,0.0185826343056541,1
104169,Walmart,Consumer Staples,2022-03-18,5,2022,3,2021,252496000000.0,13510000000.0,559151000000.0,252496000000.0,0.053505798111653256,26.25466124395219,1.0,523964000000.0,0.0671553770869755,1
104169,Walmart,Consumer Staples,2023-03-17,8,2023,3,2022,244860000000.0,13673000000.0,572754000000.0,244860000000.0,0.05584007187780773,26.22395245559218,1.0,559151000000.0,0.024327954345069625,1
104169,Walmart,Consumer Staples,2024-03-15,10,2024,3,2023,243197000000.0,11680000000.0,611289000000.0,243197000000.0,0.04802690822666398,26.217137651436026,1.0,572754000000.0,0.06728019359096571,1
104169,Walmart,Consumer Staples,2025-03-14,9,2025,3,2024,252399000000.0,15511000000.0,648125000000.0,252399000000.0,0.0614542846841707,26.254277005640485,1.0,611289000000.0,0.0602595499019285,1
104169,Walmart,Consumer Staples,2026-03-13,11,2026,3,2025,260823000000.0,19436000000.0,680985000000.0,260823000000.0,0.07451796812397679,26.287107853294433,1.0,648125000000.0,0.05070009643201545,1
105634,Emcor,Industrials,2019-02-21,0,2019,2,2018,4088807000.0,283531000.0,8130631000.0,2347366000.0,0.06934320940068826,22.13151907741062,0.5740955735988517,,,0
105634,Emcor,Industrials,2020-02-27,6,2020,2,2019,4830358000.0,325140000.0,9174611000.0,2772578000.0,0.06731178103155087,22.29818642194695,0.5739901680165321,8130631000.0,0.12840085843275872,1
105634,Emcor,Industrials,2021-02-25,9,2021,2,2020,5063840000.0,132943000.0,8797061000.0,3010596000.0,0.026253396631805113,22.345390925712515,0.594528263136276,9174611000.0,-0.041151608498714576,1
105634,Emcor,Industrials,2022-02-24,11,2022,2,2021,5441446000.0,383532000.0,9903580000.0,3188357000.0,0.07048347075391358,22.417310671316887,0.5859392889316553,8797061000.0,0.12578280405239894,1
105634,Emcor,Industrials,2023-02-23,10,2023,2,2022,5524607000.0,406122000.0,11076120000.0,3550316000.0,0.07351147330479797,22.432477950598564,0.6426368427654673,9903580000.0,0.1183955700867767,1
105634,Emcor,Industrials,2024-02-28,12,2024,2,2023,6609721000.0,632994000.0,12582873000.0,4138906000.0,0.09576712844611747,22.611807281144607,0.6261846755710264,11076120000.0,0.1360361751226964,1
105634,Emcor,Industrials,2025-02-26,15,2025,2,2024,7716473000.0,1007145000.0,14566116000.0,4777779000.0,0.13051882641201493,22.76662323130338,0.6191661656821711,12582873000.0,0.15761448120790855,1
105634,Emcor,Industrials,2026-02-26,13,2026,2,2025,9291399000.0,1272817000.0,16986422000.0,5616418000.0,0.13698873549612928,22.95235497046876,0.6044749558166644,14566116000.0,0.1661600113578665,1
105770,West Pharmaceutical Services,Health Care,2019-02-28,0,2019,2,2018,1978900000.0,206900000.0,1717400000.0,582600000.0,0.10455303451412401,21.405806971719134,0.29440598312193644,,,0
105770,West Pharmaceutical Services,Health Care,2020-02-24,0,2020,2,2019,2341400000.0,241700000.0,1839900000.0,768200000.0,0.10322883744768087,21.574014878009848,0.3280943025540275,1717400000.0,0.07132875276580886,0
105770,West Pharmaceutical Services,Health Care,2021-02-23,0,2021,2,2020,2793800000.0,346200000.0,2146900000.0,939300000.0,0.12391724532894266,21.750668513257725,0.3362087479418713,1839900000.0,0.16685689439643459,0
105770,West Pharmaceutical Services,Health Care,2022-02-22,0,2022,2,2021,3313800000.0,661800000.0,2831600000.0,978400000.0,0.19971030237189932,21.92136140409947,0.29525016597259945,2146900000.0,0.31892496157249983,0
105770,West Pharmaceutical Services,Health Care,2023-02-21,0,2023,2,2022,3616800000.0,585900000.0,2886900000.0,931900000.0,0.16199402786994027,22.00885549394467,0.25765870382658707,2831600000.0,0.01952959457550496,0
105770,West Pharmaceutical Services,Health Care,2024-02-20,0,2024,2,2023,3829500000.0,593400000.0,2949800000.0,948500000.0,0.15495495495495495,22.066000083313924,0.24768246507376943,2886900000.0,0.021788077176209786,0
105770,West Pharmaceutical Services,Health Care,2025-02-18,0,2025,2,2024,3643400000.0,492700000.0,2893200000.0,961100000.0,0.13523082834714828,22.016183148561,0.26379206235933467,2949800000.0,-0.019187741541799475,0
105770,West Pharmaceutical Services,Health Care,2026-02-17,0,2026,2,2025,4270000000.0,493700000.0,3074100000.0,1094000000.0,0.11562060889929743,22.174879664186943,0.25620608899297426,2893200000.0,0.06252592285358771,0
106040,Western Digital,Information Technology,2019-08-27,1,2019,8,2019,26370000000.0,-754000000.0,16569000000.0,16403000000.0,-0.028593098217671597,23.99549283731161,0.6220326128175957,,,1
106040,Western Digital,Information Technology,2020-08-28,1,2020,8,2020,25662000000.0,-250000000.0,16736000000.0,16111000000.0,-0.009742031018626763,23.96827713541924,0.6278154469643832,16569000000.0,0.01007906331100239,1
106040,Western Digital,Information Technology,2021-08-27,1,2021,8,2021,26132000000.0,821000000.0,16922000000.0,15411000000.0,0.031417419256084496,23.986426453924913,0.5897367212612888,16736000000.0,0.011113766730401542,1
106040,Western Digital,Information Technology,2022-08-25,1,2022,8,2022,26259000000.0,1546000000.0,18793000000.0,14038000000.0,0.05887505236299935,23.99127462436482,0.5345976617540653,16922000000.0,0.1105661269353504,1
106040,Western Digital,Information Technology,2023-08-22,2,2023,8,2023,24546000000.0,-1684000000.0,6255000000.0,12706000000.0,-0.06860588283223336,23.923814745121728,0.5176403487329911,18793000000.0,-0.6671633054860853,1
106040,Western Digital,Information Technology,2024-08-20,3,2024,8,2024,24188000000.0,-798000000.0,6317000000.0,13141000000.0,-0.03299156606581776,23.909122479357375,0.5432859269059037,6255000000.0,0.009912070343724988,1
106040,Western Digital,Information Technology,2025-08-14,2,2025,8,2025,14002000000.0,1889000000.0,9520000000.0,8462000000.0,0.13490929867161833,23.362466013501415,0.604342236823311,6317000000.0,0.5070444831407313,1
106535,Weyerhaeuser,Real Estate,2019-02-15,0,2019,2,2018,17249000000.0,748000000.0,7476000000.0,8203000000.0,0.04336483274392718,23.5710200077289,0.4755638008000464,,,0
106535,Weyerhaeuser,Real Estate,2020-02-14,0,2020,2,2019,16406000000.0,-76000000.0,6554000000.0,8229000000.0,-0.004632451542118737,23.52091295852697,0.5015847860538827,7476000000.0,-0.12332798287854463,0
106535,Weyerhaeuser,Real Estate,2021-02-19,0,2021,2,2020,16311000000.0,797000000.0,7532000000.0,7580000000.0,0.048862730672552264,23.515105563778306,0.4647170621053277,6554000000.0,0.14922184925236492,0
106535,Weyerhaeuser,Real Estate,2022-02-18,1,2022,2,2021,17652000000.0,2607000000.0,10201000000.0,6885000000.0,0.14768864717878993,23.59411492835371,0.39004078857919783,7532000000.0,0.3543547530536377,1
106535,Weyerhaeuser,Real Estate,2023-02-17,1,2023,2,2022,17340000000.0,1880000000.0,10184000000.0,6591000000.0,0.10841983852364476,23.576281808298805,0.3801038062283737,10201000000.0,-0.0016665032839917604,1
106535,Weyerhaeuser,Real Estate,2024-02-16,2,2024,2,2023,16983000000.0,839000000.0,7674000000.0,6747000000.0,0.04940234351999058,23.555478680669044,0.3972796325737502,10184000000.0,-0.2464650432050275,1
106535,Weyerhaeuser,Real Estate,2025-02-14,2,2025,2,2024,16536000000.0,396000000.0,7124000000.0,6815000000.0,0.023947750362844702,23.528805659325876,0.41213110788582485,7674000000.0,-0.0716705759708105,1
106535,Weyerhaeuser,Real Estate,2026-02-13,6,2026,2,2025,16613000000.0,324000000.0,6905000000.0,7187000000.0,0.019502799012821283,23.533451358350753,0.43261301390477336,7124000000.0,-0.03074115665356536,1
107263,Williams Companies,Energy,2019-02-21,0,2019,2,2018,45302000000.0,-155000000.0,8686000000.0,45302000000.0,-0.0034214824952540726,24.53661701857119,1.0,,,0
107263,Williams Companies,Energy,2020-02-24,0,2020,2,2019,46040000000.0,850000000.0,8201000000.0,46040000000.0,0.0184622067767159,24.552776420800093,1.0,8686000000.0,-0.0558369790467419,0
107263,Williams Companies,Energy,2021-02-24,0,2021,2,2020,44165000000.0,211000000.0,7719000000.0,44165000000.0,0.004777538775048115,24.511198457143507,1.0,8201000000.0,-0.05877332032678939,0
107263,Williams Companies,Energy,2022-02-28,0,2022,2,2021,47612000000.0,1517000000.0,10627000000.0,47612000000.0,0.031861715533899014,24.586350667252045,1.0,7719000000.0,0.3767327374012177,0
107263,Williams Companies,Energy,2023-02-27,0,2023,2,2022,48433000000.0,2049000000.0,10965000000.0,48433000000.0,0.0423058658352776,24.6034472365184,1.0,10627000000.0,0.0318057777359555,0
107263,Williams Companies,Energy,2024-02-21,0,2024,2,2023,52627000000.0,3179000000.0,10907000000.0,52627000000.0,0.06040625534421495,24.686495132977388,1.0,10965000000.0,-0.005289557683538559,0
107263,Williams Companies,Energy,2025-02-25,1,2025,2,2024,54532000000.0,2225000000.0,10503000000.0,54532000000.0,0.040801731093669774,24.722053522270294,1.0,10907000000.0,-0.03704043274961033,1
107263,Williams Companies,Energy,2026-02-24,2,2026,2,2025,58573000000.0,2618000000.0,11950000000.0,58573000000.0,0.044696361804927184,24.793539676497844,1.0,10503000000.0,0.1377701609064077,1
109198,TJX Companies,Consumer Discretionary,2019-04-03,0,2019,4,2018,14058015000.0,2607948000.0,,14058015000.0,0.18551324635803845,23.366458532707664,1.0,,,0
109198,TJX Companies,Consumer Discretionary,2020-03-27,0,2020,3,2019,22570137000.0,,,22570137000.0,,23.839893497761864,1.0,,,0
109198,TJX Companies,Consumer Discretionary,2021-03-31,0,2021,3,2020,24145003000.0,3272193000.0,,24145003000.0,0.13552257583070088,23.907343280521236,1.0,,,0
109198,TJX Companies,Consumer Discretionary,2022-03-30,0,2022,3,2021,30814000000.0,90000000.0,,30813555000.0,0.0029207503083014215,24.151234969105996,0.9999855585123645,,,0
109198,TJX Companies,Consumer Discretionary,2023-03-29,0,2023,3,2022,28461000000.0,3283000000.0,,28461000000.0,0.11535083096166684,24.07180056602526,1.0,,,0
109198,TJX Companies,Consumer Discretionary,2024-04-03,0,2024,4,2023,28349000000.0,3498000000.0,,28349000000.0,0.12339059578821122,24.067857593129446,1.0,,,0
109198,TJX Companies,Consumer Discretionary,2025-04-02,5,2025,4,2024,29747000000.0,4474000000.0,,29747000000.0,0.15040172118196793,24.115994123517186,1.0,,,1
109198,TJX Companies,Consumer Discretionary,2026-03-31,5,2026,3,2025,31749000000.0,4864000000.0,,31749000000.0,0.15320167564332735,24.18112706572611,1.0,,,1
200406,Johnson & Johnson,Health Care,2019-02-20,0,2019,2,2018,152954000000.0,15297000000.0,81581000000.0,93202000000.0,0.10001046066137531,25.753403059538723,0.6093466009388444,,,0
200406,Johnson & Johnson,Health Care,2020-02-18,0,2020,2,2019,157728000000.0,15119000000.0,82059000000.0,98257000000.0,0.09585488942990465,25.784137867469376,0.6229521708257253,81581000000.0,0.005859207413490886,0
200406,Johnson & Johnson,Health Care,2021-02-22,0,2021,2,2020,,,,,,,,82059000000.0,,0
200406,Johnson & Johnson,Health Care,2022-02-17,0,2022,2,2021,174894000000.0,14714000000.0,82584000000.0,111616000000.0,0.08413095932393336,25.8874459130652,0.6381922764646014,,,0
200406,Johnson & Johnson,Health Care,2023-02-16,0,2023,2,2022,182018000000.0,20878000000.0,78740000000.0,107995000000.0,0.1147029414673274,25.92737142023172,0.5933204408355217,82584000000.0,-0.04654654654654655,0
200406,Johnson & Johnson,Health Care,2024-02-16,2,2024,2,2023,167558000000.0,35153000000.0,85159000000.0,98784000000.0,0.20979601093352748,25.844595396931094,0.5895510808197758,78740000000.0,0.08152146304292618,1
200406,Johnson & Johnson,Health Care,2025-02-13,2,2025,2,2024,180104000000.0,14066000000.0,88821000000.0,108614000000.0,0.07809932039266201,25.916800298765082,0.6030626748989473,85159000000.0,0.04300191406662823,1
200406,Johnson & Johnson,Health Care,2026-02-11,2,2026,2,2025,199210000000.0,26804000000.0,94193000000.0,117666000000.0,0.13455147833944078,26.017625381640105,0.5906631193213192,88821000000.0,0.06048119251078021,1
202058,L3Harris,Industrials,2019-08-22,0,2019,8,2019,10117000000.0,949000000.0,6801000000.0,10117000000.0,0.09380251062567956,23.037483014170164,1.0,,,0
202058,L3Harris,Industrials,2021-03-01,32,2021,3,2020,38336000000.0,1333000000.0,12856000000.0,38336000000.0,0.034771494156928213,24.369655239439396,1.0,6801000000.0,0.8903102484928687,1
202058,L3Harris,Industrials,2022-02-25,17,2022,2,2021,34709000000.0,1846000000.0,17814000000.0,34709000000.0,0.05318505286813219,24.270264856263918,1.0,12856000000.0,0.385656502800249,1
202058,L3Harris,Industrials,2023-02-24,5,2023,2,2022,33524000000.0,1062000000.0,17062000000.0,14900000000.0,0.03167879727956091,24.235527437183073,0.4444577019448753,17814000000.0,-0.042213988997417795,1
202058,L3Harris,Industrials,2024-02-20,0,2024,2,2023,41687000000.0,1227000000.0,19419000000.0,22858000000.0,0.029433636385443905,24.45345516654733,0.5483244176841702,17062000000.0,0.13814324229281438,0
202058,L3Harris,Industrials,2025-02-14,6,2025,2,2024,,,,,,,,19419000000.0,,1
202058,L3Harris,Industrials,2026-02-12,4,2026,2,2025,42001000000.0,1502000000.0,21325000000.0,22422000000.0,0.03576105330825457,24.460959264470148,0.533844432275422,,,1
217346,Textron,Industrials,2019-02-14,0,2019,2,2018,14264000000.0,1222000000.0,13972000000.0,9072000000.0,0.08567021873247337,23.381004717507253,0.6360067302299495,,,0
217346,Textron,Industrials,2020-02-25,0,2020,2,2019,,,,,,,,13972000000.0,,0
217346,Textron,Industrials,2021-02-19,0,2021,2,2020,15018000000.0,815000000.0,13630000000.0,9500000000.0,0.05426821147955786,23.4325153186241,0.632574244240245,,,0
217346,Textron,Industrials,2022-02-17,0,2022,2,2021,15443000000.0,309000000.0,11651000000.0,9598000000.0,0.02000906559606294,23.460421663187276,0.6215113643722074,13630000000.0,-0.1451944240645635,0
217346,Textron,Industrials,2023-02-16,0,2023,2,2022,16293000000.0,861000000.0,12869000000.0,9180000000.0,0.05284477996685693,23.51400140466723,0.5634321487755478,11651000000.0,0.10454038279975975,0
217346,Textron,Industrials,2024-02-12,0,2024,2,2023,16856000000.0,921000000.0,13683000000.0,9869000000.0,0.05463929757949691,23.547972513448297,0.5854888467014713,12869000000.0,0.06325277799362805,0
217346,Textron,Industrials,2025-02-06,1,2025,2,2024,16838000000.0,824000000.0,13702000000.0,9634000000.0,0.048936928376291725,23.54690407386188,0.5721582135645563,13683000000.0,0.0013885843747716287,1
217346,Textron,Industrials,2026-02-11,2,2026,2,2025,,,,,,,,13702000000.0,,1
277135,W. W. Grainger,Industrials,2019-02-28,1,2019,2,2018,5873000000.0,782000000.0,11221000000.0,5873000000.0,0.13315171122084113,22.493631413486796,1.0,,,1
277135,W. W. Grainger,Industrials,2020-02-20,1,2020,2,2019,6005000000.0,849000000.0,11486000000.0,6005000000.0,0.14138218151540383,22.51585829247836,1.0,11221000000.0,0.023616433472952503,1
277135,W. W. Grainger,Industrials,2021-02-24,1,2021,2,2020,6295000000.0,695000000.0,11797000000.0,6295000000.0,0.11040508339952343,22.56302150444272,1.0,11486000000.0,0.027076440884555186,1
277135,W. W. Grainger,Industrials,2022-02-23,2,2022,2,2021,6592000000.0,1043000000.0,13022000000.0,6592000000.0,0.15822208737864077,22.609122629553582,1.0,11797000000.0,0.10383995931168943,1
277135,W. W. Grainger,Industrials,2023-02-21,2,2023,2,2022,7588000000.0,1547000000.0,15228000000.0,7588000000.0,0.20387453874538744,22.74983388901918,1.0,13022000000.0,0.16940562125633551,1
277135,W. W. Grainger,Industrials,2024-02-22,4,2024,2,2023,8147000000.0,1829000000.0,16478000000.0,8147000000.0,0.22449981588314716,22.820915598274915,1.0,15228000000.0,0.0820856317310219,1
277135,W. W. Grainger,Industrials,2025-02-20,4,2025,2,2024,8829000000.0,1909000000.0,17168000000.0,8829000000.0,0.2162192773813569,22.901307594865855,1.0,16478000000.0,0.0418740138366307,1
277135,W. W. Grainger,Industrials,2026-02-19,6,2026,2,2025,8962000000.0,1706000000.0,17942000000.0,8962000000.0,0.1903592948002678,22.91625925331036,1.0,17168000000.0,0.045083876980428705,1
277948,CSX Corporation,Industrials,2019-02-06,1,2019,2,2018,36729000000.0,3309000000.0,12250000000.0,24149000000.0,0.09009229763946745,24.3268324707063,0.6574913556045632,,,1
277948,CSX Corporation,Industrials,2020-02-12,1,2020,2,2019,38257000000.0,3331000000.0,11937000000.0,26394000000.0,0.08706903311812217,24.36759238701125,0.6899129571058891,12250000000.0,-0.02555102040816326,1
277948,CSX Corporation,Industrials,2021-02-10,1,2021,2,2020,39793000000.0,2765000000.0,10583000000.0,26683000000.0,0.06948458271555298,24.406956854371224,0.6705450707410852,11937000000.0,-0.11342883471559018,1
277948,CSX Corporation,Industrials,2022-02-16,1,2022,2,2021,40531000000.0,3781000000.0,12522000000.0,27031000000.0,0.09328662011793443,24.42533295036392,0.6669216155535269,10583000000.0,0.1832183690824909,1
277948,CSX Corporation,Industrials,2023-02-15,1,2023,2,2022,41682000000.0,4114000000.0,14853000000.0,29213000000.0,0.09869967851830526,24.45333521788521,0.7008540856964637,12522000000.0,0.18615237182558686,1
277948,CSX Corporation,Industrials,2024-02-14,2,2024,2,2023,42200000000.0,3668000000.0,14657000000.0,30227000000.0,0.08691943127962086,24.46568605798838,0.7162796208530806,14853000000.0,-0.013195987342624393,1
277948,CSX Corporation,Industrials,2025-02-27,2,2025,2,2024,42764000000.0,3470000000.0,14540000000.0,30257000000.0,0.08114301749134786,24.478962464097666,0.7075343747076981,14657000000.0,-0.007982533942825998,1
277948,CSX Corporation,Industrials,2026-02-12,3,2026,2,2025,43682000000.0,2889000000.0,14092000000.0,30522000000.0,0.06613708163545626,24.50020195488063,0.6987317430520581,14540000000.0,-0.030811554332874858,1
310158,Merck & Co.,Health Care,2019-02-27,0,2019,2,2018,82637000000.0,6220000000.0,42294000000.0,82637000000.0,0.07526894732383799,25.137723359065948,1.0,,,0
310158,Merck & Co.,Health Care,2020-02-26,0,2020,2,2019,84397000000.0,9843000000.0,39121000000.0,84397000000.0,0.11662736827138405,25.15879769289289,1.0,42294000000.0,-0.07502246181491468,0
310158,Merck & Co.,Health Care,2021-02-25,0,2021,2,2020,91588000000.0,7067000000.0,41518000000.0,91588000000.0,0.07716076341878848,25.240566095677863,1.0,39121000000.0,0.06127143989161832,0
310158,Merck & Co.,Health Care,2022-02-25,0,2022,2,2021,105694000000.0,13049000000.0,48704000000.0,105694000000.0,0.12346017749351902,25.38381396378382,1.0,41518000000.0,0.17308155498819788,0
310158,Merck & Co.,Health Care,2023-02-24,0,2023,2,2022,109160000000.0,14519000000.0,59283000000.0,109160000000.0,0.13300659582264565,25.416080532786548,1.0,48704000000.0,0.21721008541392894,0
310158,Merck & Co.,Health Care,2024-02-26,1,2024,2,2023,106675000000.0,365000000.0,60115000000.0,106675000000.0,0.003421607686899461,25.393052666020473,1.0,59283000000.0,0.014034377477523119,1
310158,Merck & Co.,Health Care,2025-02-25,3,2025,2,2024,117106000000.0,17117000000.0,64168000000.0,117106000000.0,0.1461667207487234,25.486345344495348,1.0,60115000000.0,0.06742077684438152,1
310158,Merck & Co.,Health Care,2026-02-24,4,2026,2,2025,136866000000.0,18254000000.0,65011000000.0,136866000000.0,0.13337132669910715,25.642268181930667,1.0,64168000000.0,0.013137389352948503,1
310764,Stryker Corporation,Health Care,2019-02-07,0,2019,2,2018,27229000000.0,3553000000.0,13601000000.0,15499000000.0,0.13048587902603842,24.027548418756478,0.5692092989092512,,,0
310764,Stryker Corporation,Health Care,2020-02-06,0,2020,2,2019,30167000000.0,2083000000.0,14884000000.0,17360000000.0,0.0690489607849637,24.130014448646893,0.5754632545496735,13601000000.0,0.0943312991691787,0
310764,Stryker Corporation,Health Care,2021-02-11,0,2021,2,2020,34330000000.0,1599000000.0,14351000000.0,21246000000.0,0.046577337605592774,24.25928544441601,0.6188756189921352,14884000000.0,-0.035810266057511475,0
310764,Stryker Corporation,Health Care,2022-02-11,6,2022,2,2021,34631000000.0,1994000000.0,17108000000.0,19754000000.0,0.05757847015679594,24.268015071640324,0.5704137911120095,14351000000.0,0.19211204794090997,1
310764,Stryker Corporation,Health Care,2023-02-10,2,2023,2,2022,36884000000.0,2358000000.0,18449000000.0,20268000000.0,0.06393015941871814,24.331043689623307,0.5495065611105087,17108000000.0,0.07838438157587091,1
310764,Stryker Corporation,Health Care,2024-02-14,6,2024,2,2023,39912000000.0,3165000000.0,20498000000.0,21319000000.0,0.07929945880938064,24.409942867505148,0.5341501302866306,18449000000.0,0.11106293024012137,1
310764,Stryker Corporation,Health Care,2025-02-12,20,2025,2,2024,42971000000.0,2993000000.0,22595000000.0,22337000000.0,0.06965162551488213,24.483791306512792,0.5198156896511601,20498000000.0,0.1023026636745048,1
310764,Stryker Corporation,Health Care,2026-02-11,1,2026,2,2025,47844000000.0,3246000000.0,25116000000.0,25424000000.0,0.06784549786807123,24.59121155513363,0.5313936961792493,22595000000.0,0.11157335693737558,1
313616,Danaher Corporation,Health Care,2019-02-21,5,2019,2,2018,47833000000.0,2651000000.0,19893000000.0,47832500000.0,0.05542198900340769,24.59098161481258,0.999989546965484,,,1
313616,Danaher Corporation,Health Care,2020-02-21,7,2020,2,2019,62082000000.0,3008000000.0,17911000000.0,62082000000.0,0.04845204729229084,24.85172192879728,1.0,19893000000.0,-0.0996330367465943,1
313616,Danaher Corporation,Health Care,2021-02-25,10,2021,2,2020,76161000000.0,3646000000.0,22284000000.0,76161000000.0,0.04787227058468245,25.05611535759542,1.0,17911000000.0,0.24415163865780798,1
313616,Danaher Corporation,Health Care,2022-02-23,11,2022,2,2021,83184000000.0,6433000000.0,24802000000.0,83184000000.0,0.07733458357376419,25.144320858587772,1.0,22284000000.0,0.11299587147729317,1
313616,Danaher Corporation,Health Care,2023-02-22,12,2023,2,2022,84350000000.0,7209000000.0,26643000000.0,84350000000.0,0.08546532305868405,25.158240645938392,1.0,24802000000.0,0.07422788484799603,1
313616,Danaher Corporation,Health Care,2024-02-21,11,2024,2,2023,84488000000.0,4764000000.0,23890000000.0,84488000000.0,0.05638670580437458,25.159875349390585,1.0,26643000000.0,-0.10332920466914386,1
313616,Danaher Corporation,Health Care,2025-02-20,13,2025,2,2024,77542000000.0,3899000000.0,23875000000.0,77542000000.0,0.05028242758762993,25.07408556199558,1.0,23890000000.0,-0.0006278777731267837,1
313616,Danaher Corporation,Health Care,2026-02-24,8,2026,2,2025,83464000000.0,3614000000.0,24568000000.0,83464000000.0,0.043300105434678424,25.147681238112078,1.0,23875000000.0,0.02902617801047125,1
313927,Church & Dwight,Consumer Staples,2019-02-21,0,2019,2,2018,6069200000.0,568600000.0,4145900000.0,3615400000.0,0.09368615303499638,22.52649263761536,0.5956963026428524,,,0
313927,Church & Dwight,Consumer Staples,2020-02-18,0,2020,2,2019,6657400000.0,615900000.0,4357700000.0,3989600000.0,0.09251359389551476,22.61899485488615,0.5992729894553429,4145900000.0,0.05108661569261197,0
313927,Church & Dwight,Consumer Staples,2021-02-18,0,2021,2,2020,7414500000.0,785900000.0,4895800000.0,4394100000.0,0.10599500977813743,22.726703379379398,0.5926360509811855,4357700000.0,0.12348257108107497,0
313927,Church & Dwight,Consumer Staples,2022-02-17,0,2022,2,2021,7996500000.0,827500000.0,5190100000.0,4763300000.0,0.10348277371349966,22.8022697828952,0.5956731069843056,4895800000.0,0.06011274970382785,0
313927,Church & Dwight,Consumer Staples,2023-02-16,0,2023,2,2022,8345600000.0,413900000.0,5375600000.0,4855700000.0,0.049594996165644174,22.8450002908165,0.5818275498466258,5190100000.0,0.03574112252172412,0
313927,Church & Dwight,Consumer Staples,2024-02-15,2,2024,2,2023,8569200000.0,755600000.0,5867900000.0,4713800000.0,0.08817625916071511,22.871440216307338,0.5500863557858376,5375600000.0,0.09158047473770359,1
313927,Church & Dwight,Consumer Staples,2025-02-13,3,2025,2,2024,8883100000.0,585300000.0,6107100000.0,4522300000.0,0.06588916031565557,22.907416432128674,0.5090902950546543,5867900000.0,0.04076415753506368,1
313927,Church & Dwight,Consumer Staples,2026-02-12,6,2026,2,2025,8912400000.0,736800000.0,6203200000.0,4910200000.0,0.08267133432072168,22.910709402427525,0.5509402630043535,6107100000.0,0.015735782941166843,1
315189,Deere & Company,Industrials,2019-12-19,6,2019,12,2019,73011000000.0,3253000000.0,39258000000.0,61580000000.0,0.044554930079029186,25.013875951674475,0.8434345509580748,,,1
315189,Deere & Company,Industrials,2020-12-17,9,2020,12,2020,75091000000.0,2751000000.0,35540000000.0,62147000000.0,0.03663554886737425,25.04196654832204,0.8276224847185415,39258000000.0,-0.0947068113505527,1
315189,Deere & Company,Industrials,2021-12-16,9,2021,12,2021,84114000000.0,5963000000.0,44024000000.0,65680000000.0,0.07089188482297834,25.155438858560867,0.7808450436312623,35540000000.0,0.238716938660664,1
315189,Deere & Company,Industrials,2022-12-15,35,2022,12,2022,90030000000.0,7131000000.0,52577000000.0,69673000000.0,0.07920693102299234,25.2234087850668,0.7738864822836832,44024000000.0,0.19428039251317464,1
315189,Deere & Company,Industrials,2023-12-15,39,2023,12,2023,104087000000.0,10166000000.0,61251000000.0,82201000000.0,0.09766829671332636,25.368492924846034,0.7897335882482923,52577000000.0,0.16497708123323895,1
315189,Deere & Company,Industrials,2024-12-12,38,2024,12,2024,107320000000.0,7100000000.0,51716000000.0,84395000000.0,0.06615728661945583,25.399080862503833,0.7863865076407007,61251000000.0,-0.15567092782158654,1
315189,Deere & Company,Industrials,2025-12-18,48,2025,12,2025,105996000000.0,5027000000.0,45684000000.0,79989000000.0,0.04742631797426318,25.38666719449741,0.7546416845918714,51716000000.0,-0.11663701755742906,1
315293,Aon plc,Financials,2019-02-19,0,2019,2,2018,26422000000.0,,10770000000.0,22203000000.0,,23.997462833402576,0.8403224585572628,,,0
315293,Aon plc,Financials,2020-02-14,0,2020,2,2019,29405000000.0,1532000000.0,11013000000.0,25956000000.0,0.0520999829960891,24.10443056485833,0.8827070226152015,10770000000.0,0.02256267409470758,0
315293,Aon plc,Financials,2021-02-19,0,2021,2,2020,32114000000.0,1969000000.0,11066000000.0,28531000000.0,0.06131282306782089,24.192557909073905,0.8884287226754687,11013000000.0,0.0048124943248888385,0
315293,Aon plc,Financials,2022-02-18,0,2022,2,2021,31917000000.0,1255000000.0,12193000000.0,30759000000.0,0.03932073816461447,24.18640462014875,0.9637183945859573,11066000000.0,0.10184348454726178,0
315293,Aon plc,Financials,2023-02-17,0,2023,2,2022,32704000000.0,2589000000.0,12479000000.0,33133000000.0,0.07916462818003914,24.21076323152765,1.013117661448141,12193000000.0,0.023456081358156355,0
315293,Aon plc,Financials,2024-02-16,3,2024,2,2023,33959000000.0,2564000000.0,13376000000.0,34701000000.0,0.07550281221472953,24.248419751548468,1.02184987779381,12479000000.0,0.07188075967625607,1
315293,Aon plc,Financials,2025-02-18,7,2025,2,2024,48965000000.0,2654000000.0,15698000000.0,42535000000.0,0.05420198100684162,24.614371594119167,0.8686817114265292,13376000000.0,0.17359449760765555,1
315293,Aon plc,Financials,2026-02-13,15,2026,2,2025,50784000000.0,3695000000.0,17181000000.0,41236000000.0,0.07275913673597983,24.65084718129041,0.8119880277252678,15698000000.0,0.09447063320168181,1
316709,Charles Schwab Corporation,Financials,2019-02-22,0,2019,2,2018,296482000000.0,3507000000.0,10132000000.0,275812000000.0,0.011828711355158155,26.4152523452783,0.9302824454772971,,,0
316709,Charles Schwab Corporation,Financials,2020-02-26,0,2020,2,2019,294000000000.0,3704000000.0,10721000000.0,272260000000.0,0.012598639455782313,26.406845604285092,0.9260544217687074,10132000000.0,0.05813264903276738,0
316709,Charles Schwab Corporation,Financials,2021-02-24,0,2021,2,2020,549009000000.0,3299000000.0,11691000000.0,492949000000.0,0.0060090089597802585,27.031380671764193,0.8978887413503239,10721000000.0,0.09047663464229072,0
316709,Charles Schwab Corporation,Financials,2022-02-24,0,2022,2,2021,667270000000.0,5855000000.0,18520000000.0,611009000000.0,0.008774559024083205,27.22646059855479,0.9156848052512476,11691000000.0,0.5841245402446327,0
316709,Charles Schwab Corporation,Financials,2023-02-24,0,2023,2,2022,551772000000.0,7183000000.0,20762000000.0,515164000000.0,0.013018058183452585,27.036400754419294,0.9336537555367072,18520000000.0,0.12105831533477329,0
316709,Charles Schwab Corporation,Financials,2024-02-23,2,2024,2,2023,493178000000.0,5067000000.0,18837000000.0,452220000000.0,0.010274180924534347,26.924136000591247,0.916950877776381,20762000000.0,-0.09271746459878627,1
316709,Charles Schwab Corporation,Financials,2025-02-26,3,2025,2,2024,479843000000.0,5942000000.0,19606000000.0,431468000000.0,0.012383217010563871,26.896724804011594,0.8991857753473532,18837000000.0,0.04082391038912769,1
316709,Charles Schwab Corporation,Financials,2026-02-25,6,2026,2,2025,490995000000.0,8852000000.0,23921000000.0,441570000000.0,0.01802869682990662,26.919699781389692,0.8993370604588642,19606000000.0,0.2200856880546771,1
318154,Amgen,Health Care,2019-02-13,0,2019,2,2018,66416000000.0,8394000000.0,23747000000.0,66416000000.0,0.12638520838352205,24.919203828257093,1.0,,,0
318154,Amgen,Health Care,2020-02-12,0,2020,2,2019,59707000000.0,7842000000.0,23362000000.0,59707000000.0,0.13134138375734838,24.812715103402702,1.0,23747000000.0,-0.01621257421990141,0
318154,Amgen,Health Care,2021-02-09,0,2021,2,2020,62948000000.0,7264000000.0,25424000000.0,62948000000.0,0.11539683548325602,24.865574825685027,1.0,23362000000.0,0.08826299118226189,0
318154,Amgen,Health Care,2022-02-16,0,2022,2,2021,61165000000.0,5893000000.0,25979000000.0,61165000000.0,0.09634594948091228,24.83684096744529,1.0,25424000000.0,0.021829767149150303,0
318154,Amgen,Health Care,2023-02-09,0,2023,2,2022,65121000000.0,6552000000.0,26323000000.0,65121000000.0,0.10061270557884554,24.899512914788147,1.0,25979000000.0,0.013241464259594382,0
318154,Amgen,Health Care,2024-02-14,3,2024,2,2023,97154000000.0,6717000000.0,28190000000.0,97154000000.0,0.06913765773925933,25.299563185365386,1.0,26323000000.0,0.07092656612088288,1
318154,Amgen,Health Care,2025-02-14,8,2025,2,2024,91839000000.0,4090000000.0,33424000000.0,91839000000.0,0.044534457038948594,25.243302880956644,1.0,28190000000.0,0.18566867683575738,1
318154,Amgen,Health Care,2026-02-13,10,2026,2,2025,90586000000.0,7711000000.0,36751000000.0,90586000000.0,0.0851235290221447,25.229565512668753,1.0,33424000000.0,0.09953925323121116,1
319201,KLA Corporation,Information Technology,2019-08-16,4,2019,8,2019,9008516000.0,1175617000.0,4568904000.0,6330823000.0,0.13050062851639493,22.9214361891188,0.7027598108278877,,,1
319201,KLA Corporation,Information Technology,2020-08-07,4,2020,8,2020,9279960000.0,1216785000.0,5806424000.0,6598950000.0,0.13111963844671745,22.951123073390402,0.7110968150724788,4568904000.0,0.2708570808228845,1
319201,KLA Corporation,Information Technology,2021-08-06,1,2021,8,2021,10271124000.0,2078292000.0,6918734000.0,6895482000.0,0.2023431904823659,23.052602299883606,0.6713463881849737,5806424000.0,0.1915654109999545,1
319201,KLA Corporation,Information Technology,2022-08-05,1,2022,8,2022,12597088000.0,3321807000.0,9211883000.0,11197998000.0,0.2636964193629512,23.256731513082446,0.8889354428579049,6918734000.0,0.3314405496728159,1
319201,KLA Corporation,Information Technology,2023-08-04,2,2023,8,2023,14072357000.0,3387277000.0,10496056000.0,11152604000.0,0.24070431129625264,23.367478213588008,0.7925185525068758,9211883000.0,0.1394039633373545,1
319201,KLA Corporation,Information Technology,2024-08-05,2,2024,8,2024,15433566000.0,2761896000.0,9812247000.0,12065238000.0,0.1789538464409327,23.459810584850807,0.7817530958172596,10496056000.0,-0.06514913792380683,1
319201,KLA Corporation,Information Technology,2025-08-08,0,2025,8,2025,16067926000.0,4061643000.0,12156162000.0,11375473000.0,0.2527795435453213,23.50009094800591,0.7079615004450481,9812247000.0,0.2388764775285417,0
319201,KLA Corporation,Information Technology,2026-08-06,2,2026,8,2026,17951535000.0,4830771000.0,13579476000.0,11601715000.0,0.2691007203562258,23.61094146354481,0.6462798306662912,12156162000.0,0.1170858038910636,1
320187,"Nike, Inc.",Consumer Discretionary,2019-07-23,1,2019,7,2019,23717000000.0,4029000000.0,39117000000.0,23717000000.0,0.16987814647721045,23.88945792752917,1.0,,,1
320187,"Nike, Inc.",Consumer Discretionary,2020-07-24,1,2020,7,2020,31342000000.0,2539000000.0,37403000000.0,31342000000.0,0.0810095080084232,24.168224888047437,1.0,39117000000.0,-0.04381726615026715,1
320187,"Nike, Inc.",Consumer Discretionary,2021-07-20,1,2021,7,2021,37740000000.0,5727000000.0,44538000000.0,37740000000.0,0.15174880763116058,24.353986376886816,1.0,37403000000.0,0.1907600994572627,1
320187,"Nike, Inc.",Consumer Discretionary,2022-07-21,1,2022,7,2022,40321000000.0,6046000000.0,46710000000.0,40321000000.0,0.14994667790977406,24.420138261989273,1.0,44538000000.0,0.04876734473932376,1
320187,"Nike, Inc.",Consumer Discretionary,2023-07-20,1,2023,7,2023,37531000000.0,5070000000.0,51217000000.0,37531000000.0,0.13508832698302736,24.348433095088744,1.0,46710000000.0,0.09648897452365657,1
320187,"Nike, Inc.",Consumer Discretionary,2024-07-25,3,2024,7,2024,38110000000.0,5700000000.0,51362000000.0,38110000000.0,0.14956704277092628,24.363742551832182,1.0,51217000000.0,0.0028310912392370824,1
320187,"Nike, Inc.",Consumer Discretionary,2025-07-17,1,2025,7,2025,36579000000.0,3219000000.0,46309000000.0,36579000000.0,0.08800131222832773,24.32274014219265,1.0,51362000000.0,-0.09838012538452556,1
320187,"Nike, Inc.",Consumer Discretionary,2026-07-15,1,2026,7,2026,38410000000.0,3108000000.0,46398000000.0,38410000000.0,0.08091642801353814,24.371583679304223,1.0,46309000000.0,0.0019218726381480256,1
320193,Apple Inc.,Information Technology,2019-10-31,0,2019,10,2019,338516000000.0,55256000000.0,260174000000.0,248028000000.0,0.16323009842961633,26.547837195537657,0.7326921031797611,,,0
320193,Apple Inc.,Information Technology,2020-10-30,0,2020,10,2020,323888000000.0,57411000000.0,274515000000.0,258549000000.0,0.1772557180259843,26.50366361396563,0.7982666847799239,260174000000.0,0.05512080376978479,0
320193,Apple Inc.,Information Technology,2021-10-29,0,2021,10,2021,351002000000.0,94680000000.0,365817000000.0,287912000000.0,0.26974205275183616,26.58405775840174,0.8202574344305731,274515000000.0,0.33259384733074704,0
320193,Apple Inc.,Information Technology,2022-10-28,0,2022,10,2022,352755000000.0,99803000000.0,394328000000.0,302083000000.0,0.2829244092925685,26.589039601923314,0.8563535598361469,365817000000.0,0.0779378760418461,0
320193,Apple Inc.,Information Technology,2023-11-03,1,2023,11,2023,352583000000.0,96995000000.0,383285000000.0,290437000000.0,0.27509834563776475,26.588551892475053,0.8237407929480435,394328000000.0,-0.02800460530319937,1
320193,Apple Inc.,Information Technology,2024-11-01,3,2024,11,2024,364980000000.0,93736000000.0,391035000000.0,308030000000.0,0.25682503150857583,26.623108394507078,0.8439640528248123,383285000000.0,0.02021994077514111,1
320193,Apple Inc.,Information Technology,2025-10-31,7,2025,10,2025,359241000000.0,112010000000.0,416161000000.0,285508000000.0,0.3117962593356549,26.60725930939967,0.7947533828265705,391035000000.0,0.06425511782832749,1
320335,Globe Life,Financials,2019-03-01,0,2019,3,2018,23095722000.0,701466000.0,4303751000.0,17680545000.0,0.03037211826501895,23.86291324251829,0.7655333312377072,,,0
320335,Globe Life,Financials,2020-02-27,0,2020,2,2019,25977460000.0,760790000.0,4527532000.0,18683153000.0,0.029286543026146514,23.98049507589584,0.7192063042345171,4303751000.0,0.05199673494121759,0
320335,Globe Life,Financials,2021-02-25,0,2021,2,2020,29046731000.0,731773000.0,4737921000.0,20275639000.0,0.025192955448239598,24.09217178379186,0.698035142061253,4527532000.0,0.046468804637935124,0
320335,Globe Life,Financials,2022-02-24,0,2022,2,2021,29768048000.0,1031114000.0,5112038000.0,21125242000.0,0.03463828061551097,24.116701440459195,0.7096616479521936,4737921000.0,0.07896227058239247,0
320335,Globe Life,Financials,2023-02-23,0,2023,2,2022,25986797000.0,894386000.0,5226740000.0,22037220000.0,0.03441693872469162,23.98085443829759,0.8480160136703265,5112038000.0,0.022437626637360708,0
320335,Globe Life,Financials,2024-02-28,0,2024,2,2023,28051499000.0,970755000.0,5447533000.0,23564696000.0,0.03460617202667137,24.05730790777244,0.8400512215051325,5226740000.0,0.042242965978793734,0
320335,Globe Life,Financials,2025-02-26,1,2025,2,2024,29076181000.0,1070762000.0,5778069000.0,23770661000.0,0.03682608799278007,24.09318515361477,0.8175303696176606,5447533000.0,0.06067627309462842,1
320335,Globe Life,Financials,2026-02-25,2,2026,2,2025,30813692000.0,1161238000.0,5994318000.0,24839113000.0,0.03768577942558782,24.15122497359943,0.8061063568753787,5778069000.0,0.03742582513292936,1
352541,Alliant Energy,Utilities,2019-02-22,0,2019,2,2018,15426000000.0,522000000.0,3534000000.0,15426000000.0,0.0338389731621937,23.45932023445822,1.0,,,0
352541,Alliant Energy,Utilities,2020-02-21,0,2020,2,2019,16701000000.0,567000000.0,3648000000.0,16701000000.0,0.0339500628704868,23.53873443481589,1.0,3534000000.0,0.032258064516129004,0
352541,Alliant Energy,Utilities,2021-02-19,0,2021,2,2020,17710000000.0,624000000.0,3416000000.0,17710000000.0,0.0352343308865048,23.597395288741154,1.0,3648000000.0,-0.0635964912280702,0
352541,Alliant Energy,Utilities,2022-02-18,2,2022,2,2021,18553000000.0,674000000.0,3669000000.0,18553000000.0,0.03632835660001078,23.643897337991152,1.0,3416000000.0,0.0740632318501171,1
352541,Alliant Energy,Utilities,2023-02-24,2,2023,2,2022,20163000000.0,686000000.0,4205000000.0,20163000000.0,0.034022714873778705,23.72711507860235,1.0,3669000000.0,0.14608885254837833,1
352541,Alliant Energy,Utilities,2024-02-16,4,2024,2,2023,21237000000.0,703000000.0,4027000000.0,21237000000.0,0.0331026039459434,23.779010780406573,1.0,4205000000.0,-0.04233055885850179,1
352541,Alliant Energy,Utilities,2025-02-21,8,2025,2,2024,22714000000.0,690000000.0,3981000000.0,22714000000.0,0.030377740600510697,23.846247311415866,1.0,4027000000.0,-0.011422895455674209,1
352541,Alliant Energy,Utilities,2026-02-20,6,2026,2,2025,24991000000.0,810000000.0,4362000000.0,24991000000.0,0.0324116682005522,23.941781596999054,1.0,3981000000.0,0.09570459683496613,1
352915,Universal Health Services,Health Care,2019-02-27,0,2019,2,2018,11265480000.0,779705000.0,10772278000.0,11265480000.0,0.06921187557032635,23.145009019776374,1.0,,,0
352915,Universal Health Services,Health Care,2020-02-26,0,2020,2,2019,11668250000.0,814854000.0,11378259000.0,11668250000.0,0.06983515094380048,23.180137314845076,1.0,10772278000.0,0.05625374688622031,0
352915,Universal Health Services,Health Care,2021-02-25,0,2021,2,2020,13476879000.0,943953000.0,11558897000.0,13476879000.0,0.07004240373457386,23.324241387433872,1.0,11378259000.0,0.015875715256613576,0
352915,Universal Health Services,Health Care,2022-02-24,0,2022,2,2021,13093543000.0,991590000.0,12642117000.0,13093543000.0,0.07573122110646446,23.295385044874646,1.0,11558897000.0,0.09371309390506721,0
352915,Universal Health Services,Health Care,2023-02-27,0,2023,2,2022,13494188000.0,675609000.0,13399370000.0,13494188000.0,0.05006666573787174,23.32552491117257,1.0,12642117000.0,0.059899224156840125,0
352915,Universal Health Services,Health Care,2024-02-27,0,2024,2,2023,13967602000.0,717795000.0,14281976000.0,13967602000.0,0.05138999521893593,23.36000634193782,1.0,13399370000.0,0.06586921623927089,0
352915,Universal Health Services,Health Care,2025-02-26,2,2025,2,2024,14469749000.0,1142097000.0,15827935000.0,14469749000.0,0.07892998005701413,23.39532603120577,1.0,14281976000.0,0.10824545567083987,1
352915,Universal Health Services,Health Care,2026-02-25,20,2026,2,2025,15527593000.0,1488796000.0,17364829000.0,15527593000.0,0.09588066869089111,23.465884471753487,1.0,15827935000.0,0.09710009549571685,1
354190,Arthur J. Gallagher & Co.,Financials,2019-02-08,2,2019,2,2018,16334000000.0,633500000.0,1657400000.0,11764300000.0,0.038784131259948576,23.516514661882496,0.7202338680053876,,,1
354190,Arthur J. Gallagher & Co.,Financials,2020-02-07,3,2020,2,2019,19634800000.0,668800000.0,1721400000.0,14419300000.0,0.03406197160144234,23.70056933903197,0.7343746816876159,1657400000.0,0.03861469771931936,1
354190,Arthur J. Gallagher & Co.,Financials,2021-02-08,4,2021,2,2020,22331400000.0,818800000.0,7003600000.0,16098700000.0,0.03666586062674082,23.829259596757936,0.7208997196772258,1721400000.0,3.068548855582665,1
354190,Arthur J. Gallagher & Co.,Financials,2022-02-18,3,2022,2,2021,33236100000.0,906800000.0,8209400000.0,24784900000.0,0.027283586221006677,24.226902471530273,0.7457222718670361,7003600000.0,0.1721685990062254,1
354190,Arthur J. Gallagher & Co.,Financials,2023-02-10,3,2023,2,2022,38358400000.0,1114200000.0,8550600000.0,29168200000.0,0.02904709268374072,24.370239375977054,0.7604123216818219,8209400000.0,0.041562111725582884,1
354190,Arthur J. Gallagher & Co.,Financials,2024-02-09,4,2024,2,2023,51616000000.0,970000000.0,10072000000.0,40800500000.0,0.01879262244265344,24.66709753888921,0.7904622597644141,8550600000.0,0.17792903421982076,1
354190,Arthur J. Gallagher & Co.,Financials,2025-02-18,3,2025,2,2024,64255000000.0,1463000000.0,11555000000.0,44075000000.0,0.022768656135709282,24.886125378705515,0.6859388374445569,10072000000.0,0.14723987291501195,1
354190,Arthur J. Gallagher & Co.,Financials,2026-02-17,5,2026,2,2025,70665000000.0,1494000000.0,13942000000.0,47318000000.0,0.02114200806622798,24.981216237766528,0.6696101323144413,11555000000.0,0.20657723929035043,1
354950,Home Depot (The),Consumer Discretionary,2019-03-28,1,2019,3,2018,44529000000.0,8630000000.0,100904000000.0,43075000000.0,0.19380628354555457,24.519406499257148,0.9673471221002043,,,1
354950,Home Depot (The),Consumer Discretionary,2020-03-25,0,2020,3,2019,44003000000.0,11121000000.0,108203000000.0,45881000000.0,0.2527327682203486,24.50752365035858,1.0426789082562553,100904000000.0,0.07233608182034401,0
354950,Home Depot (The),Consumer Discretionary,2021-03-24,2,2021,3,2020,51236000000.0,11242000000.0,110225000000.0,54352000000.0,0.21941603559996878,24.6597082469153,1.0608166133187602,108203000000.0,0.01868709740025687,1
354950,Home Depot (The),Consumer Discretionary,2022-03-23,2,2022,3,2021,70581000000.0,12866000000.0,132110000000.0,67282000000.0,0.182287017752653,24.980026823412803,0.9532593757526813,110225000000.0,0.19854842367883885,1
354950,Home Depot (The),Consumer Discretionary,2023-03-15,2,2023,3,2022,71876000000.0,16433000000.0,151157000000.0,73572000000.0,0.2286298625410429,24.99820824901062,1.0235961934442652,132110000000.0,0.14417530845507542,1
354950,Home Depot (The),Consumer Discretionary,2024-03-13,3,2024,3,2023,76445000000.0,17105000000.0,157403000000.0,74883000000.0,0.2237556413107463,25.059837364958987,0.9795670089606907,151157000000.0,0.04132127523038953,1
354950,Home Depot (The),Consumer Discretionary,2025-03-21,4,2025,3,2024,76530000000.0,15143000000.0,152669000000.0,75486000000.0,0.19787011629426368,25.06094865776824,0.986358290866327,157403000000.0,-0.030075665648049865,1
354950,Home Depot (The),Consumer Discretionary,2026-03-18,2,2026,3,2025,96119000000.0,14806000000.0,159514000000.0,89479000000.0,0.15403822345217907,25.28885284409847,0.9309189650329279,152669000000.0,0.04483555928184502,1
702165,Norfolk Southern,Industrials,2019-02-08,0,2019,2,2018,36239000000.0,2666000000.0,11458000000.0,20877000000.0,0.07356715141146279,24.313401723921487,0.5760920555202959,,,0
702165,Norfolk Southern,Industrials,2020-02-06,0,2020,2,2019,37923000000.0,2722000000.0,11296000000.0,22739000000.0,0.0717770218600849,24.358823625127943,0.5996097355167049,11458000000.0,-0.014138593122709042,0
702165,Norfolk Southern,Industrials,2021-02-04,0,2021,2,2020,37962000000.0,2013000000.0,9789000000.0,23171000000.0,0.05302671092144776,24.359851496339214,0.610373531426163,11296000000.0,-0.13341005665722383,0
702165,Norfolk Southern,Industrials,2022-02-04,0,2022,2,2021,38493000000.0,3005000000.0,11142000000.0,24852000000.0,0.07806614189592913,24.373742243527403,0.6456238796664329,9789000000.0,0.13821636530799886,0
702165,Norfolk Southern,Industrials,2023-02-03,0,2023,2,2022,38885000000.0,3270000000.0,12745000000.0,26152000000.0,0.0840941236980841,24.38387440909332,0.6725472547254725,11142000000.0,0.14387004128522718,0
702165,Norfolk Southern,Industrials,2024-02-05,0,2024,2,2023,41652000000.0,1827000000.0,12156000000.0,28871000000.0,0.04386343993085566,24.45261522361406,0.6931479880918083,12745000000.0,-0.046214201647704956,0
702165,Norfolk Southern,Industrials,2025-02-10,2,2025,2,2024,43682000000.0,2622000000.0,12123000000.0,29376000000.0,0.06002472414266746,24.50020195488063,0.6724966805549196,12156000000.0,-0.002714708785784836,1
702165,Norfolk Southern,Industrials,2026-02-09,2,2026,2,2025,45236000000.0,2873000000.0,12180000000.0,29689000000.0,0.06351136263153241,24.535159066955494,0.6563135555752055,12123000000.0,0.004701806483543569,1
707549,Lam Research,Information Technology,2019-08-20,0,2019,8,2019,12001333000.0,2191430000.0,9653559000.0,7278029000.0,0.18259888297408297,23.208283563898448,0.6064350518396582,,,0
707549,Lam Research,Information Technology,2020-08-18,2,2020,8,2020,14559047000.0,2251753000.0,10044736000.0,9375558000.0,0.15466348861982518,23.40147842427609,0.6439678366310652,9653559000.0,0.04052153200700381,1
707549,Lam Research,Information Technology,2021-08-17,2,2021,8,2021,15892152000.0,3908458000.0,14626150000.0,9864964000.0,0.24593635902802843,23.489091239413806,0.6207443774763796,10044736000.0,0.4561009866262289,1
707549,Lam Research,Information Technology,2022-08-24,2,2022,8,2022,17195632000.0,4605286000.0,17227039000.0,10917266000.0,0.26781719915848395,23.5679212350258,0.6348859989560139,14626150000.0,0.17782458131497347,1
707549,Lam Research,Information Technology,2023-08-15,2,2023,8,2023,18781643000.0,4510931000.0,17428516000.0,10571471000.0,0.24017765644890599,23.656145793587758,0.5628618859383069,17227039000.0,0.01169539350320159,1
707549,Lam Research,Information Technology,2024-08-29,7,2024,8,2024,18744728000.0,3827772000.0,14905386000.0,10205274000.0,0.20420525707281537,23.654178376492865,0.5444343604239016,17428516000.0,-0.1447702145151084,1
707549,Lam Research,Information Technology,2025-08-11,6,2025,8,2025,21345260000.0,5358217000.0,18435591000.0,11483641000.0,0.25102608260569326,23.784095537920756,0.5379948991017209,14905386000.0,0.23684089764599192,1
707549,Lam Research,Information Technology,2026-08-07,8,2026,8,2026,23529743000.0,7265396000.0,23232690000.0,11058822000.0,0.3087749832201737,23.881531117399092,0.4699933186690564,18435591000.0,0.26020858240997,1
711404,Cooper Companies (The),Health Care,2019-12-20,0,2019,12,2019,6274500000.0,466700000.0,2653400000.0,2645900000.0,0.07438042871941987,22.559759637514635,0.4216909713921428,,,0
711404,Cooper Companies (The),Health Care,2020-12-11,0,2020,12,2020,6737500000.0,238400000.0,2430900000.0,2912700000.0,0.03538404452690167,22.63095477318153,0.4323116883116883,2653400000.0,-0.0838546770181654,0
711404,Cooper Companies (The),Health Care,2021-12-10,0,2021,12,2021,9606200000.0,2944700000.0,2922500000.0,2664200000.0,0.3065416085444817,22.985674560292935,0.2773417168078949,2430900000.0,0.20222962688716106,0
711404,Cooper Companies (The),Health Care,2022-12-09,0,2022,12,2022,11492300000.0,385800000.0,3308400000.0,4317600000.0,0.03357030359458072,23.164943082839322,0.37569503058569653,2922500000.0,0.1320444824636442,0
711404,Cooper Companies (The),Health Care,2023-12-08,0,2023,12,2023,11658900000.0,294200000.0,3593200000.0,4107900000.0,0.025233941452452634,23.17933567379585,0.35234027223837583,3308400000.0,0.08608390762906537,0
711404,Cooper Companies (The),Health Care,2024-12-06,1,2024,12,2024,12315200000.0,392300000.0,3895400000.0,4231600000.0,0.03185494348447447,23.234100108744325,0.3436078991814993,3593200000.0,0.08410330624512974,1
711404,Cooper Companies (The),Health Care,2025-12-05,0,2025,12,2025,12394800000.0,374900000.0,4092400000.0,4155700000.0,0.030246555006938392,23.240542866764862,0.33527769709878336,3895400000.0,0.0505724700929302,0
713676,PNC Financial Services,Financials,2019-03-01,3,2019,3,2018,382315000000.0,,16190000000.0,334545000000.0,,26.669510713080996,0.8750506781057505,,,1
713676,PNC Financial Services,Financials,2020-03-02,3,2020,3,2019,410295000000.0,,16839000000.0,360952000000.0,,26.740142250115085,0.8797377496679218,16190000000.0,0.04008647313156266,1
713676,PNC Financial Services,Financials,2021-02-26,3,2021,2,2020,466679000000.0,,16901000000.0,412638000000.0,,26.86890749210385,0.8842009175471791,16839000000.0,0.003681928855632677,1
713676,PNC Financial Services,Financials,2022-02-25,2,2022,2,2021,557191000000.0,,19211000000.0,501465000000.0,,27.046173926532095,0.8999876164546807,16901000000.0,0.13667830305899065,1
713676,PNC Financial Services,Financials,2023-02-22,2,2023,2,2022,557263000000.0,,21120000000.0,511451000000.0,,27.046303137787294,0.9177910609532662,19211000000.0,0.09937015251678716,1
713676,PNC Financial Services,Financials,2024-02-21,7,2024,2,2023,561580000000.0,,21490000000.0,510439000000.0,,27.054020076488257,0.9089337227109228,21120000000.0,0.017518939393939448,1
713676,PNC Financial Services,Financials,2025-02-21,4,2025,2,2024,560038000000.0,,21555000000.0,505569000000.0,,27.051270475516272,0.9027405283212925,21490000000.0,0.003024662633783093,1
713676,PNC Financial Services,Financials,2026-02-20,5,2026,2,2025,573572000000.0,,23099000000.0,512936000000.0,,27.075149310535473,0.8942835424323363,21555000000.0,0.07163071213175587,1
715957,Dominion Energy,Utilities,2019-02-28,0,2019,2,2018,77914000000.0,2447000000.0,11199000000.0,55866000000.0,0.03140642246579562,25.078871491262493,0.7170213312113356,,,0
715957,Dominion Energy,Utilities,2020-02-28,0,2020,2,2019,103823000000.0,1358000000.0,14401000000.0,69790000000.0,0.013079953382198549,25.365953363094448,0.6722017279408223,11199000000.0,0.28591838557014015,0
715957,Dominion Energy,Utilities,2021-02-25,0,2021,2,2020,95905000000.0,-401000000.0,14172000000.0,69444000000.0,-0.004181220999947865,25.286623955120064,0.7240915489286273,14401000000.0,-0.01590167349489624,0
715957,Dominion Energy,Utilities,2022-02-24,0,2022,2,2021,99590000000.0,3399000000.0,11419000000.0,70672000000.0,0.034129932724169094,25.324327594889958,0.7096294808715734,14172000000.0,-0.1942562799887101,0
715957,Dominion Energy,Utilities,2023-02-21,0,2023,2,2022,104795000000.0,1191000000.0,13938000000.0,77136000000.0,0.01136504604227301,25.375271897771533,0.7360656519872131,11419000000.0,0.22059725019704013,0
715957,Dominion Energy,Utilities,2024-02-23,2,2024,2,2023,109080000000.0,1962000000.0,14393000000.0,81513000000.0,0.017986798679867987,25.4153473949238,0.7472772277227723,13938000000.0,0.032644568804706564,1
715957,Dominion Energy,Utilities,2025-02-27,5,2025,2,2024,102415000000.0,2034000000.0,14459000000.0,72613000000.0,0.019860372015817994,25.35229902319903,0.709007469608944,14393000000.0,0.004585562426179468,1
715957,Dominion Energy,Utilities,2026-02-23,5,2026,2,2025,115857000000.0,2998000000.0,16506000000.0,82440000000.0,0.025876727344916577,25.47562250896013,0.7115668453351977,14459000000.0,0.14157272287156797,1
719955,"Williams-Sonoma, Inc.",Consumer Discretionary,2019-04-04,0,2019,4,2018,2785749000.0,259545000.0,5292359000.0,1582183000.0,0.09316883897292973,21.747782614921615,0.5679560505989592,,,0
719955,"Williams-Sonoma, Inc.",Consumer Discretionary,2020-03-27,0,2020,3,2019,2812844000.0,333684000.0,5671593000.0,1657130000.0,0.11862869039306836,21.757461908108667,0.5891297206670544,5292359000.0,0.07165689251239371,0
719955,"Williams-Sonoma, Inc.",Consumer Discretionary,2021-03-30,0,2021,3,2020,4054042000.0,356062000.0,5898008000.0,2818182000.0,0.08782888781122643,22.12298024506069,0.6951536269234507,5671593000.0,0.03992088289833218,0
719955,"Williams-Sonoma, Inc.",Consumer Discretionary,2022-03-28,2,2022,3,2021,4661424000.0,680714000.0,6783189000.0,3010239000.0,0.14603134149564598,22.262586817803232,0.645776698279324,5898008000.0,0.15008134949969554,1
719955,"Williams-Sonoma, Inc.",Consumer Discretionary,2023-03-24,2,2023,3,2022,4625620000.0,1126337000.0,8245936000.0,2961413000.0,0.2434996822047639,22.254876252980413,0.640219689468655,6783189000.0,0.21564296675206895,1
719955,"Williams-Sonoma, Inc.",Consumer Discretionary,2024-03-20,3,2024,3,2023,4663016000.0,1127904000.0,8674417000.0,2961965000.0,0.24188293585096,22.262928286034132,0.6352036964917127,8245936000.0,0.05196268804414683,1
719955,"Williams-Sonoma, Inc.",Consumer Discretionary,2025-03-27,3,2025,3,2024,5273548000.0,949762000.0,7750652000.0,3145687000.0,0.18009924248342862,22.385969217753864,0.5965029615734986,8674417000.0,-0.10649303578557501,1
719955,"Williams-Sonoma, Inc.",Consumer Discretionary,2026-03-26,5,2026,3,2025,5301607000.0,1125251000.0,7711541000.0,3159188000.0,0.2122471544948541,22.391275819093536,0.5958925284352461,7750652000.0,-0.0050461561169306,1
720005,Raymond James Financial,Financials,2019-11-26,0,2019,11,2019,38830000000.0,1034000000.0,8023000000.0,32187000000.0,0.026628895184135977,24.38245898068999,0.828920937419521,,,0
720005,Raymond James Financial,Financials,2020-11-24,0,2020,11,2020,47482000000.0,818000000.0,8168000000.0,40306000000.0,0.01722758097805484,24.58361652879989,0.8488690451118318,8023000000.0,0.018073040009971342,0
720005,Raymond James Financial,Financials,2021-11-23,1,2021,11,2021,61891000000.0,1403000000.0,9910000000.0,53588000000.0,0.022668885621495855,24.84864061026629,0.865844791649836,8168000000.0,0.21327130264446614,1
720005,Raymond James Financial,Financials,2022-11-22,1,2022,11,2022,80951000000.0,1509000000.0,11308000000.0,71519000000.0,0.018640906227223877,25.11710987029826,0.8834850712159208,9910000000.0,0.14106962663975775,1
720005,Raymond James Financial,Financials,2023-11-21,1,2023,11,2023,78360000000.0,1739000000.0,12992000000.0,68173000000.0,0.022192445125063808,25.08457943002275,0.8699974476773864,11308000000.0,0.14892111779271322,1
720005,Raymond James Financial,Financials,2024-11-26,3,2024,11,2024,82992000000.0,2068000000.0,14923000000.0,71325000000.0,0.024918064391748602,25.142010054555456,0.8594201850780798,12992000000.0,0.14862992610837433,1
720005,Raymond James Financial,Financials,2025-11-25,2,2025,11,2025,88230000000.0,2135000000.0,15912000000.0,75726000000.0,0.024198118553779895,25.203212878180423,0.8582794967698062,14923000000.0,0.06627353749246123,1
721371,Cardinal Health,Health Care,2019-08-20,0,2019,8,2019,40963000000.0,1363000000.0,145534000000.0,40963000000.0,0.0332739301320704,24.435935057183084,1.0,,,0
721371,Cardinal Health,Health Care,2020-08-13,0,2020,8,2020,40766000000.0,-3696000000.0,152922000000.0,40766000000.0,-0.09066378845116028,24.43111423760795,1.0,145534000000.0,0.05076476974452704,0
721371,Cardinal Health,Health Care,2021-08-16,0,2021,8,2021,44453000000.0,611000000.0,162467000000.0,44453000000.0,0.01374485411558275,24.517698288192427,1.0,152922000000.0,0.06241744157152018,0
721371,Cardinal Health,Health Care,2022-08-11,0,2022,8,2022,43878000000.0,-938000000.0,181326000000.0,43878000000.0,-0.021377455672546605,24.50467889246328,1.0,162467000000.0,0.11607895757292241,0
721371,Cardinal Health,Health Care,2023-08-15,0,2023,8,2023,43349000000.0,330000000.0,204979000000.0,43349000000.0,0.007612632355994371,24.49254947185614,1.0,181326000000.0,0.130444613568931,0
721371,Cardinal Health,Health Care,2024-08-14,8,2024,8,2024,45121000000.0,852000000.0,226827000000.0,45121000000.0,0.018882560226945323,24.532613607011186,1.0,204979000000.0,0.10658652837607763,1
721371,Cardinal Health,Health Care,2025-08-12,4,2025,8,2025,53122000000.0,1561000000.0,222578000000.0,53122000000.0,0.02938518881066225,24.69585699200823,1.0,226827000000.0,-0.018732337861013026,1
723125,Micron Technology,Information Technology,2019-10-17,9,2019,10,2019,48887000000.0,6313000000.0,23406000000.0,12019000000.0,0.12913453474338782,24.612777349412458,0.24585268067175323,,,1
723125,Micron Technology,Information Technology,2020-10-19,20,2020,10,2020,53678000000.0,2687000000.0,21435000000.0,14682000000.0,0.05005775177912739,24.706269071091604,0.27351987778978354,23406000000.0,-0.08420917713406817,1
723125,Micron Technology,Information Technology,2021-10-08,15,2021,10,2021,58849000000.0,5861000000.0,27705000000.0,14916000000.0,0.09959387585175619,24.798240678154883,0.25346225084538393,21435000000.0,0.29251224632610207,1
723125,Micron Technology,Information Technology,2022-10-07,9,2022,10,2022,66283000000.0,8687000000.0,30758000000.0,16376000000.0,0.1310592459605027,24.917199291003087,0.24706184089434696,27705000000.0,0.11019671539433307,1
723125,Micron Technology,Information Technology,2023-10-06,10,2023,10,2023,64254000000.0,-5833000000.0,15540000000.0,20134000000.0,-0.09078034052354718,24.8861098155932,0.3133501416254241,30758000000.0,-0.4947655894401457,1
723125,Micron Technology,Information Technology,2024-10-04,10,2024,10,2024,69416000000.0,778000000.0,25111000000.0,24285000000.0,0.011207790711075256,24.9633832254376,0.3498472974530368,15540000000.0,0.6158944658944658,1
723125,Micron Technology,Information Technology,2025-10-03,7,2025,10,2025,82798000000.0,8539000000.0,37378000000.0,28633000000.0,0.1031305103988019,25.139669743456526,0.3458175318244402,25111000000.0,0.4885110111106685,1
723254,Cintas,Industrials,2019-07-26,0,2019,7,2019,7436662000.0,884981000.0,1793730000.0,7436662000.0,0.11900245029288678,22.729687929201255,1.0,,,0
723254,Cintas,Industrials,2020-07-29,0,2020,7,2020,7669885000.0,876037000.0,1619584000.0,7669885000.0,0.11421774902752779,22.760567458732076,1.0,1793730000.0,-0.09708596054032659,0
723254,Cintas,Industrials,2021-07-28,0,2021,7,2021,8236823000.0,1110968000.0,7116340000.0,8236823000.0,0.13487821700187075,22.83188054826867,1.0,1619584000.0,3.3939307871650994,0
723254,Cintas,Industrials,2022-07-27,0,2022,7,2022,8147256000.0,1235757000.0,7854459000.0,8147256000.0,0.15167769369220754,22.820947020390786,1.0,7116340000.0,0.1037217165003359,0
723254,Cintas,Industrials,2023-07-27,0,2023,7,2023,8546356000.0,1348010000.0,8815769000.0,8546356000.0,0.15772921230990145,22.868770830216135,1.0,7854459000.0,0.12239035177343216,0
723254,Cintas,Industrials,2024-07-25,2,2024,7,2024,9168817000.0,1571592000.0,9596615000.0,9168817000.0,0.17140619122401504,22.939074107258996,1.0,8815769000.0,0.08857378182209619,1
723254,Cintas,Industrials,2025-07-28,2,2025,7,2025,9825241000.0,1812281000.0,10340181000.0,9825241000.0,0.18445155696435334,23.008220523662985,1.0,9596615000.0,0.0774821121822642,1
723254,Cintas,Industrials,2026-07-29,3,2026,7,2026,,,,,,,,10340181000.0,,1
723531,Paychex,Industrials,2019-07-24,2,2019,7,2019,8676000000.0,,3772500000.0,6056500000.0,,22.88382642991104,0.6980751498386353,,,1
723531,Paychex,Industrials,2020-07-17,5,2020,7,2020,8550700000.0,,4040500000.0,5769300000.0,,22.869278987888833,0.6747166898616488,3772500000.0,0.07104042412193512,1
723531,Paychex,Industrials,2021-07-16,6,2021,7,2021,9227200000.0,,4056800000.0,6279200000.0,,22.945421480825424,0.6805097971215537,4040500000.0,0.004034154188838013,1
723531,Paychex,Industrials,2022-07-15,4,2022,7,2022,9635200000.0,,4611700000.0,6550000000.0,,22.988688896251688,0.6797990700763866,4056800000.0,0.13678268586077702,1
723531,Paychex,Industrials,2023-07-14,5,2023,7,2023,10546400000.0,,5007100000.0,7053200000.0,,23.079050406408033,0.6687779716301298,4611700000.0,0.08573844786087559,1
723531,Paychex,Industrials,2024-07-11,7,2024,7,2024,10383100000.0,1690400000.0,5278300000.0,6582100000.0,0.16280301644017683,23.063445321349153,0.6339243578507382,5007100000.0,0.0541630884144515,1
723531,Paychex,Industrials,2025-07-11,17,2025,7,2025,16564100000.0,1657300000.0,5571700000.0,12436100000.0,0.10005373065847224,23.53050353980059,0.7507863391310122,5278300000.0,0.055586078851145304,1
723531,Paychex,Industrials,2026-07-17,10,2026,7,2026,16174500000.0,1760100000.0,6512000000.0,12439400000.0,0.10881943800426598,23.50670176495451,0.7690747782002535,5571700000.0,0.1687635730566972,1
726728,Realty Income,Real Estate,2019-02-22,0,2019,2,2018,15260483000.0,363614000.0,1327838000.0,7139505000.0,0.023827161958111024,23.448532513677975,0.46784266264704727,,,0
726728,Realty Income,Real Estate,2020-02-24,0,2020,2,2019,18554796000.0,436482000.0,1488163000.0,8750638000.0,0.023523944968190436,23.643994137057387,0.4716105744304599,1327838000.0,0.12074138562083636,0
726728,Realty Income,Real Estate,2021-02-23,0,2021,2,2020,20740285000.0,395486000.0,1647087000.0,9722555000.0,0.019068493996104684,23.755343781215576,0.4687763451659415,1488163000.0,0.10679206511652284,0
726728,Realty Income,Real Estate,2022-02-23,0,2022,2,2021,43137502000.0,359456000.0,2080463000.0,18008102000.0,0.008332795904593642,24.487658571733906,0.41745815508742257,1647087000.0,0.2631166416831654,0
726728,Realty Income,Real Estate,2023-02-22,0,2023,2,2022,49673092000.0,869408000.0,3343681000.0,20829803000.0,0.01750259476498866,24.628729214983814,0.419337757351606,2080463000.0,0.6071811899562742,0
726728,Realty Income,Real Estate,2024-02-21,0,2024,2,2023,57779357000.0,872309000.0,4078993000.0,24672388000.0,0.015097243120929851,24.779897403504442,0.4270104286553414,3343681000.0,0.21991093049845367,0
726728,Realty Income,Real Estate,2025-02-25,0,2025,2,2024,68835039000.0,860772000.0,5271142000.0,29783353000.0,0.012504852361600318,24.954978740033393,0.4326772154512762,4078993000.0,0.2922655174941462,0
726728,Realty Income,Real Estate,2026-02-25,4,2026,2,2025,72795612000.0,1058590000.0,5749377000.0,32671644000.0,0.0145419479404885,25.010921515607183,0.4488133707839423,5271142000.0,0.09072701892682833,1
726958,Casey's,Consumer Staples,2019-06-28,0,2019,6,2018,3469927000.0,317903000.0,8391124000.0,2198786000.0,0.09161662478778372,21.96739939321991,0.6336692385747597,,,0
726958,Casey's,Consumer Staples,2020-06-26,0,2020,6,2019,3731376000.0,203886000.0,9352910000.0,2322607000.0,0.054640968907984616,22.040042903379252,0.6224532183301816,8391124000.0,0.11461944788326339,0
726958,Casey's,Consumer Staples,2021-06-25,0,2021,6,2020,3943892000.0,263846000.0,9175296000.0,2300687000.0,0.06689990496697171,22.09543388994473,0.5833544630532479,9352910000.0,-0.018990239401426967,0
726958,Casey's,Consumer Staples,2022-06-24,0,2022,6,2021,4460314000.0,312900000.0,8707189000.0,2527635000.0,0.07015201171935428,22.21848500408761,0.566694407613455,9175296000.0,-0.05101819058480506,0
726958,Casey's,Consumer Staples,2023-06-23,0,2023,6,2022,5505730000.0,339790000.0,12952594000.0,3264892000.0,0.06171570345803372,22.429055205050723,0.5929989302054405,8707189000.0,0.48757469259022623,0
726958,Casey's,Consumer Staples,2024-06-24,0,2024,6,2023,5943270000.0,446691000.0,15094475000.0,3282604000.0,0.07515912957008515,22.505525323899153,0.552322879492266,12952594000.0,0.16536309252030912,0
726958,Casey's,Consumer Staples,2025-06-23,0,2025,6,2024,6347433000.0,501972000.0,14862913000.0,3332052000.0,0.07908267798966921,22.571316316150654,0.5249448083973474,15094475000.0,-0.015340844911797213,0
726958,Casey's,Consumer Staples,2026-06-22,5,2026,6,2025,8208118000.0,546520000.0,15940899000.0,4699448000.0,0.06658286345298642,22.828389501489813,0.5725366033967835,14862913000.0,0.07252858171207754,1
728535,J.B. Hunt,Industrials,2019-02-22,0,2019,2,2018,5091647000.0,489585000.0,,2990263000.0,0.09615454488498515,22.350867190808042,0.5872879639927906,,,0
728535,J.B. Hunt,Industrials,2020-03-02,0,2020,3,2019,5470854000.0,516320000.0,,3203825000.0,0.0943764903980256,22.42270056550861,0.5856169804567989,,,0
728535,J.B. Hunt,Industrials,2021-02-23,0,2021,2,2020,5928348000.0,506035000.0,,3328210000.0,0.08535851808969379,22.503011427670597,0.5614059768421152,,,0
728535,J.B. Hunt,Industrials,2022-02-25,0,2022,2,2021,6794348000.0,760806000.0,,3676532000.0,0.11197630736606368,22.639356927039195,0.5411162336695147,,,0
728535,J.B. Hunt,Industrials,2023-02-24,0,2023,2,2022,7787000000.0,969351000.0,,4119814000.0,0.12448324129960191,22.77572151354126,0.5290630538076281,,,0
728535,J.B. Hunt,Industrials,2024-02-23,0,2024,2,2023,8588000000.0,728287000.0,,4484390000.0,0.08480286446204005,22.873631716962947,0.5221693060083837,,,0
728535,J.B. Hunt,Industrials,2025-02-21,0,2025,2,2024,8312270000.0,570886000.0,,4297765000.0,0.0686799153540489,22.840998573372655,0.5170386669345437,,,0
728535,J.B. Hunt,Industrials,2026-02-24,2,2026,2,2025,7927155000.0,598282000.0,,4362070000.0,0.07547247404648956,22.793560044035267,0.5502692958570887,,,1
731766,UnitedHealth Group,Health Care,2019-02-12,0,2019,2,2018,152221000000.0,11986000000.0,226247000000.0,95994000000.0,0.07874077821062797,25.74859924920305,0.6306225816411665,,,0
731766,UnitedHealth Group,Health Care,2020-02-14,0,2020,2,2019,173889000000.0,13839000000.0,242155000000.0,111727000000.0,0.07958525266118041,25.88168300156188,0.6425190782625698,226247000000.0,0.07031253453084463,0
731766,UnitedHealth Group,Health Care,2021-03-01,0,2021,3,2020,197289000000.0,15403000000.0,257141000000.0,126750000000.0,0.07807328335588908,26.00793549575982,0.642458525310585,242155000000.0,0.06188598211889085,0
731766,UnitedHealth Group,Health Care,2022-02-15,0,2022,2,2021,212206000000.0,17285000000.0,287597000000.0,135727000000.0,0.08145387029584461,26.08082333793862,0.639600199805849,257141000000.0,0.11844085540617799,0
731766,UnitedHealth Group,Health Care,2023-02-24,0,2023,2,2022,245705000000.0,20120000000.0,324162000000.0,159358000000.0,0.08188681549012027,26.227397466286835,0.6485745100832299,287597000000.0,0.12713971286209524,0
731766,UnitedHealth Group,Health Care,2024-02-28,3,2024,2,2023,273720000000.0,22381000000.0,371622000000.0,174801000000.0,0.08176603828730089,26.33537152303071,0.6386124506795265,324162000000.0,0.14640827734281014,1
731766,UnitedHealth Group,Health Care,2025-02-27,3,2025,2,2024,298278000000.0,14405000000.0,400278000000.0,195687000000.0,0.04829387350055988,26.421291774490232,0.6560557600627602,371622000000.0,0.07711061239646733,1
731766,UnitedHealth Group,Health Care,2026-03-02,3,2026,3,2025,309581000000.0,12056000000.0,447567000000.0,207883000000.0,0.03894295838568904,26.458485607269754,0.6714979278444091,400278000000.0,0.11814039242726304,1
731802,Atmos Energy,Utilities,2019-11-12,0,2019,11,2019,13367619000.0,511406000.0,2901848000.0,13367619000.0,0.03825707480142874,23.31610112693568,1.0,,,0
731802,Atmos Energy,Utilities,2020-11-13,0,2020,11,2020,15359032000.0,601443000.0,2821137000.0,15359032000.0,0.0391589131398385,23.454969541846708,1.0,2901848000.0,-0.02781365529827884,0
731802,Atmos Energy,Utilities,2021-11-12,0,2021,11,2021,19608662000.0,665563000.0,3407490000.0,19608662000.0,0.03394229550185525,23.699237244332213,1.0,2821137000.0,0.20784279529849137,0
731802,Atmos Energy,Utilities,2022-11-14,0,2022,11,2022,22192989000.0,774398000.0,4201662000.0,22192989000.0,0.034893812636053664,23.823042265135097,1.0,3407490000.0,0.2330665680603612,0
731802,Atmos Energy,Utilities,2023-11-14,0,2023,11,2023,22516968000.0,885862000.0,4275357000.0,22516968000.0,0.03934197534943426,23.83753499527446,1.0,4201662000.0,0.017539487945484433,0
731802,Atmos Energy,Utilities,2024-11-18,0,2024,11,2024,25194465000.0,1042895000.0,4165187000.0,25194465000.0,0.04139381407781431,23.94989016448162,1.0,4275357000.0,-0.025768608329082232,0
731802,Atmos Energy,Utilities,2025-11-14,0,2025,11,2025,28249522000.0,1198754000.0,4702755000.0,28249522000.0,0.04243448791806106,24.06434237404173,1.0,4165187000.0,0.12906215255161424,0
732712,Verizon,Communication Services,2019-02-15,2,2019,2,2018,264829000000.0,15528000000.0,130863000000.0,264829000000.0,0.058634061979617035,26.302350171629072,1.0,,,1
732712,Verizon,Communication Services,2020-02-21,3,2020,2,2019,291727000000.0,19265000000.0,131868000000.0,291727000000.0,0.06603776818738066,26.399084270386787,1.0,130863000000.0,0.007679787258430659,1
732712,Verizon,Communication Services,2021-02-25,3,2021,2,2020,316481000000.0,17801000000.0,128292000000.0,316481000000.0,0.05624666251686515,26.4805290451331,1.0,131868000000.0,-0.027118027118027133,1
732712,Verizon,Communication Services,2022-02-11,4,2022,2,2021,366596000000.0,22065000000.0,133613000000.0,366596000000.0,0.06018887276456917,26.62752626121775,1.0,128292000000.0,0.041475696068344,1
732712,Verizon,Communication Services,2023-02-10,4,2023,2,2022,379680000000.0,21256000000.0,136835000000.0,379680000000.0,0.05598398651495996,26.662594629633865,1.0,133613000000.0,0.024114420004041515,1
732712,Verizon,Communication Services,2024-02-09,2,2024,2,2023,380255000000.0,11614000000.0,133974000000.0,380255000000.0,0.030542662160918332,26.66410791724328,1.0,136835000000.0,-0.02090839332042238,1
732712,Verizon,Communication Services,2025-02-12,5,2025,2,2024,384711000000.0,17506000000.0,134788000000.0,384711000000.0,0.045504287634094163,26.67575824000525,1.0,133974000000.0,0.006075805753355201,1
732712,Verizon,Communication Services,2026-02-17,7,2026,2,2025,404258000000.0,17174000000.0,138191000000.0,404258000000.0,0.042482770903729795,26.725319124941887,1.0,134788000000.0,0.02524705463394361,1
732717,AT&T,Communication Services,2019-02-20,0,2019,2,2018,531864000000.0,19370000000.0,170756000000.0,531864000000.0,0.03641908457801243,26.999653654509068,1.0,,,0
732717,AT&T,Communication Services,2020-02-20,0,2020,2,2019,551669000000.0,13903000000.0,181193000000.0,551669000000.0,0.02520170609550292,27.036214065687773,1.0,170756000000.0,0.06112230316943479,0
732717,AT&T,Communication Services,2021-02-25,2,2021,2,2020,525761000000.0,-5176000000.0,143050000000.0,525761000000.0,-0.009844777379836085,26.988112573802027,1.0,181193000000.0,-0.21051033980341405,1
732717,AT&T,Communication Services,2022-02-16,2,2022,2,2021,551622000000.0,20081000000.0,134038000000.0,551622000000.0,0.036403551707509856,27.03612886604411,1.0,143050000000.0,-0.06299895141558898,1
732717,AT&T,Communication Services,2023-02-13,2,2023,2,2022,402853000000.0,-8524000000.0,120741000000.0,402853000000.0,-0.02115908284163206,26.721837568082435,1.0,134038000000.0,-0.09920321102970797,1
732717,AT&T,Communication Services,2024-02-23,6,2024,2,2023,407060000000.0,14400000000.0,122428000000.0,407060000000.0,0.03537562030167543,26.732226431671144,1.0,120741000000.0,0.013972055888223478,1
732717,AT&T,Communication Services,2025-02-12,6,2025,2,2024,394795000000.0,10948000000.0,122336000000.0,394795000000.0,0.027730847655112148,26.701632479785218,1.0,122428000000.0,-0.000751462083837029,1
732717,AT&T,Communication Services,2026-02-09,4,2026,2,2025,420198000000.0,21953000000.0,125648000000.0,420198000000.0,0.05224441810765401,26.763991865707716,1.0,122336000000.0,0.027072979335600378,1
740260,Ventas,Real Estate,2019-02-08,0,2019,2,2018,22584555000.0,,3745810000.0,12124820000.0,,23.840532102515937,0.5368633563955544,,,0
740260,Ventas,Real Estate,2020-02-24,0,2020,2,2019,24692208000.0,,3872750000.0,13873078000.0,,23.929753565223564,0.561840318208886,3745810000.0,0.03388853145247617,0
740260,Ventas,Real Estate,2021-02-23,0,2021,2,2020,23929404000.0,,3795357000.0,13415723000.0,,23.898373832580774,0.5606375737565382,3872750000.0,-0.01998399070427992,0
740260,Ventas,Real Estate,2022-02-18,0,2022,2,2021,24717786000.0,,3828007000.0,13491743000.0,,23.93078890241809,0.5458313701720696,3795357000.0,0.008602616301971011,0
740260,Ventas,Real Estate,2023-02-10,0,2023,2,2022,24157840000.0,,4129193000.0,13671513000.0,,23.90787480204274,0.5659244783474019,3828007000.0,0.07867958444172118,0
740260,Ventas,Real Estate,2024-02-15,1,2024,2,2023,24725433000.0,,4497827000.0,14878392000.0,,23.931098226940872,0.6017444466998818,4129193000.0,0.08927507142436797,1
740260,Ventas,Real Estate,2025-02-13,1,2025,2,2024,26186906000.0,,4924266000.0,15047081000.0,,23.988525351793946,0.5746032387331287,4497827000.0,0.09481000492015368,1
740260,Ventas,Real Estate,2026-02-06,7,2026,2,2025,27591945000.0,,5833980000.0,14630983000.0,,24.040789719247567,0.530262835766018,4924266000.0,0.18474103551676535,1
745732,Ross Stores,Consumer Discretionary,2019-04-02,0,2019,4,2018,5722051000.0,1362753000.0,14134732000.0,5722051000.0,0.23815813595509722,22.467593144502104,1.0,,,0
745732,Ross Stores,Consumer Discretionary,2020-03-31,0,2020,3,2019,6073691000.0,1587457000.0,14983541000.0,6073691000.0,0.26136611164446794,22.527232329704297,1.0,14134732000.0,0.060051297753646926,0
745732,Ross Stores,Consumer Discretionary,2021-03-30,0,2021,3,2020,9348367000.0,1660928000.0,16039073000.0,9348367000.0,0.17767038884973171,22.95846751258708,1.0,14983541000.0,0.07044609815530256,0
745732,Ross Stores,Consumer Discretionary,2022-03-29,0,2022,3,2021,12717867000.0,85382000.0,12531565000.0,12717867000.0,0.006713547169505704,23.266273692117824,1.0,16039073000.0,-0.21868520705654249,0
745732,Ross Stores,Consumer Discretionary,2023-03-28,0,2023,3,2022,13640256000.0,1722589000.0,18916244000.0,13640256000.0,0.12628714593039897,23.33629125751405,1.0,12531565000.0,0.5094877615046485,0
745732,Ross Stores,Consumer Discretionary,2024-04-02,1,2024,4,2023,13416463000.0,1512041000.0,18695829000.0,13416463000.0,0.11270041888089283,23.319748371903433,1.0,18916244000.0,-0.011652154624353539,1
745732,Ross Stores,Consumer Discretionary,2025-04-01,1,2025,4,2024,14300109000.0,1874520000.0,20376941000.0,14300109000.0,0.13108431551116148,23.383532996560845,1.0,18695829000.0,0.08991909371871132,1
745732,Ross Stores,Consumer Discretionary,2026-03-31,2,2026,3,2025,14905332000.0,2090730000.0,21129219000.0,14905332000.0,0.14026725469784906,23.424984838232938,1.0,20376941000.0,0.03691810267301654,1
746515,Expeditors International,Industrials,2019-02-22,0,2019,2,2018,3314559000.0,618199000.0,8138365000.0,3314559000.0,0.18651018129410277,21.92159042006053,1.0,,,0
746515,Expeditors International,Industrials,2020-02-21,0,2020,2,2019,3691884000.0,590395000.0,7942417000.0,3691884000.0,0.15991699630865974,22.02940273380848,1.0,8138365000.0,-0.024077071991733034,0
746515,Expeditors International,Industrials,2021-02-19,2,2021,2,2020,4927503000.0,696140000.0,9584393000.0,4927503000.0,0.14127642337305527,22.31809820581897,1.0,7942417000.0,0.20673505307011708,1
746515,Expeditors International,Industrials,2022-03-15,0,2022,3,2021,7609929000.0,1415492000.0,16523517000.0,7609929000.0,0.1860059403970786,22.752719678947308,1.0,9584393000.0,0.7240024485640353,0
746515,Expeditors International,Industrials,2023-03-01,0,2023,3,2022,5590434000.0,1357399000.0,17071284000.0,5590434000.0,0.24280744571888335,22.444322759740125,1.0,16523517000.0,0.03315075113851362,0
746515,Expeditors International,Industrials,2024-02-23,0,2024,2,2023,4523809000.0,752883000.0,9300110000.0,4523809000.0,0.16642678769152278,22.23262017503405,1.0,17071284000.0,-0.45521906846608606,0
746515,Expeditors International,Industrials,2025-02-21,1,2025,2,2024,4754458000.0,810073000.0,10600515000.0,4754458000.0,0.17038177642961616,22.282348541168297,1.0,9300110000.0,0.1398268407577974,1
746515,Expeditors International,Industrials,2026-02-25,9,2026,2,2025,4893638000.0,810332000.0,11069009000.0,4893638000.0,0.16558887273639775,22.31120183110688,1.0,10600515000.0,0.0441953999404745,1
749251,Gartner,Information Technology,2019-02-22,0,2019,2,2018,6201474000.0,122456000.0,3975454000.0,5350717000.0,0.019746273224720445,22.548052842676803,0.8628137439582912,,,0
749251,Gartner,Information Technology,2020-02-19,0,2020,2,2019,7151294000.0,233290000.0,4245321000.0,6212701000.0,0.032622068118021715,22.69055915629858,0.8687520048819137,3975454000.0,0.06788331596844044,0
749251,Gartner,Information Technology,2021-02-24,0,2021,2,2020,7315967000.0,266745000.0,4099403000.0,6225539000.0,0.036460662001345824,22.713325056803296,0.8509523074666685,4245321000.0,-0.034371488045309206,0
749251,Gartner,Information Technology,2022-02-23,0,2022,2,2021,7416324000.0,793560000.0,4733962000.0,7045266000.0,0.10700179765608946,22.726949353576003,0.9499673962464423,4099403000.0,0.15479302717981125,0
749251,Gartner,Information Technology,2023-02-16,2,2023,2,2022,7299736000.0,807799000.0,5475846000.0,7071938000.0,0.11066139926156233,22.711104020063246,0.9687936659627143,4733962000.0,0.15671524190519492,1
749251,Gartner,Information Technology,2024-02-15,9,2024,2,2023,7835919000.0,882466000.0,5906956000.0,7155285000.0,0.11261806049807305,22.781984000068693,0.9131392246397646,5475846000.0,0.07872938720336542,1
749251,Gartner,Information Technology,2025-02-13,11,2025,2,2024,8534671000.0,1253715000.0,6267411000.0,7175502000.0,0.14689669935724528,22.867402645291097,0.8407473469100332,5906956000.0,0.06102212374698568,1
749251,Gartner,Information Technology,2026-02-12,13,2026,2,2025,8085400000.0,729231000.0,6497226000.0,7765492000.0,0.0901910851658545,22.813325803086858,0.9604338684542508,6267411000.0,0.0366682510529468,1
753308,NextEra Energy,Utilities,2019-02-15,0,2019,2,2018,103702000000.0,6638000000.0,,103702000000.0,0.06401033731268442,25.364787238398996,1.0,,,0
753308,NextEra Energy,Utilities,2020-02-14,0,2020,2,2019,117691000000.0,3769000000.0,,75844000000.0,0.03202453883474522,25.491328382698516,0.644433304160896,,,0
753308,NextEra Energy,Utilities,2021-02-12,0,2021,2,2020,127684000000.0,2919000000.0,,82755000000.0,0.022861125904576923,25.57282429847799,0.6481234923717929,,,0
753308,NextEra Energy,Utilities,2022-02-18,0,2022,2,2021,140912000000.0,3573000000.0,,95243000000.0,0.02535625070966277,25.671401419009516,0.6759041103667537,,,0
753308,NextEra Energy,Utilities,2023-02-17,0,2023,2,2022,158935000000.0,4147000000.0,,109499000000.0,0.026092427722024726,25.79176115055164,0.6889546040834303,,,0
753308,NextEra Energy,Utilities,2024-02-16,1,2024,2,2023,177489000000.0,7310000000.0,,118465000000.0,0.0411856509417485,25.902174472110563,0.6674498137912772,,,1
753308,NextEra Energy,Utilities,2025-02-14,2,2025,2,2024,190144000000.0,6946000000.0,,129283000000.0,0.0365302086839448,25.971047516786555,0.6799215331538203,,,1
753308,NextEra Energy,Utilities,2026-02-13,7,2026,2,2025,212721000000.0,6835000000.0,,146242000000.0,0.032131289341437844,26.083247284885548,0.687482665087133,,,1
759944,Citizens Financial Group,Financials,2019-02-21,0,2019,2,2018,160518000000.0,1721000000.0,6128000000.0,139701000000.0,0.010721539017431067,25.801671922760903,0.870313609688633,,,0
759944,Citizens Financial Group,Financials,2020-02-24,0,2020,2,2019,165733000000.0,1791000000.0,6491000000.0,143532000000.0,0.010806538227148485,25.833643896649765,0.8660435761133872,6128000000.0,0.05923629242819839,0
759944,Citizens Financial Group,Financials,2021-02-23,2,2021,2,2020,183349000000.0,1057000000.0,6905000000.0,160676000000.0,0.00576496190325554,25.93465727739924,0.8763396582473861,6491000000.0,0.0637806193190571,1
759944,Citizens Financial Group,Financials,2022-02-23,4,2022,2,2021,188409000000.0,2319000000.0,6647000000.0,164989000000.0,0.012308329219941723,25.961880968648327,0.8756959593225376,6905000000.0,-0.03736422881969592,1
759944,Citizens Financial Group,Financials,2023-02-17,3,2023,2,2022,226733000000.0,2073000000.0,8021000000.0,203043000000.0,0.00914291258881592,26.14703895069448,0.8955158710906661,6647000000.0,0.2067097938919813,1
759944,Citizens Financial Group,Financials,2024-02-16,3,2024,2,2023,221964000000.0,1608000000.0,8224000000.0,197622000000.0,0.007244418013731956,26.125781043506823,0.8903335676055577,8021000000.0,0.025308565016830764,1
759944,Citizens Financial Group,Financials,2025-02-13,7,2025,2,2024,217521000000.0,1509000000.0,7809000000.0,193267000000.0,0.006937261229950212,26.10556123453847,0.8884981220204027,8224000000.0,-0.05046206225680938,1
759944,Citizens Financial Group,Financials,2026-02-12,5,2026,2,2025,226351000000.0,1831000000.0,8247000000.0,200034000000.0,0.008089206586231119,26.145352728755444,0.8837336702731599,7809000000.0,0.05608912792931231,1
764180,Altria,Consumer Staples,2019-02-26,0,2019,2,2018,55459000000.0,6963000000.0,25364000000.0,40631000000.0,0.12555220974052905,24.73890984595814,0.7326313132223805,,,0
764180,Altria,Consumer Staples,2020-02-25,0,2020,2,2019,49271000000.0,-1293000000.0,25110000000.0,42914000000.0,-0.026242617361125205,24.620601509622677,0.8709788719530759,25364000000.0,-0.010014193344898281,0
764180,Altria,Consumer Staples,2021-02-26,0,2021,2,2020,47414000000.0,4467000000.0,26153000000.0,44449000000.0,0.09421267979921542,24.582183380687454,0.9374657274222803,25110000000.0,0.04153723616089211,0
764180,Altria,Consumer Staples,2022-02-25,0,2022,2,2021,39523000000.0,2475000000.0,26013000000.0,41129000000.0,0.06262176454216532,24.400148617876162,1.0406345672140274,26153000000.0,-0.005353114365464817,0
764180,Altria,Consumer Staples,2023-02-27,0,2023,2,2022,36954000000.0,5764000000.0,25096000000.0,40877000000.0,0.1559777020079017,24.33293973287937,1.1061590084970503,26013000000.0,-0.035251604966747396,0
764180,Altria,Consumer Staples,2024-02-27,4,2024,2,2023,38570000000.0,8130000000.0,24483000000.0,42060000000.0,0.2107855846512834,24.37574060916655,1.0904848327715841,25096000000.0,-0.02442620337902457,1
764180,Altria,Consumer Staples,2025-02-26,4,2025,2,2024,35177000000.0,11264000000.0,24018000000.0,37365000000.0,0.3202092276203201,24.2836582968948,1.0621997327799415,24483000000.0,-0.018992770493811983,1
764180,Altria,Consumer Staples,2026-02-25,4,2026,2,2025,35017000000.0,6947000000.0,23279000000.0,38469000000.0,0.19838935374246794,24.279099494800537,1.0985806893794443,24018000000.0,-0.030768590223998693,1
764478,Best Buy,Consumer Discretionary,2019-03-28,1,2019,3,2018,13049000000.0,1000000000.0,42151000000.0,13049000000.0,0.07663422484481569,23.29197733942652,1.0,,,1
764478,Best Buy,Consumer Discretionary,2020-03-23,1,2020,3,2019,12901000000.0,1464000000.0,42879000000.0,12901000000.0,0.11347957522672661,23.28057066468941,1.0,42151000000.0,0.01727123911650974,1
764478,Best Buy,Consumer Discretionary,2021-03-19,2,2021,3,2020,15591000000.0,1541000000.0,43638000000.0,15591000000.0,0.09883907382464242,23.46995966164083,1.0,42879000000.0,0.017700972504022916,1
764478,Best Buy,Consumer Discretionary,2022-03-18,9,2022,3,2021,19067000000.0,1798000000.0,47262000000.0,19067000000.0,0.09429905071589657,23.67122492902872,1.0,43638000000.0,0.08304688574178476,1
764478,Best Buy,Consumer Discretionary,2023-03-17,3,2023,3,2022,17504000000.0,2454000000.0,51761000000.0,17504000000.0,0.1401965265082267,23.585695263185983,1.0,47262000000.0,0.09519275527908255,1
764478,Best Buy,Consumer Discretionary,2024-03-15,3,2024,3,2023,15803000000.0,1419000000.0,46298000000.0,15803000000.0,0.08979307726381067,23.483465632373377,1.0,51761000000.0,-0.10554278317652288,1
764478,Best Buy,Consumer Discretionary,2025-03-19,7,2025,3,2024,14967000000.0,1241000000.0,43452000000.0,14967000000.0,0.08291574797888689,23.42911361449342,1.0,46298000000.0,-0.061471337854766994,1
764478,Best Buy,Consumer Discretionary,2026-03-18,2,2026,3,2025,14782000000.0,927000000.0,41528000000.0,14782000000.0,0.06271140576376674,23.416676061309108,1.0,43452000000.0,-0.0442787443615944,1
764622,Pinnacle West Capital,Utilities,2019-02-22,2,2019,2,2018,17664202000.0,,3691247000.0,17664202000.0,,23.594805942664117,1.0,,,1
764622,Pinnacle West Capital,Utilities,2020-02-21,1,2020,2,2019,18479247000.0,,3471209000.0,18479247000.0,,23.63991415557653,1.0,3691247000.0,-0.05961074942966427,1
764622,Pinnacle West Capital,Utilities,2021-02-24,1,2021,2,2020,20020421000.0,,3586982000.0,20020421000.0,,23.720018639583408,1.0,3471209000.0,0.033352356484440904,1
764622,Pinnacle West Capital,Utilities,2022-02-25,1,2022,2,2021,22003222000.0,,3803835000.0,22003222000.0,,23.814454734126763,1.0,3586982000.0,0.06045555846112416,1
764622,Pinnacle West Capital,Utilities,2023-02-27,1,2023,2,2022,22723405000.0,,4324385000.0,22723405000.0,,23.846661287528025,1.0,3803835000.0,0.13684873292348376,1
764622,Pinnacle West Capital,Utilities,2024-02-27,3,2024,2,2023,24661153000.0,,4695991000.0,24661153000.0,,23.928495089469557,1.0,4324385000.0,0.08593268175705915,1
764622,Pinnacle West Capital,Utilities,2025-02-25,7,2025,2,2024,26102760000.0,,5124915000.0,26102760000.0,,23.985306892810662,1.0,4695991000.0,0.0913383351884618,1
764622,Pinnacle West Capital,Utilities,2026-02-25,7,2026,2,2025,30031599000.0,,5339939000.0,30031599000.0,,24.12551596427734,1.0,5124915000.0,0.041956598304557335,1
765880,Healthpeak Properties,Real Estate,2019-02-14,0,2019,2,2018,12718553000.0,1061093000.0,1191320000.0,6205962000.0,0.08342875168267963,23.266327630525836,0.4879456019878991,,,0
765880,Healthpeak Properties,Real Estate,2020-02-13,0,2020,2,2019,14032891000.0,45530000.0,1240339000.0,7365417000.0,0.0032445203201535593,23.36466976827984,0.5248681116385783,1191320000.0,0.04114679515159647,0
765880,Healthpeak Properties,Real Estate,2021-02-10,0,2021,2,2020,15920089000.0,413563000.0,1644875000.0,8572743000.0,0.02597743015130129,23.49084760779928,0.5384858715299896,1240339000.0,0.3261495446003069,0
765880,Healthpeak Properties,Real Estate,2022-02-09,0,2022,2,2021,15257519000.0,505540000.0,1896184000.0,8111415000.0,0.033133827328021025,23.448338267671353,0.5316339438934994,1644875000.0,0.15278303822478922,0
765880,Healthpeak Properties,Real Estate,2023-02-08,0,2023,2,2022,15771229000.0,500449000.0,2061178000.0,8482952000.0,0.03173176928697186,23.481453167668523,0.5378751395975545,1896184000.0,0.08701370753049287,0
765880,Healthpeak Properties,Real Estate,2024-02-09,0,2024,2,2023,15698850000.0,306009000.0,2181003000.0,8773980000.0,0.019492446898976678,23.476853298210237,0.558893167333913,2061178000.0,0.05813423197802425,0
765880,Healthpeak Properties,Real Estate,2025-02-04,4,2025,2,2024,19938255000.0,243142000.0,2700449000.0,10880631000.0,0.012194748236493113,23.715906085113044,0.5457163126863409,2181003000.0,0.23816840233598935,1
765880,Healthpeak Properties,Real Estate,2026-02-03,6,2026,2,2025,20336018000.0,71347000.0,2822512000.0,12033567000.0,0.0035084056278864425,23.735659436522937,0.5917366418538772,2700449000.0,0.04520100175933717,1
766704,Welltower,Real Estate,2019-02-25,0,2019,2,2018,30342072000.0,,4700499000.0,14331427000.0,,24.135801101217883,0.47232855422661973,,,0
766704,Welltower,Real Estate,2020-02-14,0,2020,2,2019,33380751000.0,,5121306000.0,16398247000.0,,24.231245253429112,0.49124859413738176,4700499000.0,0.08952389948386341,0
766704,Welltower,Real Estate,2021-02-10,0,2021,2,2020,32483642000.0,,4605967000.0,15258580000.0,,24.2040024764956,0.46973119578155675,5121306000.0,-0.10062648082344616,0
766704,Welltower,Real Estate,2022-02-16,2,2022,2,2021,34910325000.0,,4742115000.0,15912452000.0,,24.276048467673416,0.4558093343444955,4605967000.0,0.029559048078286354,1
766704,Welltower,Real Estate,2023-02-21,2,2023,2,2022,37893233000.0,,5860615000.0,16499237000.0,,24.35803838428039,0.43541381122059447,4742115000.0,0.23586522047651726,1
766704,Welltower,Real Estate,2024-02-15,0,2024,2,2023,44012166000.0,,6637995000.0,17640439000.0,,24.50773193264559,0.40080824470215803,5860615000.0,0.13264478216023412,0
766704,Welltower,Real Estate,2025-02-12,1,2025,2,2024,51044308000.0,,7991118000.0,18471722000.0,,24.655959876809813,0.36187623505445504,6637995000.0,0.20384513697283602,1
766704,Welltower,Real Estate,2026-02-12,3,2026,2,2025,67303047000.0,,10838034000.0,24100108000.0,,24.932471347460773,0.35808346091671006,7991118000.0,0.3562600377068641,1
769397,Autodesk,Information Technology,2019-03-25,1,2019,3,2018,4113600000.0,-566900000.0,2056600000.0,4113600000.0,-0.13781116297160637,22.137564394475902,1.0,,,1
769397,Autodesk,Information Technology,2020-03-19,5,2020,3,2019,4729200000.0,-80800000.0,2569800000.0,4729200000.0,-0.017085342129747102,22.277021891953233,1.0,2056600000.0,0.24953807254692206,1
769397,Autodesk,Information Technology,2021-03-19,9,2021,3,2020,6179300000.0,214500000.0,3274300000.0,6179300000.0,0.034712669719871185,22.54447083339222,1.0,2569800000.0,0.2741458479259087,1
769397,Autodesk,Information Technology,2022-03-14,9,2022,3,2021,7279800000.0,1208000000.0,3790000000.0,7279800000.0,0.1659386246874914,22.708369226250156,1.0,3274300000.0,0.15749931283022334,1
769397,Autodesk,Information Technology,2023-03-14,8,2023,3,2022,8607000000.0,497000000.0,4386000000.0,8607000000.0,0.05774369699082142,22.875841662613748,1.0,3790000000.0,0.15725593667546178,1
769397,Autodesk,Information Technology,2024-06-10,14,2024,6,2023,9438000000.0,823000000.0,5005000000.0,9438000000.0,0.08720067810976902,22.968009930250606,1.0,4386000000.0,0.14113087095303234,1
769397,Autodesk,Information Technology,2025-03-06,19,2025,3,2024,9912000000.0,906000000.0,5497000000.0,9912000000.0,0.09140435835351089,23.01701198127325,1.0,5005000000.0,0.09830169830169821,1
769397,Autodesk,Information Technology,2026-03-03,21,2026,3,2025,10833000000.0,1112000000.0,6131000000.0,10833000000.0,0.10264931228653189,23.105862867909842,1.0,5497000000.0,0.11533563762052035,1
773840,Honeywell Technologies,Industrials,2019-02-08,9,2019,2,2018,57773000000.0,6765000000.0,41802000000.0,57773000000.0,0.1170962214183096,24.779787375458778,1.0,,,1
773840,Honeywell Technologies,Industrials,2020-02-14,11,2020,2,2019,58679000000.0,6143000000.0,36709000000.0,58679000000.0,0.1046882189539699,24.79534774849452,1.0,41802000000.0,-0.12183627577627865,1
773840,Honeywell Technologies,Industrials,2021-02-12,24,2021,2,2020,64586000000.0,4779000000.0,32637000000.0,64586000000.0,0.07399436410367571,24.891263505981915,1.0,36709000000.0,-0.11092647579612624,1
773840,Honeywell Technologies,Industrials,2022-02-11,17,2022,2,2021,64470000000.0,5542000000.0,34392000000.0,64470000000.0,0.08596246316116023,24.88946583626894,1.0,32637000000.0,0.05377332475411345,1
773840,Honeywell Technologies,Industrials,2023-02-10,18,2023,2,2022,62275000000.0,4966000000.0,35466000000.0,62275000000.0,0.07974307507025291,24.854825898094656,1.0,34392000000.0,0.03122819260293097,1
773840,Honeywell Technologies,Industrials,2024-02-16,27,2024,2,2023,61525000000.0,5658000000.0,33009000000.0,61525000000.0,0.09196261682242991,24.84270943322353,1.0,35466000000.0,-0.06927761800033838,1
773840,Honeywell Technologies,Industrials,2025-02-14,68,2025,2,2024,75196000000.0,5705000000.0,34717000000.0,75196000000.0,0.07586839725517315,25.043363874998125,1.0,33009000000.0,0.051743463903783926,1
773840,Honeywell Technologies,Industrials,2026-02-17,64,2026,2,2025,73681000000.0,4729000000.0,37442000000.0,73681000000.0,0.0641820822192967,25.023010801005487,1.0,34717000000.0,0.07849180516749721,1
779152,Jack Henry & Associates,Financials,2019-08-26,2,2019,8,2019,2184829000.0,271885000.0,1552691000.0,755816000.0,0.12444223323655994,21.50480340156186,0.3459382862457428,,,1
779152,Jack Henry & Associates,Financials,2020-08-25,4,2020,8,2020,2428474000.0,296668000.0,1697067000.0,878786000.0,0.12216231262924783,21.61052891349552,0.36186757609922937,1552691000.0,0.09298437358109246,1
779152,Jack Henry & Associates,Financials,2021-08-25,4,2021,8,2021,2336156000.0,311469000.0,1758225000.0,1016864000.0,0.1333254286100757,21.571772680504573,0.4352723020209267,1697067000.0,0.03603746935153418,1
779152,Jack Henry & Associates,Financials,2022-08-25,5,2022,8,2022,2455564000.0,362916000.0,1942884000.0,1073941000.0,0.1477933379052633,21.62162230704201,0.4373500344523702,1758225000.0,0.10502580727722566,1
779152,Jack Henry & Associates,Financials,2023-08-24,9,2023,8,2023,2773826000.0,366646000.0,2077702000.0,1165316000.0,0.1321806054164897,21.74349343156532,0.4201114273209639,1942884000.0,0.06939065842325132,1
779152,Jack Henry & Associates,Financials,2024-08-26,13,2024,8,2024,2924481000.0,381816000.0,2215543000.0,1082117000.0,0.13055855038894082,21.796382865989184,0.3700201847780854,2077702000.0,0.06634300780381408,1
779152,Jack Henry & Associates,Financials,2025-08-25,13,2025,8,2025,3043970000.0,455748000.0,2375288000.0,913138000.0,0.14972158069888994,21.836428421443934,0.2999825885274822,2215543000.0,0.07210196326589013,1
783325,WEC Energy Group,Utilities,2019-02-26,0,2019,2,2018,33475800000.0,,7679500000.0,33475800000.0,,24.234088626669752,1.0,,,0
783325,WEC Energy Group,Utilities,2020-02-27,0,2020,2,2019,34951800000.0,,7523100000.0,34951800000.0,,24.27723580644596,1.0,7679500000.0,-0.020365909238882707,0
783325,WEC Energy Group,Utilities,2021-02-25,0,2021,2,2020,37028100000.0,,7241700000.0,37028100000.0,,24.33494292080669,1.0,7523100000.0,-0.03740479323683055,0
783325,WEC Energy Group,Utilities,2022-02-24,0,2022,2,2021,38988500000.0,,8316000000.0,38988500000.0,,24.38653256779795,1.0,7241700000.0,0.14834914453788484,0
783325,WEC Energy Group,Utilities,2023-02-23,0,2023,2,2022,41872100000.0,,9597400000.0,41872100000.0,,24.457885570962148,1.0,8316000000.0,0.15408850408850405,0
783325,WEC Energy Group,Utilities,2024-02-22,0,2024,2,2023,43939700000.0,,8893000000.0,43939700000.0,,24.50608407638753,1.0,9597400000.0,-0.07339487777939857,0
783325,WEC Energy Group,Utilities,2025-02-21,2,2025,2,2024,47363200000.0,,8599900000.0,47363200000.0,,24.581111392807145,1.0,8893000000.0,-0.03295850669065559,1
783325,WEC Energy Group,Utilities,2026-02-20,3,2026,2,2025,51518300000.0,,9800100000.0,51518300000.0,,24.665202921303692,1.0,8599900000.0,0.13955976232281775,1
788784,Public Service Enterprise Group,Utilities,2019-02-28,0,2019,2,2018,45326000000.0,1438000000.0,9696000000.0,45326000000.0,0.03172572033711336,24.53714665622315,1.0,,,0
788784,Public Service Enterprise Group,Utilities,2020-02-26,0,2020,2,2019,47730000000.0,1693000000.0,10076000000.0,47730000000.0,0.03547035407500524,24.58882596796422,1.0,9696000000.0,0.03919141914191426,0
788784,Public Service Enterprise Group,Utilities,2021-03-01,0,2021,3,2020,50050000000.0,1905000000.0,9603000000.0,50050000000.0,0.03806193806193806,24.63628834270764,1.0,10076000000.0,-0.04694323144104806,0
788784,Public Service Enterprise Group,Utilities,2022-02-24,0,2022,2,2021,48999000000.0,-648000000.0,9722000000.0,48999000000.0,-0.013224759688973244,24.615065726685522,1.0,9603000000.0,0.01239196084556915,0
788784,Public Service Enterprise Group,Utilities,2023-02-22,0,2023,2,2022,48718000000.0,1031000000.0,9800000000.0,48718000000.0,0.021162609302516525,24.609314408602323,1.0,9722000000.0,0.008023040526640601,0
788784,Public Service Enterprise Group,Utilities,2024-02-26,4,2024,2,2023,50741000000.0,2563000000.0,11237000000.0,50741000000.0,0.050511420744565536,24.650000099240252,1.0,9800000000.0,0.14663265306122453,1
788784,Public Service Enterprise Group,Utilities,2025-02-25,6,2025,2,2024,54640000000.0,1772000000.0,10290000000.0,54640000000.0,0.03243045387994144,24.724032052208948,1.0,11237000000.0,-0.08427516240989585,1
788784,Public Service Enterprise Group,Utilities,2026-02-26,14,2026,2,2025,57576000000.0,2111000000.0,12168000000.0,57576000000.0,0.03666458246491594,24.776371651151916,1.0,10290000000.0,0.18250728862973764,1
789019,Microsoft,Information Technology,2019-08-01,6,2019,8,2019,286556000000.0,39240000000.0,125843000000.0,184226000000.0,0.13693658482111698,26.38119981647909,0.6428970253632798,,,1
789019,Microsoft,Information Technology,2020-07-30,7,2020,7,2020,301311000000.0,44281000000.0,143015000000.0,183007000000.0,0.14696111326835065,26.431408790879573,0.6073691302342098,125843000000.0,0.1364557424727637,1
789019,Microsoft,Information Technology,2021-07-29,6,2021,7,2021,333779000000.0,61271000000.0,168088000000.0,191791000000.0,0.18356757015869782,26.5337449342718,0.5746047534446445,143015000000.0,0.17531727441177503,1
789019,Microsoft,Information Technology,2022-07-28,8,2022,7,2022,364840000000.0,72738000000.0,198270000000.0,198298000000.0,0.19936958666812848,26.622724738258366,0.5435204473193729,168088000000.0,0.17956070629670173,1
789019,Microsoft,Information Technology,2023-07-27,11,2023,7,2023,411976000000.0,72361000000.0,211915000000.0,205753000000.0,0.175643726819038,26.744230932172016,0.499429578422044,198270000000.0,0.06882029555656421,1
789019,Microsoft,Information Technology,2024-07-30,12,2024,7,2024,512163000000.0,88136000000.0,245122000000.0,243686000000.0,0.17208583985957596,26.961908770695327,0.47579774407756903,211915000000.0,0.1566996201307127,1
789019,Microsoft,Information Technology,2025-07-30,14,2025,7,2025,619003000000.0,101832000000.0,281724000000.0,275524000000.0,0.16450970350709124,27.151375956145916,0.44510931287893596,245122000000.0,0.14932156232406713,1
789019,Microsoft,Information Technology,2026-07-29,15,2026,7,2026,758376000000.0,133749000000.0,331839000000.0,315989000000.0,0.17636238488559763,27.35444514181687,0.41666534805953775,281724000000.0,0.17788686799846665,1
789570,MGM Resorts,Consumer Discretionary,2019-02-27,0,2019,2,2018,30210706000.0,466772000.0,11763096000.0,19638665000.0,0.015450549219207257,24.131462201817044,0.6500564733574912,,,0
789570,MGM Resorts,Consumer Discretionary,2020-02-27,0,2020,2,2019,33876356000.0,2049146000.0,12899672000.0,21108391000.0,0.06048897348935641,24.245983144865413,0.6231009911455647,11763096000.0,0.09662218177935467,0
789570,MGM Resorts,Consumer Discretionary,2021-02-26,0,2021,2,2020,36494934000.0,-1032724000.0,5162082000.0,36494934000.0,-0.028297735789849628,24.320439293381458,1.0,12899672000.0,-0.5998284297461207,0
789570,MGM Resorts,Consumer Discretionary,2022-02-25,0,2022,2,2021,40899116000.0,1254370000.0,9680140000.0,40899116000.0,0.030669856042854323,24.434374286069655,1.0,5162082000.0,0.8752394867032334,0
789570,MGM Resorts,Consumer Discretionary,2023-02-24,0,2023,2,2022,45692206000.0,1473093000.0,13127485000.0,45692206000.0,0.032239480842750294,24.545193573255816,1.0,9680140000.0,0.35612553124231683,0
789570,MGM Resorts,Consumer Discretionary,2024-02-23,0,2024,2,2023,42368548000.0,1142180000.0,16164249000.0,38001047000.0,0.026958204940136253,24.469672131467338,0.8969164343323731,13127485000.0,0.23132869700479564,0
789570,MGM Resorts,Consumer Discretionary,2025-02-18,2,2025,2,2024,42231627000.0,746558000.0,17240545000.0,38511671000.0,0.017677699227642826,24.46643523226354,0.9119153993285648,16164249000.0,0.06658496785096535,1
789570,MGM Resorts,Consumer Discretionary,2026-02-11,2,2026,2,2025,41373786000.0,205862000.0,17537683000.0,38097468000.0,0.00497566260916997,24.445913328823444,0.9208117429717454,17240545000.0,0.017234837993810537,1
796343,Adobe Inc.,Information Technology,2019-01-25,15,2019,1,2018,18768682000.0,2591000000.0,9030000000.0,9406568000.0,0.13804911820659543,23.65545546664573,0.5011842600348815,,,1
796343,Adobe Inc.,Information Technology,2020-01-21,22,2020,1,2019,20762000000.0,2951000000.0,11171000000.0,10232000000.0,0.14213466910702244,23.756390229717464,0.4928234274154706,9030000000.0,0.23709856035437427,1
796343,Adobe Inc.,Information Technology,2021-01-15,19,2021,1,2020,24284000000.0,5260000000.0,12868000000.0,11020000000.0,0.2166035249547027,23.913083534214596,0.4537967385933125,11171000000.0,0.151911198639334,1
796343,Adobe Inc.,Information Technology,2022-01-21,10,2022,1,2021,27241000000.0,4822000000.0,15785000000.0,12444000000.0,0.1770125913145626,24.027989028273428,0.4568114239565361,12868000000.0,0.22668635374572577,1
796343,Adobe Inc.,Information Technology,2023-01-17,13,2023,1,2022,27165000000.0,4756000000.0,17606000000.0,13114000000.0,0.17507822565801584,24.025195216949896,0.4827535431621572,15785000000.0,0.11536268609439349,1
796343,Adobe Inc.,Information Technology,2024-01-17,17,2024,1,2023,29779000000.0,5428000000.0,19409000000.0,13261000000.0,0.18227610060781088,24.117069284054853,0.4453138117465328,17606000000.0,0.10240826990798602,1
796343,Adobe Inc.,Information Technology,2025-01-13,15,2025,1,2024,30230000000.0,5560000000.0,21505000000.0,16125000000.0,0.18392325504465762,24.13210064573778,0.5334105193516374,19409000000.0,0.10799113813179462,1
796343,Adobe Inc.,Information Technology,2026-01-15,9,2026,1,2025,29496000000.0,7130000000.0,23769000000.0,17873000000.0,0.2417276918904258,24.107520497878255,0.6059465690263086,21505000000.0,0.10527784236224136,1
797468,Occidental Petroleum,Energy,2019-02-21,0,2019,2,2018,42159000000.0,4131000000.0,17824000000.0,43854000000.0,0.09798619511848004,24.46471402173313,1.0402049384473067,,,0
797468,Occidental Petroleum,Energy,2020-02-28,0,2020,2,2019,107190000000.0,-985000000.0,20911000000.0,107190000000.0,-0.009189290045713219,25.39786879764984,1.0,17824000000.0,0.1731934470377019,0
797468,Occidental Petroleum,Energy,2021-02-26,0,2021,2,2020,80064000000.0,-14831000000.0,17809000000.0,80064000000.0,-0.18523930855315748,25.106092151790854,1.0,20911000000.0,-0.1483429773803261,0
797468,Occidental Petroleum,Energy,2022-02-24,0,2022,2,2021,75036000000.0,2322000000.0,25956000000.0,75036000000.0,0.030945146329761714,25.041233835319574,1.0,17809000000.0,0.4574653265202988,0
797468,Occidental Petroleum,Energy,2023-02-27,0,2023,2,2022,72609000000.0,13304000000.0,36634000000.0,72609000000.0,0.18322797449352007,25.008354718036045,1.0,25956000000.0,0.41138850362151325,0
797468,Occidental Petroleum,Energy,2024-02-14,0,2024,2,2023,74008000000.0,4696000000.0,23156000000.0,74008000000.0,0.0634525997189493,25.027439032415426,1.0,36634000000.0,-0.36790959218212593,0
797468,Occidental Petroleum,Energy,2025-02-18,2,2025,2,2024,85445000000.0,,22019000000.0,85445000000.0,,25.171138731045282,1.0,23156000000.0,-0.04910174468820172,1
797468,Occidental Petroleum,Energy,2026-02-18,2,2026,2,2025,84186000000.0,,21593000000.0,84186000000.0,,25.15629447358633,1.0,22019000000.0,-0.0193469276533903,1
798354,Fiserv,Financials,2019-02-21,0,2019,2,2018,11262000000.0,1187000000.0,5823000000.0,8969000000.0,0.10539868584620848,23.14470006377884,0.7963949564908542,,,0
798354,Fiserv,Financials,2020-02-27,0,2020,2,2019,77539000000.0,893000000.0,10187000000.0,42682000000.0,0.011516785101690762,25.07404687253652,0.5504584789589755,5823000000.0,0.7494418684526876,0
798354,Fiserv,Financials,2021-02-26,1,2021,2,2020,74619000000.0,958000000.0,14852000000.0,41290000000.0,0.012838553183505541,25.035661003416713,0.5533443224915906,10187000000.0,0.457936585844704,1
798354,Fiserv,Financials,2022-02-24,2,2022,2,2021,76249000000.0,1334000000.0,16226000000.0,44299000000.0,0.017495311413920182,25.057270137593832,0.5809781111883434,14852000000.0,0.0925127928898466,1
798354,Fiserv,Financials,2023-02-23,2,2023,2,2022,83869000000.0,2530000000.0,17737000000.0,52181000000.0,0.030166092358320715,25.152521894657152,0.6221726740511989,16226000000.0,0.0931221496363861,1
798354,Fiserv,Financials,2024-02-22,3,2024,2,2023,90890000000.0,3068000000.0,19093000000.0,60221000000.0,0.033755088568599406,25.23291582107709,0.6625701397293432,17737000000.0,0.07645035800868238,1
798354,Fiserv,Financials,2025-02-20,4,2025,2,2024,77176000000.0,3131000000.0,20456000000.0,49490000000.0,0.040569607131750805,25.06935436481466,0.6412615320825127,19093000000.0,0.07138741947310523,1
798354,Fiserv,Financials,2026-02-19,17,2026,2,2025,80133000000.0,3480000000.0,21193000000.0,54324000000.0,0.04342780128037138,25.106953591196923,0.6779229530904871,20456000000.0,0.03602854908095421,1
804328,Qualcomm,Information Technology,2019-11-06,4,2019,11,2019,32957000000.0,4386000000.0,24273000000.0,28048000000.0,0.13308250144127196,24.21846951842769,0.8510483357101678,,,1
804328,Qualcomm,Information Technology,2020-11-04,8,2020,11,2020,35594000000.0,5198000000.0,23531000000.0,29517000000.0,0.14603584873855144,24.295442921274205,0.8292689779176265,24273000000.0,-0.03056894491822193,1
804328,Qualcomm,Information Technology,2021-11-03,6,2021,11,2021,41240000000.0,9043000000.0,33566000000.0,31290000000.0,0.21927740058195927,24.44267449609517,0.758729388942774,23531000000.0,0.4264587140368026,1
804328,Qualcomm,Information Technology,2022-11-02,8,2022,11,2022,49014000000.0,12936000000.0,44200000000.0,31001000000.0,0.2639245929734362,24.615371808534196,0.6324927571714204,33566000000.0,0.31680867544539115,1
804328,Qualcomm,Information Technology,2023-11-01,8,2023,11,2023,51040000000.0,7232000000.0,35820000000.0,29459000000.0,0.14169278996865203,24.655875475982945,0.5771747648902821,44200000000.0,-0.18959276018099547,1
804328,Qualcomm,Information Technology,2024-11-06,12,2024,11,2024,55154000000.0,10142000000.0,38962000000.0,28880000000.0,0.1838851216593538,24.733395109480885,0.5236247597635711,35820000000.0,0.08771635957565604,1
804328,Qualcomm,Information Technology,2025-11-05,9,2025,11,2025,50143000000.0,5541000000.0,44284000000.0,28937000000.0,0.1105039586781804,24.638144760355754,0.5770895239614702,38962000000.0,0.13659463066577682,1
811156,CMS Energy,Utilities,2019-02-05,0,2019,2,2018,24529000000.0,657000000.0,6873000000.0,24529000000.0,0.026784622283827306,23.92312192797736,1.0,,,0
811156,CMS Energy,Utilities,2020-02-06,0,2020,2,2019,26837000000.0,680000000.0,6624000000.0,26837000000.0,0.02533815255058315,24.013047369330344,1.0,6873000000.0,-0.03622872108249675,0
811156,CMS Energy,Utilities,2021-02-11,0,2021,2,2020,29666000000.0,755000000.0,6418000000.0,29666000000.0,0.0254500101125868,24.11326744584783,1.0,6624000000.0,-0.031099033816425092,0
811156,CMS Energy,Utilities,2022-02-10,0,2022,2,2021,28753000000.0,1353000000.0,7329000000.0,28753000000.0,0.047055959378151845,24.082007946572002,1.0,6418000000.0,0.14194453100654414,0
811156,CMS Energy,Utilities,2023-02-09,0,2023,2,2022,31353000000.0,837000000.0,8596000000.0,31353000000.0,0.026696009951200843,24.168575793226886,1.0,7329000000.0,0.17287488061127032,0
811156,CMS Energy,Utilities,2024-02-08,0,2024,2,2023,33517000000.0,887000000.0,7462000000.0,33517000000.0,0.026464182355222722,24.235318609748354,1.0,8596000000.0,-0.13192182410423448,0
811156,CMS Energy,Utilities,2025-02-11,3,2025,2,2024,35920000000.0,1003000000.0,7515000000.0,35920000000.0,0.027923162583518932,24.30456008038041,1.0,7462000000.0,0.007102653444116758,1
811156,CMS Energy,Utilities,2026-02-10,5,2026,2,2025,39941000000.0,1071000000.0,8539000000.0,39941000000.0,0.02681455146340853,24.41066920217698,1.0,7515000000.0,0.13626081170991355,1
813672,Cadence Design Systems,Information Technology,2019-02-27,11,2019,2,2018,2468654000.0,345777000.0,2138022000.0,2468654000.0,0.1400670162768861,21.62693889978167,1.0,,,1
813672,Cadence Design Systems,Information Technology,2020-02-24,11,2020,2,2019,3357225000.0,988979000.0,2336319000.0,3357225000.0,0.2945822814973676,21.934380576826978,1.0,2138022000.0,0.09274787630810155,1
813672,Cadence Design Systems,Information Technology,2021-02-22,12,2021,2,2020,,,,,,,,2336319000.0,,1
813672,Cadence Design Systems,Information Technology,2022-02-22,10,2022,2,2021,3950785000.0,590644000.0,2682891000.0,3950785000.0,0.14950041574016304,22.097180130291633,1.0,,,1
813672,Cadence Design Systems,Information Technology,2023-02-13,11,2023,2,2022,5137071000.0,848952000.0,3561718000.0,5137071000.0,0.16525993119425447,22.359748909632504,1.0,2682891000.0,0.327567165419691,1
813672,Cadence Design Systems,Information Technology,2024-02-14,19,2024,2,2023,5669491000.0,1041144000.0,4089986000.0,5669491000.0,0.18363976589785574,22.458365179933335,1.0,3561718000.0,0.1483183115563893,1
813672,Cadence Design Systems,Information Technology,2025-02-21,17,2025,2,2024,8974482000.0,1055484000.0,4641264000.0,8974482000.0,0.1176094620280034,22.91765105377769,1.0,4089986000.0,0.13478725844049344,1
813672,Cadence Design Systems,Information Technology,2026-02-19,19,2026,2,2025,10153148000.0,1108888000.0,5296759000.0,10153148000.0,0.10921617610616924,23.04104964213158,1.0,4641264000.0,0.14123200059294194,1
814547,Fair Isaac,Information Technology,2019-11-08,8,2019,11,2019,1433448000.0,192124000.0,305344000.0,1143681000.0,0.13402927765778738,21.08334856777799,0.7978531484923067,,,1
814547,Fair Isaac,Information Technology,2020-11-12,11,2020,11,2020,1606240000.0,236411000.0,374356000.0,1275158000.0,0.14718286183882856,21.19716188090749,0.7938776272537106,305344000.0,0.22601393837769868,1
814547,Fair Isaac,Information Technology,2021-11-10,5,2021,11,2021,1567776000.0,392084000.0,1316536000.0,1678718000.0,0.2500892984712102,21.172923891526715,1.0707639356642786,374356000.0,2.516802188291359,1
814547,Fair Isaac,Information Technology,2022-11-09,8,2022,11,2022,1442034000.0,373541000.0,1377270000.0,2243981000.0,0.2590375816381583,21.089320453894587,1.5561221163994747,1316536000.0,0.04613166673755975,1
814547,Fair Isaac,Information Technology,2023-11-08,11,2023,11,2023,1575281000.0,429375000.0,1513557000.0,2263271000.0,0.27257041759533696,21.177699506008768,1.4367411274559905,1377270000.0,0.09895445337515518,1
814547,Fair Isaac,Information Technology,2024-11-06,12,2024,11,2024,1717884000.0,512811000.0,1717526000.0,2680563000.0,0.2985131708543767,21.264359137856346,1.5603864987391465,1513557000.0,0.13476136016020535,1
814547,Fair Isaac,Information Technology,2025-11-07,10,2025,11,2025,1868133000.0,651946000.0,1990869000.0,3613917000.0,0.3489826473811019,21.348205373361992,1.9345073396808472,1717526000.0,0.15914926469817625,1
815097,Carnival Corporation,Consumer Discretionary,2019-01-28,0,2019,1,2018,42401000000.0,3152000000.0,18881000000.0,42401000000.0,0.07433786938987288,24.470437783811864,1.0,,,0
815097,Carnival Corporation,Consumer Discretionary,2020-01-28,0,2020,1,2019,45058000000.0,2990000000.0,20825000000.0,45058000000.0,0.06635891517599539,24.531216385701363,1.0,18881000000.0,0.10296064827074836,0
815097,Carnival Corporation,Consumer Discretionary,2021-01-26,0,2021,1,2020,53593000000.0,-10236000000.0,5595000000.0,53593000000.0,-0.19099509264269587,24.704684299479712,1.0,20825000000.0,-0.7313325330132052,0
815097,Carnival Corporation,Consumer Discretionary,2022-01-27,0,2022,1,2021,53344000000.0,-9501000000.0,1908000000.0,53344000000.0,-0.17810812837432513,24.700027343514797,1.0,5595000000.0,-0.6589812332439678,0
815097,Carnival Corporation,Consumer Discretionary,2023-01-27,0,2023,1,2022,51703000000.0,-6093000000.0,12168000000.0,51703000000.0,-0.11784615979730383,24.668781643856594,1.0,1908000000.0,,0
815097,Carnival Corporation,Consumer Discretionary,2024-01-26,0,2024,1,2023,49120000000.0,-74000000.0,21593000000.0,49120000000.0,-0.001506514657980456,24.617532120785295,1.0,12168000000.0,0.7745726495726495,0
815097,Carnival Corporation,Consumer Discretionary,2025-01-27,1,2025,1,2024,49057000000.0,1916000000.0,25021000000.0,49057000000.0,0.03905660761970769,24.61624872429432,1.0,21593000000.0,0.15875515213263558,1
815097,Carnival Corporation,Consumer Discretionary,2026-01-27,1,2026,1,2025,51687000000.0,2760000000.0,26622000000.0,51687000000.0,0.053398340008125836,24.66847213616479,1.0,25021000000.0,0.06398625154869908,1
815556,Fastenal,Industrials,2019-02-06,3,2019,2,2018,3321500000.0,751900000.0,4965100000.0,3321500000.0,0.22637362637362637,21.92368232506957,1.0,,,1
815556,Fastenal,Industrials,2020-02-06,2,2020,2,2019,3799900000.0,790900000.0,5333700000.0,3799900000.0,0.20813705623832207,22.05824058754301,1.0,4965100000.0,0.07423818251394732,1
815556,Fastenal,Industrials,2021-02-08,1,2021,2,2020,3964700000.0,859100000.0,5647300000.0,3964700000.0,0.21668726511463668,22.10069602712783,1.0,5333700000.0,0.058795957777902697,1
815556,Fastenal,Industrials,2022-02-07,3,2022,2,2021,4299000000.0,925000000.0,6010900000.0,4299000000.0,0.21516631774831357,22.181648274460557,1.0,5647300000.0,0.06438475023462531,1
815556,Fastenal,Industrials,2023-02-07,4,2023,2,2022,4548600000.0,1086900000.0,6980600000.0,4548600000.0,0.23895264476981928,22.238085330254588,1.0,6010900000.0,0.1613235954682326,1
815556,Fastenal,Industrials,2024-02-06,3,2024,2,2023,4462900000.0,1155000000.0,7346700000.0,4462900000.0,0.25880033162293575,22.219064615889458,1.0,6980600000.0,0.052445348537375036,1
815556,Fastenal,Industrials,2025-02-06,3,2025,2,2024,4698000000.0,1150600000.0,7546000000.0,4698000000.0,0.2449127288207748,22.270402723183135,1.0,7346700000.0,0.027127826098792607,1
815556,Fastenal,Industrials,2026-02-05,4,2026,2,2025,5052900000.0,1258400000.0,8200500000.0,5052900000.0,0.24904510281224643,22.34322817283672,1.0,7546000000.0,0.08673469387755106,1
820027,Ameriprise Financial,Financials,2019-02-27,0,2019,2,2018,137216000000.0,2098000000.0,12924000000.0,131628000000.0,0.015289762126865671,25.64482216351464,0.9592758861940298,,,0
820027,Ameriprise Financial,Financials,2020-02-26,0,2020,2,2019,151828000000.0,1893000000.0,13103000000.0,146099000000.0,0.012468055958057802,25.74601413812647,0.9622665121058039,12924000000.0,0.013850201176106358,0
820027,Ameriprise Financial,Financials,2021-02-24,0,2021,2,2020,165883000000.0,1534000000.0,11958000000.0,160016000000.0,0.009247481658759486,25.834548557523966,0.9646316982451487,13103000000.0,-0.08738456841944597,0
820027,Ameriprise Financial,Financials,2022-02-25,0,2022,2,2021,177735000000.0,3417000000.0,13389000000.0,172898000000.0,0.019225251076040173,25.903559513883224,0.9727853264691817,11958000000.0,0.11966884094330155,0
820027,Ameriprise Financial,Financials,2023-02-23,0,2023,2,2022,158852000000.0,3149000000.0,14334000000.0,155049000000.0,0.01982348349406995,25.791238788076853,0.9760594767456501,13389000000.0,0.0705803271342147,0
820027,Ameriprise Financial,Financials,2024-02-22,5,2024,2,2023,175191000000.0,2556000000.0,16096000000.0,170462000000.0,0.014589790571433465,25.88914264426621,0.9730066042205364,14334000000.0,0.12292451513883074,1
820027,Ameriprise Financial,Financials,2025-02-20,3,2025,2,2024,181403000000.0,3401000000.0,17926000000.0,176175000000.0,0.018748311769926626,25.923986912528182,0.9711801899637823,16096000000.0,0.11369284294234583,1
820027,Ameriprise Financial,Financials,2026-02-19,1,2026,2,2025,190904000000.0,3563000000.0,18911000000.0,184355000000.0,0.01866383103549428,25.975036520837328,0.9656947994803671,17926000000.0,0.054948120049090665,1
820313,Amphenol,Information Technology,2019-02-13,3,2019,2,2018,10044900000.0,1205000000.0,8202000000.0,10044900000.0,0.11996137343328456,23.03033087996216,1.0,,,1
820313,Amphenol,Information Technology,2020-02-12,5,2020,2,2019,10815500000.0,1155000000.0,8225400000.0,10815500000.0,0.10679117932596736,23.10424612736783,1.0,8202000000.0,0.002852962692026395,1
820313,Amphenol,Information Technology,2021-02-10,5,2021,2,2020,12327300000.0,1203400000.0,8598900000.0,6875400000.0,0.09762072797774046,23.23508215204127,0.5577377041201236,8225400000.0,0.04540812604858124,1
820313,Amphenol,Information Technology,2022-02-09,3,2022,2,2021,14678400000.0,1590800000.0,10876300000.0,8299300000.0,0.10837693481578374,23.409642862367125,0.5654090364072378,8598900000.0,0.2648478293735246,1
820313,Amphenol,Information Technology,2023-02-08,12,2023,2,2022,15326200000.0,1902300000.0,12623000000.0,8232100000.0,0.12412078662682205,23.45282961912891,0.5371259672978299,10876300000.0,0.16059689416437584,1
820313,Amphenol,Information Technology,2024-02-07,17,2024,2,2023,16526400000.0,1928000000.0,12554700000.0,8099900000.0,0.11666182592700165,23.528224939216642,0.49011884015877627,12623000000.0,-0.005410758139903327,1
820313,Amphenol,Information Technology,2025-02-07,23,2025,2,2024,21440200000.0,2424000000.0,15222700000.0,11584100000.0,0.11305864684098096,23.78853350146371,0.5402981315472803,12554700000.0,0.21251005599496597,1
820313,Amphenol,Information Technology,2026-02-11,15,2026,2,2025,36236900000.0,4270300000.0,23094700000.0,22727200000.0,0.11784396568139106,24.31334377362351,0.6271838926618999,15222700000.0,0.5171224552806006,1
820318,Coherent Corp.,Information Technology,2019-08-16,2,2019,8,2019,1953773000.0,107517000.0,1362496000.0,820564000.0,0.05503044621867535,21.39302821186355,0.419989425588336,,,1
820318,Coherent Corp.,Information Technology,2020-08-26,2,2020,8,2020,5234714000.0,-67029000.0,2380071000.0,3157911000.0,-0.012804711011910106,22.378578047493804,0.6032633301456393,1362496000.0,0.7468462292733336,1
820318,Coherent Corp.,Information Technology,2021-08-20,0,2021,8,2021,6512650000.0,297552000.0,3105891000.0,2380302000.0,0.04568831428066916,22.597012276390206,0.36548900985006105,2380071000.0,0.3049572890892751,0
820318,Coherent Corp.,Information Technology,2022-08-29,0,2022,8,2022,7844846000.0,234759000.0,3316616000.0,3461568000.0,0.02992525283479115,22.783122592600932,0.44125378624385997,3105891000.0,0.06784687550207003,0
820318,Coherent Corp.,Information Technology,2023-08-18,3,2023,8,2023,13711133000.0,-259458000.0,5160100000.0,6482167000.0,-0.018923162659132547,23.341473967514563,0.47276669258477766,3316616000.0,0.5558328127223653,1
820318,Coherent Corp.,Information Technology,2024-08-16,5,2024,8,2024,14488634000.0,-156154000.0,4707688000.0,6542355000.0,-0.010777689601379951,23.396630316923464,0.4515508501353544,5160100000.0,-0.08767504505726631,1
820318,Coherent Corp.,Information Technology,2025-08-15,6,2025,8,2025,14910936000.0,49364000.0,5810115000.0,6429653000.0,0.0033105902942645584,23.425360740412646,0.4312038493089904,4707688000.0,0.23417588421322733,1
821189,EOG Resources,Energy,2019-02-26,0,2019,2,2018,33934474000.0,3419040000.0,17275399000.0,33934474000.0,0.10075417700595565,24.247697266760994,1.0,,,0
821189,EOG Resources,Energy,2020-02-27,0,2020,2,2019,37125000000.0,2735000000.0,17380000000.0,37124608000.0,0.07367003367003366,24.337556434069274,0.999989441077441,17275399000.0,0.006054910801191804,0
821189,EOG Resources,Energy,2021-02-25,0,2021,2,2020,35805000000.0,-605000000.0,11032000000.0,35805000000.0,-0.016897081413210446,24.301353385405314,1.0,17380000000.0,-0.36524741081703105,0
821189,EOG Resources,Energy,2022-02-24,0,2022,2,2021,38236000000.0,4664000000.0,18642000000.0,38236000000.0,0.12197928653624857,24.367043317147928,1.0,11032000000.0,0.689811457577955,0
821189,EOG Resources,Energy,2023-02-23,0,2023,2,2022,41371000000.0,7759000000.0,25702000000.0,41371000000.0,0.18754683232215805,24.445845989232982,1.0,18642000000.0,0.37871473017916535,0
821189,EOG Resources,Energy,2024-02-22,0,2024,2,2023,43857000000.0,7594000000.0,24186000000.0,43857000000.0,0.17315365848097225,24.504200178143996,1.0,25702000000.0,-0.05898373667418877,0
821189,EOG Resources,Energy,2025-02-27,1,2025,2,2024,47186000000.0,6403000000.0,23698000000.0,47186000000.0,0.1356970287797228,24.577363075370933,1.0,24186000000.0,-0.020176961878772826,1
821189,EOG Resources,Energy,2026-02-24,1,2026,2,2025,51799000000.0,4980000000.0,22632000000.0,51799000000.0,0.0961408521400027,24.6706366810062,1.0,23698000000.0,-0.04498269896193774,1
822416,PulteGroup,Consumer Discretionary,2019-01-31,0,2019,1,2018,10172976000.0,1022023000.0,2999150000.0,5355194000.0,0.10046450517528008,23.04300062956916,0.5264137062743488,,,0
822416,PulteGroup,Consumer Discretionary,2020-01-30,0,2020,1,2019,10715597000.0,1016700000.0,3016913000.0,5257417000.0,0.0948803879055922,23.09496618060544,0.49063220649302136,2999150000.0,0.00592267809212621,0
822416,PulteGroup,Consumer Discretionary,2021-02-02,0,2021,2,2020,12205498000.0,1406839000.0,3192363000.0,5635509000.0,0.11526272832128603,23.22515234290853,0.46171889094570334,3016913000.0,0.058155472166416367,0
822416,PulteGroup,Consumer Discretionary,2022-02-07,0,2022,2,2021,13352631000.0,1946320000.0,13736995000.0,5863116000.0,0.14576303351751427,23.31497928102691,0.4390981822234135,3192363000.0,3.3030805080750527,0
822416,PulteGroup,Consumer Discretionary,2023-02-06,0,2023,2,2022,14796515000.0,2617317000.0,16002979000.0,5882417000.0,0.17688739544412993,23.417657517015392,0.397554221382535,13736995000.0,0.16495485366341045,0
822416,PulteGroup,Consumer Discretionary,2024-02-05,1,2024,2,2023,16087050000.0,2602372000.0,16061578000.0,5703793000.0,0.16176813026627007,23.501280437449463,0.3545580451356837,16002979000.0,0.0036617557268556755,1
822416,PulteGroup,Consumer Discretionary,2025-02-06,4,2025,2,2024,17363763000.0,3083262000.0,17946950000.0,5241799000.0,0.17756876778380354,23.577651285361792,0.3018815103615501,16061578000.0,0.11738398306816422,1
822416,PulteGroup,Consumer Discretionary,2026-02-04,4,2026,2,2025,18048423000.0,2218730000.0,17311953000.0,5062981000.0,0.12293207002074365,23.616324149487408,0.280522071097292,17946950000.0,-0.03538188940182041,1
823768,Waste Management,Industrials,2019-02-14,0,2019,2,2018,22650000000.0,1925000000.0,14914000000.0,16374000000.0,0.08498896247240618,23.843425688875453,0.7229139072847682,,,0
823768,Waste Management,Industrials,2020-02-13,0,2020,2,2019,27743000000.0,1670000000.0,15455000000.0,20673000000.0,0.06019536459647479,24.04624939306565,0.7451609414987564,14914000000.0,0.03627464127665281,0
823768,Waste Management,Industrials,2021-02-22,3,2021,2,2020,29345000000.0,1496000000.0,15218000000.0,21891000000.0,0.05097972397341966,24.10238801095671,0.7459873913784291,15455000000.0,-0.015334843092850159,1
823768,Waste Management,Industrials,2022-02-15,6,2022,2,2021,29097000000.0,1816000000.0,17931000000.0,21971000000.0,0.06241193250163247,24.093900913025927,0.7550950269787263,15218000000.0,0.1782757261138126,1
823768,Waste Management,Industrials,2023-02-07,32,2023,2,2022,31367000000.0,2238000000.0,19698000000.0,24503000000.0,0.07134886983135141,24.16902222180573,0.7811712946727453,17931000000.0,0.09854442027773125,1
823768,Waste Management,Industrials,2024-02-13,33,2024,2,2023,32823000000.0,2304000000.0,20426000000.0,25927000000.0,0.07019468055936386,24.214395326109173,0.7899034213813484,19698000000.0,0.03695806680881297,1
823768,Waste Management,Industrials,2025-02-19,42,2025,2,2024,44567000000.0,2746000000.0,22063000000.0,36313000000.0,0.061615096371754885,24.520259511789792,0.8147957008548926,20426000000.0,0.08014295505727986,1
823768,Waste Management,Industrials,2026-02-09,54,2026,2,2025,45835000000.0,2708000000.0,25204000000.0,35844000000.0,0.05908148794589288,24.54831382836015,0.7820224719101123,22063000000.0,0.14236504555137564,1
827052,Edison International,Utilities,2019-02-28,1,2019,2,2018,56715000000.0,-423000000.0,12657000000.0,44063000000.0,-0.007458344353345676,24.761304562957417,0.7769196861500485,,,1
827052,Edison International,Utilities,2020-02-27,0,2020,2,2019,64382000000.0,1284000000.0,12347000000.0,48886000000.0,0.01994346245845112,24.888099927882855,0.7593116088347674,12657000000.0,-0.024492375760448715,0
827052,Edison International,Utilities,2021-02-25,0,2021,2,2020,69372000000.0,739000000.0,13578000000.0,53423000000.0,0.010652712910107824,24.96274916483475,0.7700945626477541,12347000000.0,0.09970033206446915,0
827052,Edison International,Utilities,2022-02-24,0,2022,2,2021,74745000000.0,,14905000000.0,56956000000.0,,25.03734815734789,0.762004147434611,13578000000.0,0.0977316246869937,0
827052,Edison International,Utilities,2023-02-23,3,2023,2,2022,78041000000.0,,17220000000.0,60519000000.0,,25.080500166560793,0.775476992862726,14905000000.0,0.1553170077155317,1
827052,Edison International,Utilities,2024-02-22,3,2024,2,2023,81758000000.0,1197000000.0,16338000000.0,63814000000.0,0.014640769099048411,25.12702950126308,0.7805230069228699,17220000000.0,-0.051219512195122,1
827052,Edison International,Utilities,2025-02-27,2,2025,2,2024,85579000000.0,1284000000.0,17599000000.0,67839000000.0,0.015003680809544397,25.17270576289369,0.7927061545472605,16338000000.0,0.07718202962418896,1
827052,Edison International,Utilities,2026-02-18,2,2026,2,2025,94026000000.0,4459000000.0,19317000000.0,74767000000.0,0.0474230531980516,25.266837176715548,0.795173675366388,17599000000.0,0.09761918290811988,1
827054,Microchip Technology,Information Technology,2019-05-30,0,2019,5,2018,8257200000.0,255400000.0,3980800000.0,8257200000.0,0.030930581795281693,22.83435138396071,1.0,,,0
827054,Microchip Technology,Information Technology,2020-05-22,0,2020,5,2019,18350000000.0,355900000.0,5349500000.0,18350000000.0,0.01939509536784741,23.632895411446988,1.0,3980800000.0,0.3438253617363345,0
827054,Microchip Technology,Information Technology,2021-05-18,1,2021,5,2020,17426100000.0,570600000.0,5274200000.0,17426100000.0,0.03274398746707525,23.58123491929063,1.0,5349500000.0,-0.014076081876810864,1
827054,Microchip Technology,Information Technology,2022-05-20,1,2022,5,2021,16478800000.0,349400000.0,5438400000.0,16478800000.0,0.021203000218462508,23.525340543242578,1.0,5274200000.0,0.03113268362974475,1
827054,Microchip Technology,Information Technology,2023-05-25,0,2023,5,2022,16199500000.0,1285500000.0,6820900000.0,16199500000.0,0.07935430105867465,23.50824621451091,1.0,5438400000.0,0.25421079729332163,0
827054,Microchip Technology,Information Technology,2024-05-23,0,2024,5,2023,16370300000.0,2237700000.0,8438700000.0,16370300000.0,0.136692669040885,23.51873455436801,1.0,6820900000.0,0.2371827764664487,0
827054,Microchip Technology,Information Technology,2025-05-23,0,2025,5,2024,15873200000.0,1906900000.0,7634400000.0,15873200000.0,0.12013330645364514,23.487897989469733,1.0,8438700000.0,-0.09531088911799213,0
827054,Microchip Technology,Information Technology,2026-05-21,11,2026,5,2025,15374600000.0,-500000.0,4401600000.0,15374600000.0,-3.252117128250491e-05,23.455982634040403,1.0,7634400000.0,-0.4234517447343603,1
829224,Starbucks,Consumer Discretionary,2019-11-15,0,2019,11,2019,19219600000.0,3599200000.0,26508600000.0,25450600000.0,0.187267164769298,23.679196428617466,1.3242002955316448,,,0
829224,Starbucks,Consumer Discretionary,2020-11-12,0,2020,11,2020,29374500000.0,928300000.0,23518000000.0,37173900000.0,0.03160224003812831,24.103392787989275,1.2655160087831283,26508600000.0,-0.11281621813298326,0
829224,Starbucks,Consumer Discretionary,2021-11-19,0,2021,11,2021,31392600000.0,4199300000.0,29060600000.0,36707100000.0,0.1337671935424272,24.169838033296557,1.1692914890770436,23518000000.0,0.2356748022791053,0
829224,Starbucks,Consumer Discretionary,2022-11-18,0,2022,11,2022,27978400000.0,3281600000.0,32250300000.0,36677100000.0,0.11729048122837618,24.05469862084605,1.3109077002258887,29060600000.0,0.10976029400631782,0
829224,Starbucks,Consumer Discretionary,2023-11-17,2,2023,11,2023,29445500000.0,4124500000.0,35975600000.0,37433300000.0,0.14007233702942726,24.105806934010456,1.27127404866618,32250300000.0,0.11551210376337595,1
829224,Starbucks,Consumer Discretionary,2024-11-20,4,2024,11,2024,31339300000.0,3760900000.0,36176200000.0,38780900000.0,0.12000587122239488,24.16813873795158,1.237452655292237,35975600000.0,0.005576001512135997,1
829224,Starbucks,Consumer Discretionary,2025-11-14,6,2025,11,2025,32019700000.0,1856400000.0,37184400000.0,40108900000.0,0.05797680802755804,24.189617175326806,1.2526319734413502,36176200000.0,0.027869151541621395,1
831001,Citigroup,Financials,2019-02-22,0,2019,2,2018,1917383000000.0,18045000000.0,72854000000.0,1720309000000.0,0.0094112652506046,28.28198235137706,0.8972171965642753,,,0
831001,Citigroup,Financials,2020-02-21,0,2020,2,2019,1951158000000.0,19401000000.0,75067000000.0,1757212000000.0,0.009943325963350994,28.299444158401197,0.9005995414005427,72854000000.0,0.03037582013341744,0
831001,Citigroup,Financials,2021-02-26,4,2021,2,2020,2260000000000.0,11047000000.0,75501000000.0,2059890000000.0,0.004888053097345133,28.44638592921274,0.9114557522123894,75067000000.0,0.00578150185833981,1
831001,Citigroup,Financials,2022-02-28,0,2022,2,2021,2291000000000.0,21952000000.0,71884000000.0,2088741000000.0,0.009581841990397206,28.460009519399907,0.9117158446093409,75501000000.0,-0.04790665024304319,0
831001,Citigroup,Financials,2023-02-27,0,2023,2,2022,2417000000000.0,14845000000.0,75338000000.0,2214838000000.0,0.006141911460488208,28.513548217649895,0.91635829540753,71884000000.0,0.048049635523899514,0
831001,Citigroup,Financials,2024-02-23,6,2024,2,2023,2412000000000.0,9228000000.0,78066000000.0,2205583000000.0,0.003825870646766169,28.511477394793488,0.9144208126036484,75338000000.0,0.036210146274124666,1
831001,Citigroup,Financials,2025-02-21,8,2025,2,2024,2352945000000.0,12682000000.0,80722000000.0,2143579000000.0,0.005389841241507982,28.486688850984947,0.9110195945931587,78066000000.0,0.03402249378730815,1
831001,Citigroup,Financials,2026-02-20,10,2026,2,2025,2657202000000.0,14306000000.0,85225000000.0,2443380000000.0,0.0053838586603502485,28.6082948054092,0.9195311459196553,80722000000.0,0.0557840489581527,1
831259,Freeport-McMoRan,Materials,2019-02-15,0,2019,2,2018,42216000000.0,,18628000000.0,24324000000.0,,24.466065133049778,0.576179647527004,,,0
831259,Freeport-McMoRan,Materials,2020-02-14,5,2020,2,2019,40809000000.0,,14402000000.0,23361000000.0,,24.432168482265812,0.5724472542821436,18628000000.0,-0.22686278720206143,1
831259,Freeport-McMoRan,Materials,2021-02-16,1,2021,2,2020,42144000000.0,,14198000000.0,23476000000.0,,24.46435816250728,0.5570425208807896,14402000000.0,-0.014164699347312903,1
831259,Freeport-McMoRan,Materials,2022-02-15,0,2022,2,2021,48022000000.0,,22845000000.0,25003000000.0,,24.594925076184996,0.5206571987838907,14198000000.0,0.609029440766305,0
831259,Freeport-McMoRan,Materials,2023-02-15,0,2023,2,2022,51093000000.0,,22780000000.0,26222000000.0,,24.65691333847122,0.5132209891765995,22845000000.0,-0.0028452615451959318,0
831259,Freeport-McMoRan,Materials,2024-02-16,1,2024,2,2023,52506000000.0,,22855000000.0,25196000000.0,,24.68419328572816,0.4798689673561117,22780000000.0,0.0032923617208078237,1
831259,Freeport-McMoRan,Materials,2025-02-14,5,2025,2,2024,54848000000.0,,25455000000.0,26070000000.0,,24.727831559921725,0.47531359393232203,22855000000.0,0.1137606650623495,1
831259,Freeport-McMoRan,Materials,2026-02-13,5,2026,2,2025,58167000000.0,,25915000000.0,27401000000.0,,24.78658402056339,0.4710746643285712,25455000000.0,0.01807110587310934,1
832101,IDEX Corporation,Industrials,2019-02-28,3,2019,2,2018,3473857000.0,410573000.0,2483666000.0,1479217000.0,0.11818937854954882,21.968531340993525,0.4258140159482673,,,1
832101,IDEX Corporation,Industrials,2020-02-21,6,2020,2,2019,3813900000.0,425500000.0,2494600000.0,1550683000.0,0.11156558902960224,22.061918124588463,0.4065872204305304,2483666000.0,0.00440236328073107,1
832101,IDEX Corporation,Industrials,2021-02-25,5,2021,2,2020,4414400000.0,377800000.0,2351600000.0,1874100000.0,0.08558354476259514,22.208137761427295,0.424542406669083,2494600000.0,-0.05732381945001208,1
832101,IDEX Corporation,Industrials,2022-02-24,6,2022,2,2021,4917200000.0,449400000.0,2764800000.0,2114100000.0,0.09139347596192955,22.31600509975746,0.42993980313999836,2351600000.0,0.17571015478822938,1
832101,IDEX Corporation,Industrials,2023-02-23,6,2023,2,2022,5511900000.0,586900000.0,3181900000.0,2472300000.0,0.10647870970082912,22.430175228258076,0.44853861644804877,2764800000.0,0.1508608217592593,1
832101,IDEX Corporation,Industrials,2024-02-22,8,2024,2,2023,5865200000.0,596100000.0,3273900000.0,2324000000.0,0.1016333628861761,22.492302419067197,0.3962354224919866,3181900000.0,0.028913542223200084,1
832101,IDEX Corporation,Industrials,2025-02-20,10,2025,2,2024,6745300000.0,505000000.0,3268800000.0,2951200000.0,0.07486694439090923,22.6321118030077,0.43751945799297287,3273900000.0,-0.0015577751305781984,1
832101,IDEX Corporation,Industrials,2026-02-19,10,2026,2,2025,6927000000.0,483200000.0,3457500000.0,2900800000.0,0.06975602714017612,22.65869265598688,0.4187671430633752,3268800000.0,0.057727606461086545,1
833444,Johnson Controls,Industrials,2019-11-21,0,2019,11,2019,42287000000.0,5674000000.0,23968000000.0,42287000000.0,0.1341783526852224,24.46774554715833,1.0,,,0
833444,Johnson Controls,Industrials,2020-11-16,0,2020,11,2020,40815000000.0,631000000.0,22317000000.0,40815000000.0,0.015460002450079627,24.43231549784973,1.0,23968000000.0,-0.0688835113484646,0
833444,Johnson Controls,Industrials,2021-11-15,0,2021,11,2021,41890000000.0,1637000000.0,23668000000.0,41890000000.0,0.03907853903079494,24.458312971905354,1.0,22317000000.0,0.06053681050320381,0
833444,Johnson Controls,Industrials,2022-11-15,2,2022,11,2022,42158000000.0,1532000000.0,20637000000.0,42158000000.0,0.03633948479529389,24.464690301724115,1.0,23668000000.0,-0.12806320770660806,1
833444,Johnson Controls,Industrials,2023-12-14,6,2023,12,2023,42242000000.0,1849000000.0,22331000000.0,42242000000.0,0.04377160172340325,24.466680823708362,1.0,20637000000.0,0.08208557445365128,1
833444,Johnson Controls,Industrials,2024-11-19,9,2024,11,2024,42695000000.0,1705000000.0,22952000000.0,42695000000.0,0.03993441855018152,24.477347654305984,1.0,22331000000.0,0.027808875554162338,1
833444,Johnson Controls,Industrials,2025-11-14,9,2025,11,2025,37939000000.0,3291000000.0,23596000000.0,37939000000.0,0.08674451092543294,24.359245443699486,1.0,22952000000.0,0.028058556988497685,1
842023,Bio-Techne,Health Care,2019-08-28,0,2019,8,2019,1884410000.0,96072000.0,714006000.0,1884410000.0,0.05098253564776243,21.356880611505012,1.0,,,0
842023,Bio-Techne,Health Care,2020-08-26,0,2020,8,2020,2027589000.0,229296000.0,738691000.0,2027589000.0,0.11308800748080602,21.43011323941459,1.0,714006000.0,0.0345725386061182,0
842023,Bio-Techne,Health Care,2021-08-25,0,2021,8,2021,2262957000.0,140410000.0,931032000.0,2262957000.0,0.06204713567248516,21.53993820209161,1.0,738691000.0,0.260380862904787,0
842023,Bio-Techne,Health Care,2022-08-24,0,2022,8,2022,2294805000.0,272051000.0,1105599000.0,2294805000.0,0.11855081368569442,21.553913709528732,1.0,931032000.0,0.18749838888459247,0
842023,Bio-Techne,Health Care,2023-08-23,0,2023,8,2023,2638692000.0,285263000.0,1136702000.0,2638692000.0,0.10810772913246411,21.693549176781023,1.0,1105599000.0,0.028132261335258146,0
842023,Bio-Techne,Health Care,2024-08-22,0,2024,8,2024,2703867000.0,168105000.0,1159060000.0,2703867000.0,0.06217206689530217,21.717948807526906,1.0,1136702000.0,0.019669183303979487,0
842023,Bio-Techne,Health Care,2025-08-22,0,2025,8,2025,2557868000.0,73400000.0,1219635000.0,2557868000.0,0.028695773198616974,21.66243993595689,1.0,1159060000.0,0.05226217797180466,0
849395,CRH plc,Materials,2024-02-29,4,2024,2,2023,47469000000.0,3178000000.0,34949000000.0,25848000000.0,0.06694895616086288,24.583342703351367,0.5445237944763951,,,1
849395,CRH plc,Materials,2025-02-26,5,2025,2,2024,50613000000.0,3492000000.0,35572000000.0,27763000000.0,0.06899413194238635,24.647474297238357,0.5485349613735602,34949000000.0,0.017825974992131455,1
849395,CRH plc,Materials,2026-02-18,3,2026,2,2025,58329000000.0,3753000000.0,37447000000.0,32851000000.0,0.06434192254281747,24.789365233728212,0.5632018378508118,35572000000.0,0.052709996626560285,1
849399,Gen Digital,Information Technology,2019-05-24,5,2019,5,2018,16574000000.0,,,10612000000.0,,23.53110103937326,0.640279956558465,,,1
849399,Gen Digital,Information Technology,2020-05-28,0,2020,5,2019,15938000000.0,31000000.0,2456000000.0,10200000000.0,0.0019450370184464802,23.491972031921964,0.6399799221985193,,,0
849399,Gen Digital,Information Technology,2021-05-21,0,2021,5,2020,7735000000.0,3887000000.0,2490000000.0,7725000000.0,0.5025210084033613,22.769021320971444,0.9987071751777634,2456000000.0,0.01384364820846895,0
849399,Gen Digital,Information Technology,2022-05-20,0,2022,5,2021,6361000000.0,554000000.0,2551000000.0,6861000000.0,0.08709322433579626,22.57345143464308,1.0786039930828486,2490000000.0,0.02449799196787139,0
849399,Gen Digital,Information Technology,2023-05-25,4,2023,5,2022,6943000000.0,836000000.0,2796000000.0,7036000000.0,0.12040904508137693,22.660999794717547,1.013394786115512,2551000000.0,0.09604076832614661,1
849399,Gen Digital,Information Technology,2024-05-16,6,2024,5,2023,15947000000.0,1334000000.0,3317000000.0,13747000000.0,0.08365209757321126,23.492536560712246,0.8620430174954536,2796000000.0,0.1863376251788269,1
849399,Gen Digital,Information Technology,2025-05-15,9,2025,5,2024,15793000000.0,607000000.0,3800000000.0,13653000000.0,0.038434749572595454,23.482832640834328,0.8644969290191857,3317000000.0,0.14561350618028346,1
849399,Gen Digital,Information Technology,2026-05-21,10,2026,5,2025,15495000000.0,643000000.0,3935000000.0,13226000000.0,0.041497257179735396,23.463783228186124,0.8535656663439819,3800000000.0,0.03552631578947363,1
857005,PTC Inc.,Information Technology,2019-11-18,16,2019,11,2019,2664588000.0,-27460000.0,1255631000.0,1462590000.0,-0.010305533163100638,21.70331528599004,0.5488991168615937,,,1
857005,PTC Inc.,Information Technology,2020-11-20,12,2020,11,2020,3382738000.0,130695000.0,1458415000.0,1944490000.0,0.03863586242860074,21.941951277692084,0.5748272553180294,1255631000.0,0.16149967625839112,1
857005,PTC Inc.,Information Technology,2021-11-22,8,2021,11,2021,4507560000.0,476923000.0,1807159000.0,2469092000.0,0.10580513625997214,22.229021824101242,0.547766862781638,1458415000.0,0.23912535183743988,1
857005,PTC Inc.,Information Technology,2022-11-15,5,2022,11,2022,4687268000.0,313081000.0,1933347000.0,2391234000.0,0.0667939191870403,22.268115733684773,0.5101551692798449,1807159000.0,0.06982672803001844,1
857005,PTC Inc.,Information Technology,2023-11-20,2,2023,11,2023,6288842000.0,245540000.0,2097053000.0,3611552000.0,0.03904375400113407,22.562042788961143,0.5742793347328491,1933347000.0,0.08467491867729904,1
857005,PTC Inc.,Information Technology,2024-11-14,2,2024,11,2024,6383542000.0,376333000.0,2298472000.0,3169144000.0,0.05895363420496019,22.57698895266571,0.4964554161310445,2097053000.0,0.09604859772261354,1
857005,PTC Inc.,Information Technology,2025-11-21,4,2025,11,2025,6617172000.0,733997000.0,2739226000.0,2790943000.0,0.11092306501931641,22.61293392529122,0.4217727754394173,2298472000.0,0.19175956896581736,1
858877,Cisco,Information Technology,2019-09-05,6,2019,9,2019,97793000000.0,11621000000.0,51904000000.0,64222000000.0,0.11883263628276053,25.30611883678347,0.6567136707126277,,,1
858877,Cisco,Information Technology,2020-09-03,7,2020,9,2020,94853000000.0,11214000000.0,49301000000.0,56933000000.0,0.11822504296121367,25.27559416171497,0.600223503737362,51904000000.0,-0.05015027743526512,1
858877,Cisco,Information Technology,2021-09-09,10,2021,9,2021,97497000000.0,10591000000.0,49818000000.0,56222000000.0,0.1086289834559012,25.30308744524606,0.5766536406248397,49301000000.0,0.010486602705827464,1
858877,Cisco,Information Technology,2022-09-08,7,2022,9,2022,94002000000.0,11812000000.0,51557000000.0,54229000000.0,0.12565690091700177,25.266581895585816,0.5768919810216804,49818000000.0,0.03490706170460478,1
858877,Cisco,Information Technology,2023-09-07,11,2023,9,2023,101852000000.0,12613000000.0,56998000000.0,57499000000.0,0.12383654714684052,25.346786616147096,0.5645348152220869,51557000000.0,0.10553368116841555,1
858877,Cisco,Information Technology,2024-09-05,9,2024,9,2024,124413000000.0,10320000000.0,53803000000.0,78956000000.0,0.08294953099756457,25.546872513399293,0.6346282140933825,56998000000.0,-0.0560545984069617,1
858877,Cisco,Information Technology,2025-09-03,5,2025,9,2025,122291000000.0,10180000000.0,56654000000.0,75448000000.0,0.08324406538502424,25.529669287397763,0.6169546409793034,53803000000.0,0.05298961024478199,1
860730,HCA Healthcare,Health Care,2019-02-21,0,2019,2,2018,39207000000.0,3787000000.0,,42125000000.0,0.09658989466166756,24.392121139229417,1.0744254852449817,,,0
860730,HCA Healthcare,Health Care,2020-02-20,0,2020,2,2019,45058000000.0,3505000000.0,51336000000.0,45623000000.0,0.0777886279905899,24.531216385701363,1.0125393936703804,,,0
860730,HCA Healthcare,Health Care,2021-02-19,0,2021,2,2020,47490000000.0,3754000000.0,51533000000.0,47490000000.0,0.07904822067803748,24.583784999507444,1.0,51336000000.0,0.003837462988935725,0
860730,HCA Healthcare,Health Care,2022-02-18,0,2022,2,2021,50742000000.0,6956000000.0,58752000000.0,50742000000.0,0.13708564896929565,24.65001980697455,1.0,51533000000.0,0.14008499408146236,0
860730,HCA Healthcare,Health Care,2023-02-17,1,2023,2,2022,52438000000.0,5643000000.0,60233000000.0,52438000000.0,0.10761279987795111,24.682897356289285,1.0,58752000000.0,0.025207652505446543,1
860730,HCA Healthcare,Health Care,2024-02-16,7,2024,2,2023,56211000000.0,5242000000.0,64968000000.0,56211000000.0,0.09325576844389888,24.752378304230895,1.0,60233000000.0,0.07861139242607873,1
860730,HCA Healthcare,Health Care,2025-02-14,4,2025,2,2024,59513000000.0,5760000000.0,70603000000.0,59513000000.0,0.09678557626064893,24.809460613028058,1.0,64968000000.0,0.0867350080039404,1
860730,HCA Healthcare,Health Care,2026-02-10,6,2026,2,2025,60720000000.0,6784000000.0,75600000000.0,60720000000.0,0.11172595520421608,24.829538970033788,1.0,70603000000.0,0.07077602934719485,1
860731,Tyler Technologies,Information Technology,2019-02-20,5,2019,2,2018,1790963000.0,147462000.0,935282000.0,1790963000.0,0.08233670935692139,21.306019300961783,1.0,,,1
860731,Tyler Technologies,Information Technology,2020-02-19,6,2020,2,2019,2191614000.0,146527000.0,1086427000.0,2191614000.0,0.06685803248199729,21.507904095635144,1.0,935282000.0,0.16160366606007592,1
860731,Tyler Technologies,Information Technology,2021-02-19,6,2021,2,2020,2607274000.0,194820000.0,1116663000.0,621163000.0,0.07472172084713766,21.68157106802439,0.23824231745493568,1086427000.0,0.027830677993091024,1
860731,Tyler Technologies,Information Technology,2022-02-23,7,2022,2,2021,4732161000.0,161458000.0,1592287000.0,2408129000.0,0.03411929560300252,22.2776478061524,0.5088856866873296,1116663000.0,0.4259333388855904,1
860731,Tyler Technologies,Information Technology,2023-02-22,7,2023,2,2022,4687417000.0,164240000.0,1850204000.0,2063028000.0,0.03503848708147792,22.268147521419507,0.4401204330658015,1592287000.0,0.16197896484741747,1
860731,Tyler Technologies,Information Technology,2024-02-21,7,2024,2,2023,4676663000.0,165919000.0,1951751000.0,1738668000.0,0.035478074858077226,22.26585065835815,0.37177534494146786,1850204000.0,0.05488421817269873,1
860731,Tyler Technologies,Information Technology,2025-02-19,15,2025,2,2024,5180015000.0,263026000.0,2137803000.0,1791593000.0,0.05077707303936379,22.368073788966505,0.34586637297382344,1951751000.0,0.09532568447512002,1
860731,Tyler Technologies,Information Technology,2026-02-18,17,2026,2,2025,5638908000.0,315603000.0,2332340000.0,1936119000.0,0.05596881523869515,22.452956266688904,0.34334998904043124,2137803000.0,0.09099856254294703,1
864749,Trimble Inc.,Information Technology,2019-02-22,2,2019,2,2018,5776400000.0,282800000.0,3132000000.0,3101600000.0,0.0489578284052351,22.477046488216683,0.5369434249705699,,,1
864749,Trimble Inc.,Information Technology,2020-02-28,1,2020,2,2019,,,,,,,,3132000000.0,,1
864749,Trimble Inc.,Information Technology,2021-02-26,2,2021,2,2020,6640700000.0,514300000.0,3271300000.0,3520300000.0,0.07744665472013493,22.616483216565026,0.5301097775836885,,,1
864749,Trimble Inc.,Information Technology,2022-02-23,2,2022,2,2021,7099600000.0,492700000.0,3659400000.0,3154900000.0,0.06939827595920897,22.683304281378465,0.4443771480083385,3271300000.0,0.11863785039586716,1
864749,Trimble Inc.,Information Technology,2023-02-17,5,2023,2,2022,7269000000.0,449700000.0,3676300000.0,3218800000.0,0.06186545604622369,22.70688456744891,0.4428119411198239,3659400000.0,0.004618243427884305,1
864749,Trimble Inc.,Information Technology,2024-02-26,3,2024,2,2023,9539300000.0,311300000.0,3798700000.0,5039200000.0,0.03263342173954064,22.978685944452454,0.5282567903305274,3676300000.0,0.0332943448576013,1
864749,Trimble Inc.,Information Technology,2025-04-25,12,2025,4,2024,,,,,,,,3798700000.0,,1
864749,Trimble Inc.,Information Technology,2026-02-25,14,2026,2,2025,9488300000.0,1504400000.0,3683300000.0,3743000000.0,0.1585531654774828,22.97332529758893,0.3944858404561407,,,1
865752,Monster Beverage,Consumer Staples,2019-02-28,0,2019,2,2018,4526891000.0,,3807183000.0,4526891000.0,,22.233301227354673,1.0,,,0
865752,Monster Beverage,Consumer Staples,2020-02-28,0,2020,2,2019,5150352000.0,,4200819000.0,5150352000.0,,22.3623308988009,1.0,3807183000.0,0.103392981109655,0
865752,Monster Beverage,Consumer Staples,2021-03-01,0,2021,3,2020,6202716000.0,,4598638000.0,6202716000.0,,22.54825309759134,1.0,4200819000.0,0.09470034295693286,0
865752,Monster Beverage,Consumer Staples,2022-02-28,0,2022,2,2021,7804784000.0,,5541352000.0,7804784000.0,,22.77800271596327,1.0,4598638000.0,0.204998523475864,0
865752,Monster Beverage,Consumer Staples,2023-03-01,0,2023,3,2022,8293105000.0,,6311050000.0,8293105000.0,,22.838690283615925,1.0,5541352000.0,0.13890075923709588,0
865752,Monster Beverage,Consumer Staples,2024-02-29,0,2024,2,2023,9686522000.0,,7140027000.0,9686522000.0,,22.994001271690884,1.0,6311050000.0,0.13135326134319958,0
865752,Monster Beverage,Consumer Staples,2025-02-28,0,2025,2,2024,7719089000.0,,7492709000.0,7719089000.0,,22.76696218883859,1.0,7140027000.0,0.04939505130722899,0
865752,Monster Beverage,Consumer Staples,2026-02-27,5,2026,2,2025,9988945000.0,,8294343000.0,9988945000.0,,23.024744818424605,1.0,7492709000.0,0.106988540459799,1
866374,Flex Ltd.,Information Technology,2019-05-21,9,2019,5,2018,13715855000.0,428534000.0,25441131000.0,13715855000.0,0.031243695708360872,23.341818299895987,1.0,,,1
866374,Flex Ltd.,Information Technology,2020-05-28,10,2020,5,2019,13499367000.0,93000000.0,26211000000.0,13499367000.0,0.006889211916380968,23.325908632402587,1.0,25441131000.0,0.030260800905431484,1
866374,Flex Ltd.,Information Technology,2021-05-19,5,2021,5,2020,13690000000.0,88000000.0,24210000000.0,13690000000.0,0.006428049671292914,23.33993147624677,1.0,26211000000.0,-0.07634199381938878,1
866374,Flex Ltd.,Information Technology,2022-05-20,5,2022,5,2021,15836000000.0,613000000.0,24124000000.0,12400000000.0,0.038709270017681235,23.485551666190293,0.7830260166708765,24210000000.0,-0.003552251135894302,1
866374,Flex Ltd.,Information Technology,2023-05-19,5,2023,5,2022,19325000000.0,936000000.0,24633000000.0,15118000000.0,0.0484346701164295,23.684665431419898,0.7823027166882277,24124000000.0,0.021099320179074788,1
866374,Flex Ltd.,Information Technology,2024-05-17,6,2024,5,2023,21407000000.0,793000000.0,28502000000.0,15701000000.0,0.03704395758396786,23.786983808291495,0.7334516746858504,24633000000.0,0.15706572484066084,1
866374,Flex Ltd.,Information Technology,2025-05-21,8,2025,5,2024,18257000000.0,1006000000.0,26415000000.0,12932000000.0,0.05510215259900312,23.627814405077782,0.7083310511036862,28502000000.0,-0.07322293172408956,1
866374,Flex Ltd.,Information Technology,2026-05-20,6,2026,5,2025,18381000000.0,838000000.0,25813000000.0,13379000000.0,0.045590555464882214,23.634583359358036,0.727871171318209,26415000000.0,-0.022790081393147865,1
866787,AutoZone,Consumer Discretionary,2019-10-28,1,2019,10,2019,9895913000.0,1617221000.0,11863743000.0,9895913000.0,0.16342312225259054,23.01538768056707,1.0,,,1
866787,AutoZone,Consumer Discretionary,2020-10-26,2,2020,10,2020,14423872000.0,1732972000.0,12631967000.0,14423872000.0,0.12014610223939869,23.39215044870933,1.0,11863743000.0,0.06475393136887742,1
866787,AutoZone,Consumer Discretionary,2021-10-25,2,2021,10,2021,14516199000.0,2170314000.0,14629585000.0,14516199000.0,0.14950979936276707,23.398531035214017,1.0,12631967000.0,0.15813990014381774,1
866787,AutoZone,Consumer Discretionary,2022-10-24,2,2022,10,2022,15275043000.0,2429604000.0,16252230000.0,15275043000.0,0.15905709725334324,23.449486157057393,1.0,14629585000.0,0.11091531304544855,1
866787,AutoZone,Consumer Discretionary,2023-10-24,2,2023,10,2023,15985878000.0,2528426000.0,17457209000.0,15985878000.0,0.15816622646563422,23.494971544443402,1.0,16252230000.0,0.07414237923041944,1
866787,AutoZone,Consumer Discretionary,2024-10-28,8,2024,10,2024,17176538000.0,2662427000.0,18490268000.0,17176538000.0,0.15500370330738358,23.566810219808307,1.0,17457209000.0,0.059176641581137,1
866787,AutoZone,Consumer Discretionary,2025-10-27,9,2025,10,2025,19355324000.0,2498247000.0,18938717000.0,19355324000.0,0.1290728587131892,23.686233360696413,1.0,18490268000.0,0.024253245004344892,1
872589,Regeneron Pharmaceuticals,Health Care,2019-02-07,1,2019,2,2018,11734500000.0,2444400000.0,5145600000.0,2977200000.0,0.20830883292854405,23.185799057757517,0.2537134091780647,,,1
872589,Regeneron Pharmaceuticals,Health Care,2020-02-07,1,2020,2,2019,14805200000.0,2115800000.0,6557600000.0,3715500000.0,0.14290924810201822,23.4182443073584,0.25095912247048335,5145600000.0,0.2744092039800996,1
872589,Regeneron Pharmaceuticals,Health Care,2021-02-08,1,2021,2,2020,17163300000.0,3513200000.0,8497100000.0,6138000000.0,0.20469257077601627,23.56603922020978,0.35762353393578156,6557600000.0,0.29576369403440284,1
872589,Regeneron Pharmaceuticals,Health Care,2022-02-07,2,2022,2,2021,25434800000.0,8075300000.0,16071700000.0,6666000000.0,0.3174902102631041,23.95938415200957,0.2620818720807712,8497100000.0,0.891433547916348,1
872589,Regeneron Pharmaceuticals,Health Care,2023-02-06,2,2023,2,2022,29214500000.0,4338400000.0,12172900000.0,6550500000.0,0.14850160023276113,24.097930998310378,0.22422084923582467,16071700000.0,-0.2425879029598611,1
872589,Regeneron Pharmaceuticals,Health Care,2024-02-05,6,2024,2,2023,33080200000.0,3953600000.0,13117200000.0,7107100000.0,0.11951560147762105,24.22220075303284,0.21484452935592893,12172900000.0,0.07757395526127708,1
872589,Regeneron Pharmaceuticals,Health Care,2025-02-05,6,2025,2,2024,37759400000.0,4412600000.0,14202000000.0,8405800000.0,0.11686096707045134,24.35450028826696,0.2226147661244617,13117200000.0,0.08270057634251216,1
872589,Regeneron Pharmaceuticals,Health Care,2026-02-04,4,2026,2,2025,40558700000.0,4504900000.0,14342900000.0,9301800000.0,0.11107111421224053,24.426016144433635,0.2293416702211856,14202000000.0,0.009921137867905827,1
874716,Idexx Laboratories,Health Care,2019-02-15,2,2019,2,2018,1537349000.0,377031000.0,2213242000.0,1546582000.0,0.245247500730153,21.15332534143978,1.0060057930892725,,,1
874716,Idexx Laboratories,Health Care,2020-02-14,3,2020,2,2019,1832475000.0,427720000.0,2406908000.0,1654650000.0,0.23341109701360183,21.328933349067217,0.9029591126754799,2213242000.0,0.08750330962452368,1
874716,Idexx Laboratories,Health Care,2021-02-12,2,2021,2,2020,2294561000.0,581776000.0,2706655000.0,1661766000.0,0.25354566734116024,21.553807376758485,0.7242195783855823,2406908000.0,0.1245361268482219,1
874716,Idexx Laboratories,Health Care,2022-02-16,2,2022,2,2021,2437203000.0,744845000.0,3215360000.0,1747211000.0,0.3056146738700059,21.614116907258587,0.716891863336784,2706655000.0,0.18794600715643472,1
874716,Idexx Laboratories,Health Care,2023-02-16,2,2023,2,2022,2746765000.0,679089000.0,3367324000.0,2138028000.0,0.24723228962069926,21.73368969252972,0.778380385653669,3215360000.0,0.047261892914012726,1
874716,Idexx Laboratories,Health Care,2024-02-22,12,2024,2,2023,3259925000.0,845042000.0,3660953000.0,1775395000.0,0.259221301103553,21.90497002592541,0.5446122226738345,3367324000.0,0.08719950916514119,1
874716,Idexx Laboratories,Health Care,2025-02-21,13,2025,2,2024,3293443000.0,887867000.0,3897504000.0,1698130000.0,0.2695862658014728,21.915199359078798,0.5156093486360627,3660953000.0,0.06461459625403543,1
874716,Idexx Laboratories,Health Care,2026-02-20,11,2026,2,2025,3350759000.0,1059464000.0,4303702000.0,1745376000.0,0.3161862730205306,21.932452724285103,0.5208897446817273,3897504000.0,0.10422003415519265,1
874761,AES Corporation,Utilities,2019-02-27,0,2019,2,2018,32521000000.0,1203000000.0,10736000000.0,32521000000.0,0.03699148242673964,24.205151871460743,1.0,,,0
874761,AES Corporation,Utilities,2020-02-28,0,2020,2,2019,33648000000.0,303000000.0,10189000000.0,33648000000.0,0.009004992867332383,24.239219455906756,1.0,10736000000.0,-0.05095007451564826,0
874761,AES Corporation,Utilities,2021-02-25,2,2021,2,2020,34603000000.0,46000000.0,9660000000.0,34603000000.0,0.0013293645059676907,24.267206220453723,1.0,10189000000.0,-0.05191873589164786,1
874761,AES Corporation,Utilities,2022-02-28,2,2022,2,2021,32963000000.0,-409000000.0,11141000000.0,32963000000.0,-0.012407851227133452,24.218651557263144,1.0,9660000000.0,0.1533126293995859,1
874761,AES Corporation,Utilities,2023-03-01,4,2023,3,2022,38363000000.0,-546000000.0,12617000000.0,38363000000.0,-0.01423246357167062,24.37035929036875,1.0,11141000000.0,0.13248361906471584,1
874761,AES Corporation,Utilities,2024-02-26,9,2024,2,2023,44799000000.0,249000000.0,12668000000.0,44799000000.0,0.00555815978035224,24.52545165468965,1.0,12617000000.0,0.0040421653324880236,1
874761,AES Corporation,Utilities,2025-03-11,9,2025,3,2024,47406000000.0,1679000000.0,12278000000.0,47406000000.0,0.03541745770577564,24.582014639915062,1.0,12668000000.0,-0.03078623302810235,1
874761,AES Corporation,Utilities,2026-03-02,8,2026,3,2025,51768000000.0,910000000.0,12233000000.0,51768000000.0,0.01757842682738371,24.670038034701378,1.0,12278000000.0,-0.003665092034533357,1
874766,Hartford (The),Financials,2019-02-22,0,2019,2,2018,62307000000.0,1807000000.0,18955000000.0,49206000000.0,0.02900155680742132,24.85533961597852,0.7897347007559343,,,0
874766,Hartford (The),Financials,2020-02-21,2,2020,2,2019,70817000000.0,2085000000.0,20740000000.0,54547000000.0,0.029442083115636074,24.983364921817927,0.7702529053758278,18955000000.0,0.094170403587444,1
874766,Hartford (The),Financials,2021-02-19,2,2021,2,2020,74111000000.0,1737000000.0,20523000000.0,55555000000.0,0.02343781624860007,25.028829806274317,0.7496188150207121,20740000000.0,-0.010462873674059736,1
874766,Hartford (The),Financials,2022-02-18,6,2022,2,2021,76578000000.0,2371000000.0,22390000000.0,58735000000.0,0.030961895061244745,25.061575666175017,0.7669957429026614,20523000000.0,0.09097110558885158,1
874766,Hartford (The),Financials,2023-02-24,6,2023,2,2022,73008000000.0,1819000000.0,22362000000.0,59332000000.0,0.024915077799693184,25.01383486113146,0.8126780626780626,22390000000.0,-0.0012505582849486885,1
874766,Hartford (The),Financials,2024-02-23,20,2024,2,2023,76780000000.0,2504000000.0,24527000000.0,61453000000.0,0.03261265954675697,25.06421002651906,0.8003777025266997,22362000000.0,0.0968160271889813,1
874766,Hartford (The),Financials,2025-02-21,21,2025,2,2024,80917000000.0,3111000000.0,26535000000.0,64470000000.0,0.03844680351471261,25.11668977490572,0.7967423409172362,24527000000.0,0.08186896073714678,1
874766,Hartford (The),Financials,2026-02-20,30,2026,2,2025,85997000000.0,3836000000.0,28368000000.0,67018000000.0,0.04460620719327418,25.177578248870535,0.7793062548693559,26535000000.0,0.0690785754663652,1
875045,Biogen,Health Care,2019-02-06,0,2019,2,2018,25288900000.0,4430700000.0,13452900000.0,12257300000.0,0.17520335008640153,23.953631401229583,0.4846909118229737,,,0
875045,Biogen,Health Care,2020-02-06,0,2020,2,2019,27234300000.0,5888500000.0,14377900000.0,13895200000.0,0.21621631545514297,24.027743045230334,0.5102095519253295,13452900000.0,0.06875840896758323,0
875045,Biogen,Health Care,2021-02-03,0,2021,2,2020,24618900000.0,4000600000.0,13444600000.0,13932800000.0,0.16250116780197327,23.926780277581912,0.5659391768113117,14377900000.0,-0.06491212207624197,0
875045,Biogen,Health Care,2022-02-03,2,2022,2,2021,23877300000.0,1556100000.0,10981700000.0,12917600000.0,0.06517068512771544,23.896194053751813,0.5409991917009042,13444600000.0,-0.18318878955119533,1
875045,Biogen,Health Care,2023-02-15,0,2023,2,2022,24554100000.0,3046900000.0,10173400000.0,11165700000.0,0.1240892559694715,23.924144683352953,0.4547387198064682,10981700000.0,-0.07360426892011251,0
875045,Biogen,Health Care,2024-02-14,3,2024,2,2023,26844800000.0,1161100000.0,9835600000.0,12045400000.0,0.04325232447252354,24.013337970616252,0.44870514960066754,10173400000.0,-0.03320423850433485,1
875045,Biogen,Health Care,2025-02-12,2,2025,2,2024,28049300000.0,1632200000.0,9675900000.0,11333300000.0,0.0581904004734521,24.057229513167005,0.40404929891298536,9835600000.0,-0.016236935214933523,1
875045,Biogen,Health Care,2026-02-06,2,2026,2,2025,29439500000.0,1292900000.0,9890600000.0,11182700000.0,0.04391718609351382,24.105603146967212,0.3798535980570322,9675900000.0,0.022189150363273624,1
875320,Vertex Pharmaceuticals,Health Care,2019-02-13,0,2019,2,2018,6245898000.0,2096896000.0,3047597000.0,1810695000.0,0.3357237021802149,22.555190765222466,0.2899014681315641,,,0
875320,Vertex Pharmaceuticals,Health Care,2020-02-13,0,2020,2,2019,8318465000.0,1176800000.0,4162800000.0,2233221000.0,0.14146840793343485,22.84174357956589,0.2684655161739576,3047597000.0,0.3659286316399446,0
875320,Vertex Pharmaceuticals,Health Care,2021-02-11,0,2021,2,2020,11751800000.0,2711700000.0,6205700000.0,3065000000.0,0.23074763015027486,23.187272257293323,0.2608111097874368,4162800000.0,0.4907514173152685,0
875320,Vertex Pharmaceuticals,Health Care,2022-02-09,0,2022,2,2021,13432500000.0,2342100000.0,7574400000.0,3332500000.0,0.1743606923506421,23.32094298056725,0.24809231341894658,6205700000.0,0.2205552959376058,0
875320,Vertex Pharmaceuticals,Health Care,2023-02-10,0,2023,2,2022,18150900000.0,3322000000.0,8930700000.0,4238200000.0,0.1830212275975296,23.62198598320475,0.23349806345690846,7574400000.0,0.17906368821292773,0
875320,Vertex Pharmaceuticals,Health Care,2024-02-15,2,2024,2,2023,22730200000.0,3619600000.0,9869200000.0,5149800000.0,0.15924188964461378,23.846960273716277,0.22656201881197702,8930700000.0,0.10508694727177037,1
875320,Vertex Pharmaceuticals,Health Care,2025-02-13,2,2025,2,2024,22533200000.0,-535600000.0,11020100000.0,6123600000.0,-0.023769371416398913,23.83825561414995,0.2717590044911508,9869200000.0,0.11661532849673728,1
875320,Vertex Pharmaceuticals,Health Care,2026-02-13,13,2026,2,2025,25643000000.0,3953200000.0,12001300000.0,6977200000.0,0.154162929454432,23.967536466834552,0.2720898490816207,11020100000.0,0.08903730456166459,1
877212,Zebra Technologies,Information Technology,2019-02-14,5,2019,2,2018,4339000000.0,421000000.0,4218000000.0,3004000000.0,0.09702696473841899,22.190909743762624,0.6923254206038257,,,1
877212,Zebra Technologies,Information Technology,2020-02-13,15,2020,2,2019,4711000000.0,544000000.0,4485000000.0,2872000000.0,0.11547442156654639,22.273166036664318,0.6096370197410317,4218000000.0,0.06330014224751057,1
877212,Zebra Technologies,Information Technology,2021-02-11,14,2021,2,2020,5375000000.0,504000000.0,4448000000.0,3231000000.0,0.09376744186046512,22.405024410960134,0.6011162790697674,4485000000.0,-0.008249721293199563,1
877212,Zebra Technologies,Information Technology,2022-02-10,23,2022,2,2021,6215000000.0,837000000.0,5627000000.0,3231000000.0,0.13467417538214,22.550231561909083,0.5198712791633145,4448000000.0,0.26506294964028787,1
877212,Zebra Technologies,Information Technology,2023-02-16,18,2023,2,2022,7529000000.0,463000000.0,5781000000.0,4796000000.0,0.061495550537920045,22.7420280678144,0.6370035861336166,5627000000.0,0.027368046916651956,1
877212,Zebra Technologies,Information Technology,2024-02-15,20,2024,2,2023,7306000000.0,296000000.0,4584000000.0,4270000000.0,0.0405146454968519,22.7119617653195,0.5844511360525595,5781000000.0,-0.20705760249091854,1
877212,Zebra Technologies,Information Technology,2025-02-13,18,2025,2,2024,7968000000.0,528000000.0,4981000000.0,4382000000.0,0.06626506024096386,22.79869935722871,0.5499497991967871,4584000000.0,0.08660558464223378,1
877212,Zebra Technologies,Information Technology,2026-02-12,31,2026,2,2025,8502000000.0,419000000.0,5396000000.0,4914000000.0,0.04928252175958598,22.86356726688301,0.5779816513761468,4981000000.0,0.08331660309174871,1
878927,Old Dominion,Industrials,2019-02-27,0,2019,2,2018,3545283000.0,605668000.0,,864800000.0,0.17083770181393135,21.98888382449173,0.2439297511651397,,,0
878927,Old Dominion,Industrials,2020-02-26,0,2020,2,2019,3995568000.0,615518000.0,,914851000.0,0.1540501876078695,22.10845158378051,0.2289664448208615,,,0
878927,Old Dominion,Industrials,2021-02-24,0,2021,2,2020,4369410000.0,672682000.0,,1043122000.0,0.15395259314186582,22.1978938254974,0.23873291817430728,,,0
878927,Old Dominion,Industrials,2022-02-23,0,2022,2,2021,4821544000.0,1034375000.0,,1141737000.0,0.21453190098441496,22.296360045663803,0.23679904196663973,,,0
878927,Old Dominion,Industrials,2023-02-22,0,2023,2,2022,4838610000.0,1377159000.0,,1185693000.0,0.2846187231456968,22.299893326345337,0.2450482679943207,,,0
878927,Old Dominion,Industrials,2024-02-26,2,2024,2,2023,5512393000.0,1239502000.0,,1254582000.0,0.22485733509929354,22.430264667100154,0.22759298910654593,,,1
878927,Old Dominion,Industrials,2025-02-25,1,2025,2,2024,5491395000.0,1186073000.0,,1246807000.0,0.2159875587168652,22.426448158550986,0.2270474078080342,,,1
878927,Old Dominion,Industrials,2026-02-24,3,2026,2,2025,5470160000.0,1023703000.0,,1159103000.0,0.187143154862015,22.422573703409554,0.21189563010953977,,,1
879101,Kimco Realty,Real Estate,2019-02-15,0,2019,2,2018,10999100000.0,497795000.0,1164762000.0,5564365000.0,0.045257793819494324,23.12107928821567,0.5058927548617614,,,0
879101,Kimco Realty,Real Estate,2020-02-25,0,2020,2,2019,10997867000.0,410605000.0,1158884000.0,6051017000.0,0.03733496686221065,23.12096718185107,0.5501991431611238,1164762000.0,-0.005046524526040486,0
879101,Kimco Realty,Real Estate,2021-02-23,0,2021,2,2020,11614498000.0,1000833000.0,1057893000.0,5928460000.0,0.08617100799363003,23.1755199822606,0.5104361807113833,1158884000.0,-0.08714504644123144,0
879101,Kimco Realty,Real Estate,2022-03-01,0,2022,3,2021,18459199000.0,844059000.0,1364585000.0,8335537000.0,0.04572565689334624,23.63882867396377,0.45156547692020654,1057893000.0,0.28990833666542826,0
879101,Kimco Realty,Real Estate,2023-02-24,0,2023,2,2022,17826122000.0,125976000.0,1727684000.0,8086280000.0,0.007066932448908405,23.603930746567343,0.45361969361591936,1364585000.0,0.2660874918015368,0
879101,Kimco Realty,Real Estate,2024-02-26,3,2024,2,2023,18274022000.0,654273000.0,1783400000.0,8548287000.0,0.035803448195476616,23.62874632541836,0.46778355635119623,1727684000.0,0.03224895293352259,1
879101,Kimco Realty,Real Estate,2025-02-21,6,2025,2,2024,20309896000.0,410785000.0,2037014000.0,9464107000.0,0.020225854430766164,23.73437409189536,0.4659850055362174,1783400000.0,0.14220814175171026,1
879101,Kimco Realty,Real Estate,2026-02-20,5,2026,2,2025,19688250000.0,584741000.0,2140116000.0,9120372000.0,0.029699998730207105,23.703287848044752,0.4632393432631138,2037014000.0,0.050614281492419755,1
879169,Incyte,Health Care,2019-02-14,0,2019,2,2018,2645762000.0,109493000.0,1881883000.0,719795000.0,0.041384296849074104,21.696224951503744,0.2720558387337939,,,0
879169,Incyte,Health Care,2020-02-13,0,2020,2,2019,3426750000.0,446906000.0,2158759000.0,828344000.0,0.1304168672940833,21.954878127075762,0.24172875173269132,1881883000.0,0.14712710620160774,0
879169,Incyte,Health Care,2021-02-09,0,2021,2,2020,3560918000.0,-295697000.0,2666702000.0,949650000.0,-0.08303954205067345,21.993284213737383,0.26668684872833354,2158759000.0,0.23529398140320423,0
879169,Incyte,Health Care,2022-02-08,0,2022,2,2021,4933352000.0,948581000.0,2986267000.0,1163348000.0,0.19227920488949501,22.319284512824996,0.23581289151878884,2666702000.0,0.11983528718244485,0
879169,Incyte,Health Care,2023-02-07,0,2023,2,2022,5840984000.0,340660000.0,3394635000.0,1470865000.0,0.05832236486181096,22.488165112743857,0.2518180155946327,2986267000.0,0.13674865643293121,0
879169,Incyte,Health Care,2024-02-13,2,2024,2,2023,6782107000.0,597599000.0,3695649000.0,1592270000.0,0.08811406248825034,22.63755365758232,0.23477512224445884,3394635000.0,0.08867345090120149,1
879169,Incyte,Health Care,2025-02-10,3,2025,2,2024,5444322000.0,32615000.0,4241217000.0,1996694000.0,0.005990644932463583,22.417839067672002,0.36674796237254154,3695649000.0,0.1476244091362573,1
879169,Incyte,Health Care,2026-02-10,5,2026,2,2025,6957973000.0,1286650000.0,5141242000.0,1790495000.0,0.18491736027144687,22.66315403324322,0.25732997239282185,4241217000.0,0.21220913714153267,1
882095,Gilead Sciences,Health Care,2019-02-26,0,2019,2,2018,63675000000.0,5455000000.0,22127000000.0,63675000000.0,0.0856694149980369,24.87705785781193,1.0,,,0
882095,Gilead Sciences,Health Care,2020-02-25,0,2020,2,2019,61627000000.0,5386000000.0,22449000000.0,61627000000.0,0.08739675791455044,24.844365923143688,1.0,22127000000.0,0.014552356849098391,0
882095,Gilead Sciences,Health Care,2021-02-25,0,2021,2,2020,68407000000.0,123000000.0,24689000000.0,68407000000.0,0.0017980616018828484,24.948740995519906,1.0,22449000000.0,0.09978172747115677,0
882095,Gilead Sciences,Health Care,2022-02-23,0,2022,2,2021,67952000000.0,6225000000.0,27305000000.0,67952000000.0,0.09160878267012008,24.942067410517325,1.0,24689000000.0,0.10595811900036445,0
882095,Gilead Sciences,Health Care,2023-02-22,0,2023,2,2022,63171000000.0,4592000000.0,27281000000.0,63171000000.0,0.07269158316316031,24.869111172030912,1.0,27305000000.0,-0.0008789598974546786,0
882095,Gilead Sciences,Health Care,2024-02-23,0,2024,2,2023,62125000000.0,5665000000.0,27116000000.0,62125000000.0,0.0911871227364185,24.852414321363202,1.0,27281000000.0,-0.006048165389831772,0
882095,Gilead Sciences,Health Care,2025-02-28,2,2025,2,2024,58995000000.0,480000000.0,28754000000.0,58995000000.0,0.00813628273582507,24.800718531498294,1.0,27116000000.0,0.06040713969612033,1
882095,Gilead Sciences,Health Care,2026-02-24,4,2026,2,2025,59023000000.0,8510000000.0,29443000000.0,59023000000.0,0.1441810819511038,24.801193035396434,1.0,28754000000.0,0.023961883564025843,1
882184,D. R. Horton,Consumer Discretionary,2019-11-25,0,2019,11,2019,15606600000.0,1618500000.0,17592900000.0,5311500000.0,0.10370612433201339,23.470959738653175,0.3403367805928261,,,0
882184,D. R. Horton,Consumer Discretionary,2020-11-20,0,2020,11,2020,18912300000.0,2373700000.0,20311100000.0,6790800000.0,0.1255109108886809,23.663078340988445,0.3590679081867356,17592900000.0,0.1545055107458122,0
882184,D. R. Horton,Consumer Discretionary,2021-11-18,0,2021,11,2021,24015900000.0,4175800000.0,27774200000.0,8799700000.0,0.17387647350297095,23.901981947938108,0.3664114191015119,20311100000.0,0.367439478905623,0
882184,D. R. Horton,Consumer Discretionary,2022-11-18,0,2022,11,2022,30351100000.0,5857500000.0,33480000000.0,10565500000.0,0.19299135780910742,24.136098597617202,0.3481092942265684,27774200000.0,0.20543526006149593,0
882184,D. R. Horton,Consumer Discretionary,2023-11-17,1,2023,11,2023,32582400000.0,4745700000.0,35460400000.0,9444500000.0,0.14565225397760753,24.207038102232236,0.2898650805342762,33480000000.0,0.05915173237753879,1
882184,D. R. Horton,Consumer Discretionary,2024-11-19,2,2024,11,2024,36104300000.0,4756400000.0,36801400000.0,10279900000.0,0.1317405406004271,24.309677808765194,0.28472785790058247,35460400000.0,0.03781683229743593,1
882184,D. R. Horton,Consumer Discretionary,2025-11-19,3,2025,11,2025,35471200000.0,3585200000.0,34250400000.0,10729000000.0,0.10107354699023433,24.291986936566495,0.3024707368231128,36801400000.0,-0.06931801507551338,1
882835,Roper Technologies,Information Technology,2019-02-25,2,2019,2,2018,15249500000.0,944400000.0,5191200000.0,7511000000.0,0.061929899340962,23.447812552577084,0.4925407390406243,,,1
882835,Roper Technologies,Information Technology,2020-02-28,6,2020,2,2019,18108900000.0,1767900000.0,4727700000.0,8617000000.0,0.09762602919006676,23.619669367074295,0.47584336983472214,5191200000.0,-0.0892857142857143,1
882835,Roper Technologies,Information Technology,2021-02-22,7,2021,2,2020,24024800000.0,949700000.0,4022400000.0,13545000000.0,0.03952998568146249,23.902352467106308,0.5637924145050115,4727700000.0,-0.1491845929310236,1
882835,Roper Technologies,Information Technology,2022-02-22,7,2022,2,2021,23713900000.0,1152600000.0,4833800000.0,12150100000.0,0.04860440501140681,23.88932721105512,0.5123619480557816,4022400000.0,0.2017203659506761,1
882835,Roper Technologies,Information Technology,2023-02-27,4,2023,2,2022,26980800000.0,4544700000.0,5371800000.0,10943000000.0,0.16844200320227717,24.018391338880196,0.4055847120915614,4833800000.0,0.11129959865943984,1
882835,Roper Technologies,Information Technology,2024-02-22,6,2024,2,2023,28167500000.0,1384200000.0,6177800000.0,10722700000.0,0.049141741368598564,24.061434668002594,0.38067631135173513,5371800000.0,0.15004281618824233,1
882835,Roper Technologies,Information Technology,2025-02-24,5,2025,2,2024,31334700000.0,1549300000.0,7039200000.0,12467100000.0,0.049443588098816965,24.167991946618386,0.3978688163601375,6177800000.0,0.1394347502347113,1
882835,Roper Technologies,Information Technology,2026-02-24,8,2026,2,2025,34577000000.0,1536300000.0,7902500000.0,14695500000.0,0.044431269340891345,24.26645455808818,0.4250079532637302,7039200000.0,0.12264177747471305,1
883241,Synopsys,Information Technology,2019-12-20,7,2019,12,2019,6405160000.0,532367000.0,3360694000.0,2316284000.0,0.08311533201356407,22.5803697524671,0.3616278125761105,,,1
883241,Synopsys,Information Technology,2020-12-15,12,2020,12,2020,8030062000.0,664347000.0,3685281000.0,3117695000.0,0.08273248699698707,22.806458085921353,0.38825291759889274,3360694000.0,0.0965833247537562,1
883241,Synopsys,Information Technology,2021-12-13,10,2021,12,2021,8752260000.0,757516000.0,4204193000.0,3453317000.0,0.08655090228123936,22.892577789680207,0.3945628900421148,3685281000.0,0.14080663048489384,1
883241,Synopsys,Information Technology,2022-12-12,12,2022,12,2022,9418087000.0,984594000.0,5081542000.0,3858897000.0,0.10454288646940722,22.965897826355178,0.4097325709562887,4204193000.0,0.2086842825721844,1
883241,Synopsys,Information Technology,2023-12-12,35,2023,12,2023,10333131000.0,1229888000.0,5318014000.0,4148830000.0,0.1190237499166516,23.058621171926582,0.4015075391960094,5081542000.0,0.04653548076548408,1
883241,Synopsys,Information Technology,2024-12-19,38,2024,12,2024,13073561000.0,2263380000.0,6127436000.0,4050355000.0,0.17312651082593336,23.293857783479265,0.3098126822523718,5318014000.0,0.15220381142283568,1
883241,Synopsys,Information Technology,2025-12-22,43,2025,12,2025,48224461000.0,1332220000.0,7054178000.0,19897446000.0,0.027625399483469603,24.59913221890021,0.4126006924162408,6127436000.0,0.151244664162955,1
884887,Royal Caribbean Group,Consumer Discretionary,2019-02-22,1,2019,2,2018,27698270000.0,1811042000.0,2332301000.0,16050789000.0,0.06538466120808267,24.04463579331567,0.5794870582169933,,,1
884887,Royal Caribbean Group,Consumer Discretionary,2020-02-25,4,2020,2,2019,30320284000.0,1878887000.0,10950661000.0,17586457000.0,0.06196798816264386,24.13508276443133,0.5800228322399619,2332301000.0,3.6952177270429507,1
884887,Royal Caribbean Group,Consumer Discretionary,2021-02-26,3,2021,2,2020,32465187000.0,-5797462000.0,2208805000.0,23704518000.0,-0.17857472990991857,24.203434182939557,0.7301519008653793,10950661000.0,-0.7982948243946187,1
884887,Royal Caribbean Group,Consumer Discretionary,2022-03-01,1,2022,3,2021,32258355000.0,-5260000000.0,1532000000.0,27172799000.0,-0.16305853165792242,24.197042916402857,0.8423491836456013,2208805000.0,-0.30641229080883103,1
884887,Royal Caribbean Group,Consumer Discretionary,2023-02-23,1,2023,2,2022,33776000000.0,-2156000000.0,8840000000.0,30907000000.0,-0.06383230696352439,24.243016328052377,0.9150580293699668,1532000000.0,4.7702349869451695,1
884887,Royal Caribbean Group,Consumer Discretionary,2024-02-21,2,2024,2,2023,35131000000.0,1697000000.0,13900000000.0,30232000000.0,0.0483049158862543,24.28234976851784,0.8605505109447497,8840000000.0,0.5723981900452488,1
884887,Royal Caribbean Group,Consumer Discretionary,2025-02-14,2,2025,2,2024,37070000000.0,2877000000.0,16484000000.0,29335000000.0,0.0776099271648233,24.33607385410905,0.7913407067709738,13900000000.0,0.1858992805755395,1
884887,Royal Caribbean Group,Consumer Discretionary,2026-02-11,5,2026,2,2025,41619000000.0,4268000000.0,17935000000.0,31374000000.0,0.10254931641798218,24.45182263071311,0.7538383911194406,16484000000.0,0.0880247512739627,1
885725,Boston Scientific,Health Care,2019-02-19,1,2019,2,2018,20999000000.0,,9823000000.0,20999000000.0,,23.767740654488392,1.0,,,1
885725,Boston Scientific,Health Care,2020-02-25,4,2020,2,2019,30565000000.0,,10735000000.0,30565000000.0,,24.1431214004271,1.0,9823000000.0,0.09284332688588015,1
885725,Boston Scientific,Health Care,2021-02-23,1,2021,2,2020,30777000000.0,,9913000000.0,30777000000.0,,24.1500334947201,1.0,10735000000.0,-0.07657196087564044,1
885725,Boston Scientific,Health Care,2022-02-23,1,2022,2,2021,32229000000.0,,11888000000.0,32229000000.0,,24.196132505298927,1.0,9913000000.0,0.1992333299707454,1
885725,Boston Scientific,Health Care,2023-02-23,1,2023,2,2022,32469000000.0,,12682000000.0,32469000000.0,,24.20355162492753,1.0,11888000000.0,0.06679004037685066,1
885725,Boston Scientific,Health Care,2024-02-20,1,2024,2,2023,35136000000.0,,14240000000.0,35136000000.0,,24.282492082833475,1.0,12682000000.0,0.12285128528623246,1
885725,Boston Scientific,Health Care,2025-02-18,1,2025,2,2024,39395000000.0,,16747000000.0,39395000000.0,,24.39690474164406,1.0,14240000000.0,0.17605337078651684,1
885725,Boston Scientific,Health Care,2026-02-17,2,2026,2,2025,43673000000.0,,20074000000.0,43673000000.0,,24.499995899130372,1.0,16747000000.0,0.1986624470054339,1
886982,Goldman Sachs,Financials,2019-02-26,2,2019,2,2018,931796000000.0,10459000000.0,,841611000000.0,0.011224559882205977,27.560379743553206,0.9032137935771349,,,1
886982,Goldman Sachs,Financials,2020-02-21,2,2020,2,2019,992968000000.0,8466000000.0,,902703000000.0,0.008525954512129293,27.623964274893275,0.9090957613941235,,,1
886982,Goldman Sachs,Financials,2021-02-22,2,2021,2,2020,1163028000000.0,9459000000.0,,1067096000000.0,0.008133080200992581,27.782048064841643,0.9175153134748261,,,1
886982,Goldman Sachs,Financials,2022-02-25,2,2022,2,2021,1463988000000.0,21635000000.0,,1354062000000.0,0.014778126596666092,28.012185334712765,0.9249133189616309,,,1
886982,Goldman Sachs,Financials,2023-02-24,2,2023,2,2022,1441799000000.0,11261000000.0,,1324610000000.0,0.007810381336094698,27.996912755339178,0.9187202931892726,,,1
886982,Goldman Sachs,Financials,2024-02-23,12,2024,2,2023,1641594000000.0,8516000000.0,,1524689000000.0,0.0051876407930340875,28.126688836945423,0.9287856802595527,,,1
886982,Goldman Sachs,Financials,2025-02-27,16,2025,2,2024,1675972000000.0,14276000000.0,,1553976000000.0,0.008518042067528575,28.14741441140497,0.9272088077843783,,,1
886982,Goldman Sachs,Financials,2026-02-25,17,2026,2,2025,1809320000000.0,17176000000.0,,1684348000000.0,0.009493069219375235,28.22397220000915,0.9309287467114717,,,1
895126,Expand Energy,Energy,2019-02-27,0,2019,2,2018,12735000000.0,226000000.0,10030000000.0,12735000000.0,0.017746368276403614,23.26761994537783,1.0,,,0
895126,Expand Energy,Energy,2020-02-27,0,2020,2,2019,16193000000.0,-308000000.0,8532000000.0,11792000000.0,-0.019020564441425306,23.507844887037745,0.7282158957574261,10030000000.0,-0.14935194416749753,0
895126,Expand Energy,Energy,2021-03-01,0,2021,3,2020,6584000000.0,-9734000000.0,5240000000.0,11925000000.0,-1.4784325637910085,22.60790830032118,1.8112089914945322,8532000000.0,-0.38584153774027197,0
895126,Expand Energy,Energy,2022-02-24,0,2022,2,2021,11009000000.0,945000000.0,5549000000.0,5338000000.0,0.08583885911526933,23.121978957034678,0.4848760105368335,5240000000.0,0.05896946564885486,0
895126,Expand Energy,Energy,2023-02-22,0,2023,2,2022,15468000000.0,4936000000.0,11743000000.0,6344000000.0,0.3191104215153866,23.46203921069146,0.4101370571502457,5549000000.0,1.1162371598486214,0
895126,Expand Energy,Energy,2024-02-21,0,2024,2,2023,14376000000.0,2419000000.0,8721000000.0,3647000000.0,0.16826655537006122,23.38882598642767,0.2536867000556483,11743000000.0,-0.25734480115813674,0
895126,Expand Energy,Energy,2025-02-26,0,2025,2,2024,27894000000.0,-714000000.0,4235000000.0,10329000000.0,-0.025596902559690257,24.051677448882913,0.3702946870294687,8721000000.0,-0.5143905515422543,0
895126,Expand Energy,Energy,2026-02-18,1,2026,2,2025,28287000000.0,1819000000.0,12124000000.0,9709000000.0,0.06430515784636053,24.06566817209806,0.34323187329868843,4235000000.0,1.862809917355372,1
895421,Morgan Stanley,Financials,2019-02-26,0,2019,2,2018,853531000000.0,8748000000.0,,772125000000.0,0.01024918837159986,27.47264769955236,0.9046244366051145,,,0
895421,Morgan Stanley,Financials,2020-02-27,0,2020,2,2019,895429000000.0,9042000000.0,,812732000000.0,0.01009795304820371,27.520568769988465,0.9076453856196304,,,0
895421,Morgan Stanley,Financials,2021-02-26,0,2021,2,2020,1115862000000.0,10996000000.0,,1012713000000.0,0.009854265133143704,27.740648316327665,0.9075611500346817,,,0
895421,Morgan Stanley,Financials,2022-02-24,0,2022,2,2021,1188140000000.0,15034000000.0,,1081542000000.0,0.012653391014526907,27.803410175043656,0.9102816166445031,,,0
895421,Morgan Stanley,Financials,2023-02-24,0,2023,2,2022,1180231000000.0,11029000000.0,,1079000000000.0,0.009344780809858408,27.796731297958967,0.9142278079460716,,,0
895421,Morgan Stanley,Financials,2024-02-22,12,2024,2,2023,1193693000000.0,9087000000.0,,1093711000000.0,0.007612510084251144,27.808072978910246,0.9162414456648401,,,1
895421,Morgan Stanley,Financials,2025-02-21,10,2025,2,2024,1215071000000.0,13390000000.0,,1109643000000.0,0.011019932168572865,27.82582362722772,0.913233053870926,,,1
895421,Morgan Stanley,Financials,2026-02-19,22,2026,2,2025,1420270000000.0,16861000000.0,,1307618000000.0,0.011871686369493125,27.98186811031231,0.9206826870947074,,,1
896159,Chubb Limited,Financials,2019-02-28,0,2019,2,2018,167771000000.0,3962000000.0,32717000000.0,117459000000.0,0.02361552354101722,25.845865791252173,0.7001150377598035,,,0
896159,Chubb Limited,Financials,2020-02-27,0,2020,2,2019,176943000000.0,4454000000.0,34186000000.0,121612000000.0,0.025171948028461143,25.899093483757884,0.687294778544503,32717000000.0,0.04490020478650236,0
896159,Chubb Limited,Financials,2021-02-25,0,2021,2,2020,190774000000.0,3533000000.0,35994000000.0,131333000000.0,0.018519295082139075,25.97435531833141,0.6884219023556669,34186000000.0,0.05288714678523365,0
896159,Chubb Limited,Financials,2022-02-24,0,2022,2,2021,200054000000.0,8525000000.0,40869000000.0,140340000000.0,0.042613494356523736,26.02185316705101,0.7015105921401221,35994000000.0,0.1354392398733122,0
896159,Chubb Limited,Financials,2023-02-24,0,2023,2,2022,199017000000.0,5246000000.0,43097000000.0,148498000000.0,0.026359557223754753,26.016656085157894,0.746157363441314,40869000000.0,0.054515647556827806,0
896159,Chubb Limited,Financials,2024-02-23,6,2024,2,2023,230682000000.0,9028000000.0,49735000000.0,166991000000.0,0.03913612678925967,26.164305975675113,0.7239013013585802,43097000000.0,0.15402464208645616,1
896159,Chubb Limited,Financials,2025-02-27,6,2025,2,2024,246548000000.0,9272000000.0,55753000000.0,178154000000.0,0.03760728134075312,26.230822537638804,0.7225935720427665,49735000000.0,0.12100130692671152,1
896159,Chubb Limited,Financials,2026-02-27,6,2026,2,2025,272327000000.0,10310000000.0,59402000000.0,192548000000.0,0.03785889757534141,26.33026938705393,0.7070470427096835,55753000000.0,0.0654493928577835,1
896878,Intuit,Information Technology,2019-08-30,6,2019,8,2019,6283000000.0,1557000000.0,6784000000.0,2534000000.0,0.24781155498965463,22.56111341036722,0.4033105204520134,,,1
896878,Intuit,Information Technology,2020-08-31,7,2020,8,2020,10931000000.0,1826000000.0,7679000000.0,5825000000.0,0.1670478455767999,23.114868626258108,0.5328881163662977,6784000000.0,0.13192806603773577,1
896878,Intuit,Information Technology,2021-09-08,9,2021,9,2021,15516000000.0,2062000000.0,9633000000.0,5647000000.0,0.1328950760505285,23.465137586524133,0.36394689352926013,7679000000.0,0.25446021617398107,1
896878,Intuit,Information Technology,2022-09-02,21,2022,9,2022,27734000000.0,2066000000.0,12726000000.0,11293000000.0,0.07449340160092305,24.045924934278084,0.40718973101608136,9633000000.0,0.3210837745250701,1
896878,Intuit,Information Technology,2023-09-01,25,2023,9,2023,27780000000.0,2384000000.0,14368000000.0,10511000000.0,0.08581713462922966,24.04758217427261,0.3783657307415407,12726000000.0,0.1290271884331291,1
896878,Intuit,Information Technology,2024-09-04,27,2024,9,2024,32132000000.0,2963000000.0,16285000000.0,13696000000.0,0.09221336984937134,24.19311825525798,0.42624175276982446,14368000000.0,0.13342149220489974,1
896878,Intuit,Information Technology,2025-09-03,21,2025,9,2025,36958000000.0,3869000000.0,18831000000.0,17248000000.0,0.10468640077926294,24.333047969701646,0.46669192055847175,16285000000.0,0.1563401903592263,1
898173,O’Reilly Automotive,Consumer Discretionary,2019-02-27,1,2019,2,2018,7980789000.0,1324487000.0,9536428000.0,7980789000.0,0.1659594057680262,22.80030311570105,1.0,,,1
898173,O’Reilly Automotive,Consumer Discretionary,2020-02-28,0,2020,2,2019,10717160000.0,1391042000.0,10149985000.0,10717160000.0,0.12979576678896274,23.095112032117008,1.0,9536428000.0,0.06433824069137839,0
898173,O’Reilly Automotive,Consumer Discretionary,2021-02-26,0,2021,2,2020,11596642000.0,1752302000.0,11604493000.0,11596642000.0,0.15110425931920637,23.173981410391885,1.0,10149985000.0,0.1433014925637821,0
898173,O’Reilly Automotive,Consumer Discretionary,2022-02-28,0,2022,2,2021,11718707000.0,2164685000.0,13327563000.0,11718707000.0,0.18472046446762427,23.184452290777028,1.0,11604493000.0,0.14848300567719752,0
898173,O’Reilly Automotive,Consumer Discretionary,2023-02-28,0,2023,2,2022,12627979000.0,2172650000.0,14409860000.0,12627979000.0,0.17205049200667819,23.2591807446696,1.0,13327563000.0,0.08120741954099175,0
898173,O’Reilly Automotive,Consumer Discretionary,2024-02-28,0,2024,2,2023,13872995000.0,2346581000.0,15812250000.0,13872995000.0,0.1691473975158212,23.353209981632624,1.0,14409860000.0,0.09732155621220473,0
898173,O’Reilly Automotive,Consumer Discretionary,2025-02-28,0,2025,2,2024,14893741000.0,2386680000.0,16708479000.0,14893741000.0,0.1602471803424002,23.424206894530826,1.0,15812250000.0,0.0566794099511454,0
898173,O’Reilly Automotive,Consumer Discretionary,2026-02-27,4,2026,2,2025,16538253000.0,2538209000.0,17781992000.0,16538253000.0,0.15347503753872915,23.528941898230713,1.0,16708479000.0,0.06424959447236334,1
898293,Jabil,Information Technology,2019-10-22,2,2019,10,2019,12970475000.0,287000000.0,25282320000.0,11069717000.0,0.022127177300754215,23.285941457580257,0.853455019958791,,,1
898293,Jabil,Information Technology,2020-10-22,0,2020,10,2020,14397000000.0,54000000.0,27266000000.0,12572000000.0,0.003750781412794332,23.390285688490632,0.8732374800305619,25282320000.0,0.0784611538814477,0
898293,Jabil,Information Technology,2021-10-22,0,2021,10,2021,16654000000.0,696000000.0,29285000000.0,14517000000.0,0.04179176173892158,23.53591626476004,0.8716824786837997,27266000000.0,0.07404826523875885,0
898293,Jabil,Information Technology,2022-10-25,0,2022,10,2022,19717000000.0,996000000.0,33478000000.0,17265000000.0,0.05051478419637876,23.704747044730542,0.8756403103920475,29285000000.0,0.14317910192931538,0
898293,Jabil,Information Technology,2023-10-20,0,2023,10,2023,19424000000.0,818000000.0,34702000000.0,16557000000.0,0.042112850082372325,23.689775251823498,0.8523990939044481,33478000000.0,0.03656132385447153,0
898293,Jabil,Information Technology,2024-10-28,7,2024,10,2024,17351000000.0,1388000000.0,28883000000.0,15614000000.0,0.0799953893147369,23.576915978565946,0.8998904962250014,34702000000.0,-0.16768485966226732,1
898293,Jabil,Information Technology,2025-10-17,8,2025,10,2025,18543000000.0,657000000.0,29802000000.0,17026000000.0,0.035431160006471445,23.643358196291658,0.9181901526182387,28883000000.0,0.03181802444344428,1
899051,Allstate,Financials,2019-02-15,0,2019,2,2018,112249000000.0,2160000000.0,39815000000.0,90937000000.0,0.019242933121898637,25.443985454843123,0.8101363931972668,,,0
899051,Allstate,Financials,2020-02-21,0,2020,2,2019,119950000000.0,4847000000.0,41541000000.0,93952000000.0,0.04040850354314297,25.510340826232117,0.7832596915381409,39815000000.0,0.04335049604420438,0
899051,Allstate,Financials,2021-02-22,2,2021,2,2020,125987000000.0,5576000000.0,41909000000.0,95770000000.0,0.0442585346107138,25.55944456397185,0.7601577940581171,41541000000.0,0.008858717893165835,1
899051,Allstate,Financials,2022-02-18,2,2022,2,2021,99440000000.0,1614000000.0,50601000000.0,74313000000.0,0.016230893000804505,25.322820284148865,0.7473149637972647,41909000000.0,0.20740175141377737,1
899051,Allstate,Financials,2023-02-16,3,2023,2,2022,97989000000.0,-1289000000.0,51411000000.0,80626000000.0,-0.01315453775423772,25.308121064419094,0.8228066415618079,50601000000.0,0.016007588782830373,1
899051,Allstate,Financials,2024-02-21,5,2024,2,2023,103362000000.0,-188000000.0,57094000000.0,85732000000.0,-0.001818850254445541,25.361503226638696,0.8294344149687506,51411000000.0,0.11054054579759187,1
899051,Allstate,Financials,2025-02-24,13,2025,2,2024,111617000000.0,4667000000.0,64106000000.0,90250000000.0,0.04181262710877375,25.438339205041725,0.8085685872223766,57094000000.0,0.12281500683084046,1
899051,Allstate,Financials,2026-02-20,18,2026,2,2025,119758000000.0,10282000000.0,67685000000.0,89169000000.0,0.08585647722907865,25.508738876851538,0.7445765627348486,64106000000.0,0.05582940754375576,1
900075,Copart,Industrials,2019-09-30,1,2019,9,2019,2547617000.0,591693000.0,542575000.0,769236000.0,0.2322535137738522,21.658424249386307,0.3019433454871749,,,1
900075,Copart,Industrials,2020-09-28,1,2020,9,2020,3455261000.0,699907000.0,525659000.0,965745000.0,0.20256270076269203,21.96316383400459,0.279499869908525,542575000.0,-0.031177256600469994,1
900075,Copart,Industrials,2021-09-27,1,2021,9,2021,4562143000.0,936495000.0,,1032942000.0,0.20527524016673743,22.241058306218257,0.22641596284903828,525659000.0,,1
900075,Copart,Industrials,2022-09-27,1,2022,9,2022,5308864000.0,1090130000.0,,683265000.0,0.20534148171812275,22.392643713342824,0.12870267537461874,,,1
900075,Copart,Industrials,2023-09-28,1,2023,9,2023,6737879000.0,1237741000.0,,750439000.0,0.18369890584262497,22.631011023918536,0.11137614670729469,,,1
900075,Copart,Industrials,2024-09-30,3,2024,9,2024,8427764000.0,1363020000.0,,879209000.0,0.16172973044807615,22.854797330597858,0.10432292598606226,,,1
900075,Copart,Industrials,2025-09-26,4,2025,9,2025,10090902000.0,1552449000.0,,883411000.0,0.15384640540558217,23.034900062757426,0.08754529575255017,,,1
906107,Equity Residential,Real Estate,2019-02-21,0,2019,2,2018,20394209000.0,657535000.0,2578434000.0,9615454000.0,0.032241260251868555,23.73851682494812,0.4714796244365251,,,0
906107,Equity Residential,Real Estate,2020-02-20,0,2020,2,2019,21172769000.0,970377000.0,2701075000.0,10164843000.0,0.045831369529417715,23.775981711839314,0.4800903934671936,2578434000.0,0.04756414164566558,0
906107,Equity Residential,Real Estate,2021-02-18,0,2021,2,2020,20286891000.0,913636000.0,,9184454000.0,0.045035781973689314,23.733240750852268,0.4527285132058924,2701075000.0,,0
906107,Equity Residential,Real Estate,2022-02-17,0,2022,2,2021,21169241000.0,1332850000.0,,9483056000.0,0.06296163381578017,23.77581506882883,0.4479639114127899,,,0
906107,Equity Residential,Real Estate,2023-02-16,0,2023,2,2022,20218262000.0,776911000.0,,8517310000.0,0.03842620102558766,23.72985209234394,0.42126815845991117,,,0
906107,Equity Residential,Real Estate,2024-02-15,2,2024,2,2023,20034564000.0,835438000.0,,8456188000.0,0.04169983434628276,23.720724818881077,0.42207996141069004,,,1
906107,Equity Residential,Real Estate,2025-02-13,2,2025,2,2024,20834176000.0,1035831000.0,,9249829000.0,0.04971787701131065,23.759860552202657,0.44397383414635644,,,1
906107,Equity Residential,Real Estate,2026-02-13,6,2026,2,2025,20746023000.0,1120089000.0,,9336889000.0,0.05399054074123026,23.755620402602883,0.45005681329862596,,,1
906163,"NVR, Inc.",Consumer Discretionary,2019-02-13,0,2019,2,2018,3165933000.0,797197000.0,7163674000.0,1357371000.0,0.2518047602397145,21.875713635831335,0.4287428066228818,,,0
906163,"NVR, Inc.",Consumer Discretionary,2020-02-19,0,2020,2,2019,3809815000.0,878539000.0,7388664000.0,1468571000.0,0.23059886109955471,22.060846468475674,0.38547042310453394,7163674000.0,0.0314070684958585,0
906163,"NVR, Inc.",Consumer Discretionary,2021-02-12,0,2021,2,2020,5777141000.0,901248000.0,7536923000.0,2674067000.0,0.15600242403638756,22.47717476057942,0.46287030210964214,7388664000.0,0.020065738542177636,0
906163,"NVR, Inc.",Consumer Discretionary,2022-02-16,0,2022,2,2021,5834475000.0,1236719000.0,8951025000.0,2832097000.0,0.21196748636338317,22.48705012434394,0.4854073417059804,7536923000.0,0.1876232515576981,0
906163,"NVR, Inc.",Consumer Discretionary,2023-02-15,0,2023,2,2022,5660973000.0,1725575000.0,10526434000.0,2154124000.0,0.3048195071765931,22.4568616225142,0.38052186435088103,8951025000.0,0.17600319516479956,0
906163,"NVR, Inc.",Consumer Discretionary,2024-02-14,0,2024,2,2023,6601757000.0,1591611000.0,9518202000.0,2237032000.0,0.2410890010038237,22.610601662671844,0.3388540353727046,10526434000.0,-0.09578096437977002,0
906163,"NVR, Inc.",Consumer Discretionary,2025-02-12,0,2025,2,2024,6380988000.0,1681928000.0,10524479000.0,2170916000.0,0.26358425999233975,22.57658878124787,0.3402162799867356,9518202000.0,0.10572133266345896,0
906163,"NVR, Inc.",Consumer Discretionary,2026-02-11,1,2026,2,2025,5856930000.0,1339816000.0,10323959000.0,1992061000.0,0.2287573865489258,22.490891412471626,0.34012033608050635,10524479000.0,-0.019052724605179927,1
906345,Camden Property Trust,Real Estate,2019-02-15,0,2019,2,2018,6219586000.0,156128000.0,7231000.0,2781808000.0,0.02510263544872601,22.550969181996788,0.4472657826421244,,,0
906345,Camden Property Trust,Real Estate,2020-02-20,0,2020,2,2019,6748504000.0,219623000.0,8696000.0,3046780000.0,0.03254395344508946,22.632586687637744,0.4514748750241535,7231000.0,0.20259991702392477,0
906345,Camden Property Trust,Real Estate,2021-02-18,0,2021,2,2020,7198952000.0,123911000.0,10800000.0,3682365000.0,0.017212366466674595,22.697201296818626,0.5115140370431697,8696000.0,0.2419503219871204,0
906345,Camden Property Trust,Real Estate,2022-02-17,0,2022,2,2021,7976784000.0,303907000.0,10532000.0,3710529000.0,0.038098938118419655,22.799801159659978,0.4651660368389065,10800000.0,-0.024814814814814845,0
906345,Camden Property Trust,Real Estate,2023-02-23,0,2023,2,2022,9327935000.0,653613000.0,5188000.0,4271014000.0,0.07007049255810638,22.956279498262685,0.45787347360375047,10532000.0,-0.5074060007595897,0
906345,Camden Property Trust,Real Estate,2024-02-22,1,2024,2,2023,9383737000.0,403309000.0,3451000.0,4331966000.0,0.04297957199780855,22.962243921476873,0.4616461437484874,5188000.0,-0.3348111025443331,1
906345,Camden Property Trust,Real Estate,2025-02-20,1,2025,2,2024,8852144000.0,163293000.0,7137000.0,4104955000.0,0.018446717540970867,22.903925526513067,0.4637243813476148,3451000.0,1.068096203998841,1
906345,Camden Property Trust,Real Estate,2026-02-12,1,2026,2,2025,9042989000.0,384462000.0,12967000.0,4604736000.0,0.042514925098327556,22.925255598293532,0.5092050869463626,7137000.0,0.8168698332632758,1
909832,Costco,Consumer Staples,2019-10-11,0,2019,10,2019,45400000000.0,3659000000.0,152703000000.0,29816000000.0,0.08059471365638766,24.538777941993715,0.6567400881057269,,,0
909832,Costco,Consumer Staples,2020-10-07,0,2020,10,2020,55556000000.0,4002000000.0,166761000000.0,36851000000.0,0.07203542371661027,24.740657358000384,0.663312693498452,152703000000.0,0.09206105970413159,0
909832,Costco,Consumer Staples,2021-10-06,0,2021,10,2021,59268000000.0,5007000000.0,195929000000.0,41190000000.0,0.08448066410204495,24.805335368292898,0.6949787406357563,166761000000.0,0.174909001505148,0
909832,Costco,Consumer Staples,2022-10-05,0,2022,10,2022,64166000000.0,5844000000.0,226954000000.0,43519000000.0,0.0910762709222953,24.884739312341775,0.6782252283140604,195929000000.0,0.15834817714580285,0
909832,Costco,Consumer Staples,2023-10-11,0,2023,10,2023,68994000000.0,6292000000.0,242290000000.0,43936000000.0,0.09119633591326783,24.957285381240993,0.6368089978838739,226954000000.0,0.06757316460604357,0
909832,Costco,Consumer Staples,2024-10-09,2,2024,10,2024,69831000000.0,7367000000.0,254453000000.0,46209000000.0,0.1054975583909725,24.969343874194443,0.6617261674614426,242290000000.0,0.05020017334599025,1
909832,Costco,Consumer Staples,2025-10-08,2,2025,10,2025,77099000000.0,8099000000.0,275235000000.0,47935000000.0,0.10504675806430692,25.068356147262968,0.6217330964085137,254453000000.0,0.08167323631476142,1
910521,Deckers Brands,Consumer Discretionary,2019-05-30,0,2019,5,2018,1264379000.0,114394000.0,1903339000.0,1264379000.0,0.09047445425778189,20.957846929499667,1.0,,,0
910521,Deckers Brands,Consumer Discretionary,2020-06-01,0,2020,6,2019,1427206000.0,264308000.0,2020437000.0,1427206000.0,0.18519260709386032,21.078984523817056,1.0,1903339000.0,0.06152240877741688,0
910521,Deckers Brands,Consumer Discretionary,2021-05-28,0,2021,5,2020,1765118000.0,276142000.0,2132689000.0,1765118000.0,0.1564439317937951,21.29148338062102,1.0,2020437000.0,0.055558277738924744,0
910521,Deckers Brands,Consumer Discretionary,2022-05-27,0,2022,5,2021,2167705000.0,382575000.0,2545641000.0,2167705000.0,0.17648849820432208,21.496934841154733,1.0,2132689000.0,0.19362973223006263,0
910521,Deckers Brands,Consumer Discretionary,2023-05-26,0,2023,5,2022,2332250000.0,451949000.0,3150339000.0,2332250000.0,0.1937823989709508,21.570099303805346,1.0,2545641000.0,0.23754252858121006,0
910521,Deckers Brands,Consumer Discretionary,2024-05-24,4,2024,5,2023,2556203000.0,516822000.0,3627286000.0,2556203000.0,0.20218347290884175,21.661788791278287,1.0,3150339000.0,0.15139545299728052,1
910521,Deckers Brands,Consumer Discretionary,2025-05-23,7,2025,5,2024,3135579000.0,759563000.0,4287763000.0,3135579000.0,0.2422401094024421,21.8660796829736,1.0,3627286000.0,0.18208572469885187,1
910521,Deckers Brands,Consumer Discretionary,2026-05-22,10,2026,5,2025,3570252000.0,966091000.0,4985612000.0,3570252000.0,0.2705946246931589,21.99590201848202,1.0,4287763000.0,0.16275363167227286,1
910606,Regency Centers,Real Estate,2019-02-21,0,2019,2,2018,10944663000.0,249127000.0,1120975000.0,4494495000.0,0.022762418541347505,23.116117777131993,0.4106563171474535,,,0
910606,Regency Centers,Real Estate,2020-02-18,0,2020,2,2019,11132253000.0,239430000.0,1133138000.0,4842292000.0,0.02150777564972697,23.133112407624523,0.43497861573932967,1120975000.0,0.010850375788933775,0
910606,Regency Centers,Real Estate,2021-02-17,0,2021,2,2020,10936904000.0,44889000.0,1016175000.0,4878757000.0,0.004104360795340253,23.115408595716858,0.44608209050751474,1133138000.0,-0.1032204374047998,0
910606,Regency Centers,Real Estate,2022-02-17,0,2022,2,2021,10792563000.0,361411000.0,1166161000.0,4682631000.0,0.03348704103001298,23.102123122763945,0.43387571608338077,1016175000.0,0.14759859276207354,0
910606,Regency Centers,Real Estate,2023-02-17,0,2023,2,2022,10860220000.0,482865000.0,1224022000.0,4682181000.0,0.0444618064827416,23.1083724090739,0.4311313214649427,1166161000.0,0.049616648130060836,0
910606,Regency Centers,Real Estate,2024-02-16,2,2024,2,2023,12426913000.0,364557000.0,1322466000.0,5234978000.0,0.029336086926817627,23.243130360860594,0.4212613381939666,1224022000.0,0.0804266589979592,1
910606,Regency Centers,Real Estate,2025-02-14,3,2025,2,2024,12391961000.0,400388000.0,1453904000.0,5491654000.0,0.03231030181583044,23.240313792864292,0.4431626277713431,1322466000.0,0.09938856651135075,1
910606,Regency Centers,Real Estate,2026-02-13,4,2026,2,2025,13001283000.0,527460000.0,1553524000.0,5819677000.0,0.040569842222494504,23.288313881845877,0.4476232845635312,1453904000.0,0.0685189668643873,1
912595,Mid-America Apartment Communities,Real Estate,2019-02-21,0,2019,2,2018,11323781000.0,222899000.0,1571346000.0,4942178000.0,0.019684149666970775,23.150170864553033,0.4364423861605942,,,0
912595,Mid-America Apartment Communities,Real Estate,2020-02-20,0,2020,2,2019,11230450000.0,353811000.0,1641017000.0,4926860000.0,0.03150461468596539,23.141894676131688,0.43870548375176416,1571346000.0,0.04433842069156002,0
912595,Mid-America Apartment Communities,Real Estate,2021-02-18,0,2021,2,2020,11194791000.0,254962000.0,1677984000.0,5090986000.0,0.022775056720576562,23.138714417774178,0.4547638272121382,1641017000.0,0.022526884243124767,0
912595,Mid-America Apartment Communities,Real Estate,2022-02-17,0,2022,2,2021,11285182000.0,533791000.0,1778082000.0,5101090000.0,0.047300167600309855,23.146756374688874,0.4520166356200547,1677984000.0,0.05965372732993868,0
912595,Mid-America Apartment Communities,Real Estate,2023-02-14,0,2023,2,2022,11241165000.0,637436000.0,2019866000.0,5030746000.0,0.05670551050536132,23.142848323727737,0.447528881570549,1778082000.0,0.13598023038307572,0
912595,Mid-America Apartment Communities,Real Estate,2024-02-09,0,2024,2,2023,11484503000.0,552806000.0,2148468000.0,5185381000.0,0.048134951943501605,23.164264398315694,0.45151113635479045,2019866000.0,0.0636685799949106,0
912595,Mid-America Apartment Communities,Real Estate,2025-02-07,2,2025,2,2024,11812369000.0,527543000.0,2191015000.0,5664705000.0,0.044660220147203326,23.19241303975769,0.4795570642942157,2148468000.0,0.019803413408996606,1
912595,Mid-America Apartment Communities,Real Estate,2026-02-06,3,2026,2,2025,11975383000.0,446909000.0,2209126000.0,6135738000.0,0.03731897343074539,23.206118963030473,0.5123625691136559,2191015000.0,0.00826603195322706,1
914208,Invesco,Financials,2019-02-22,1,2019,2,2018,30978400000.0,882800000.0,5314100000.0,21646000000.0,0.028497275521008187,24.15655602437805,0.6987449319525864,,,1
914208,Invesco,Financials,2020-03-02,1,2020,3,2019,39420300000.0,564700000.0,6117400000.0,24718500000.0,0.014325106607509328,24.397546748992102,0.6270500224503619,5314100000.0,0.15116388475941367,1
914208,Invesco,Financials,2021-02-19,2,2021,2,2020,36504100000.0,524800000.0,6145600000.0,21483400000.0,0.01437646730093332,24.320690419993575,0.5885201936220863,6117400000.0,0.00460980154967805,1
914208,Invesco,Financials,2022-02-18,2,2022,2,2021,32685600000.0,1393000000.0,6894500000.0,16006800000.0,0.04261815600753849,24.21020045088713,0.4897202437770761,6145600000.0,0.12185954178599334,1
914208,Invesco,Financials,2023-02-23,2,2023,2,2022,29756800000.0,683900000.0,6048900000.0,12914600000.0,0.022982982041079687,24.11632351424815,0.4340050005376922,6894500000.0,-0.1226484879251577,1
914208,Invesco,Financials,2024-02-21,1,2024,2,2023,28933800000.0,-333700000.0,5716400000.0,13017800000.0,-0.011533224118505,24.088276298846793,0.44991670641256937,6048900000.0,-0.05496867198994859,1
914208,Invesco,Financials,2025-02-25,3,2025,2,2024,27008900000.0,538000000.0,6067000000.0,11340100000.0,0.019919359914694786,24.01943227826446,0.4198653036591642,5716400000.0,0.06133230704639292,1
914208,Invesco,Financials,2026-02-24,4,2026,2,2025,27094000000.0,,6377100000.0,14089100000.0,,24.022578138104958,0.52000811987894,6067000000.0,0.05111257623207521,1
915912,AvalonBay Communities,Real Estate,2019-02-22,0,2019,2,2018,18380200000.0,974525000.0,2284535000.0,7744350000.0,0.053020369745704614,23.634539835207566,0.4213419875735846,,,0
915912,AvalonBay Communities,Real Estate,2020-02-21,0,2020,2,2019,19121051000.0,,2324626000.0,8127601000.0,,23.674055711678196,0.42506036932802493,2284535000.0,0.017548866618370962,0
915912,AvalonBay Communities,Real Estate,2021-02-25,0,2021,2,2020,19199144000.0,,2301261000.0,8444293000.0,,23.678131531652948,0.4398265360163974,2324626000.0,-0.010051079184350553,0
915912,AvalonBay Communities,Real Estate,2022-02-25,2,2022,2,2021,19902016000.0,,2294850000.0,8965555000.0,,23.714086870078358,0.45048476496049444,2301261000.0,-0.00278586392417024,1
915912,AvalonBay Communities,Real Estate,2023-02-24,2,2023,2,2022,20457764000.0,,2593446000.0,9201526000.0,,23.741628305085186,0.4497816085863538,2294850000.0,0.13011569383619848,1
915912,AvalonBay Communities,Real Estate,2024-02-23,3,2024,2,2023,20678214000.0,928825000.0,2767909000.0,8893423000.0,0.044918047564456,23.752346519220723,0.4300866119288639,2593446000.0,0.0672707278269915,1
915912,AvalonBay Communities,Real Estate,2025-02-27,4,2025,2,2024,21000737000.0,1081994000.0,2913757000.0,9059645000.0,0.05152171564264626,23.767823369292106,0.43139652670284856,2767909000.0,0.0526924837485625,1
915912,AvalonBay Communities,Real Estate,2026-02-27,7,2026,2,2025,22192137000.0,,3040725000.0,10357820000.0,,23.823003873895647,0.4667337805277608,2913757000.0,0.04357535648992017,1
915913,Albemarle Corporation,Materials,2019-02-27,0,2019,2,2018,7581674000.0,693562000.0,3374950000.0,7581674000.0,0.09147874202979447,22.74899985654535,1.0,,,0
915913,Albemarle Corporation,Materials,2020-02-26,0,2020,2,2019,9860863000.0,533228000.0,3589427000.0,9860863000.0,0.05407518591425517,23.011839527085804,1.0,3374950000.0,0.06354968221751434,0
915913,Albemarle Corporation,Materials,2021-02-19,0,2021,2,2020,10450946000.0,375764000.0,3128909000.0,10450946000.0,0.03595502263622834,23.069958337575763,1.0,3589427000.0,-0.12829847215168322,0
915913,Albemarle Corporation,Materials,2022-02-22,0,2022,2,2021,10974118000.0,123672000.0,3327957000.0,10974118000.0,0.011269425023496194,23.118805428213555,1.0,3128909000.0,0.06361578428775005,0
915913,Albemarle Corporation,Materials,2023-02-15,0,2023,2,2022,15456522000.0,2689816000.0,7320104000.0,15456522000.0,0.17402466091660207,23.461296887138193,1.0,3327957000.0,1.1995789008091151,0
915913,Albemarle Corporation,Materials,2024-02-15,0,2024,2,2023,18270652000.0,1573476000.0,9617203000.0,18270652000.0,0.08612040774461689,23.628561893618006,1.0,7320104000.0,0.31380688033940496,0
915913,Albemarle Corporation,Materials,2025-02-12,0,2025,2,2024,16609649000.0,-1179449000.0,5377526000.0,16609649000.0,-0.07100986902251817,23.533249628500048,1.0,9617203000.0,-0.44084303929115354,0
915913,Albemarle Corporation,Materials,2026-02-11,2,2026,2,2025,16374211000.0,-510628000.0,5142733000.0,16374211000.0,-0.031184891901050987,23.518973434100772,1.0,5377526000.0,-0.043661899542652094,1
916076,Martin Marietta Materials,Materials,2019-02-25,1,2019,2,2018,9551400000.0,470000000.0,4244300000.0,4602000000.0,0.04920744602885441,22.97995357755342,0.48181418430805956,,,1
916076,Martin Marietta Materials,Materials,2020-02-21,2,2020,2,2019,10131600000.0,611900000.0,4739100000.0,4778300000.0,0.0603951991788069,23.038925089427728,0.4716234355876663,4244300000.0,0.1165798836086045,1
916076,Martin Marietta Materials,Materials,2021-02-19,1,2021,2,2020,10580800000.0,721000000.0,4729900000.0,4687500000.0,0.06814229547860275,23.082306874884672,0.4430194314229548,4739100000.0,-0.0019412968707138711,1
916076,Martin Marietta Materials,Materials,2022-02-22,1,2022,2,2021,14393000000.0,702500000.0,5414000000.0,7855400000.0,0.04880844855137914,23.390007814226944,0.5457791982213576,4729900000.0,0.14463307892344446,1
916076,Martin Marietta Materials,Materials,2023-02-24,1,2023,2,2022,14993600000.0,867000000.0,6161000000.0,7820800000.0,0.0578246718599936,23.430889280333833,0.5216092199338385,5414000000.0,0.13797561876616182,1
916076,Martin Marietta Materials,Materials,2024-02-23,0,2024,2,2023,15125000000.0,1169000000.0,5851000000.0,7089000000.0,0.0772892561983471,23.439614840863317,0.4686942148760331,6161000000.0,-0.05031650706054214,0
916076,Martin Marietta Materials,Materials,2025-02-21,2,2025,2,2024,18170000000.0,1995000000.0,5662000000.0,8714000000.0,0.10979636763896533,23.623037719354492,0.47958172812328015,5851000000.0,-0.032302170569133426,1
916076,Martin Marietta Materials,Materials,2026-02-19,5,2026,2,2025,18711000000.0,1137000000.0,6150000000.0,8677000000.0,0.060766394099727436,23.652377423158505,0.4637379081823526,5662000000.0,0.0861886259272342,1
916365,Tractor Supply,Consumer Discretionary,2019-02-21,1,2019,2,2018,3085262000.0,532357000.0,7911046000.0,1523442000.0,0.17254839297278482,21.849902417764113,0.49378043096502017,,,1
916365,Tractor Supply,Consumer Discretionary,2020-02-20,2,2020,2,2019,5289268000.0,562354000.0,8351931000.0,3722145000.0,0.10631981589891078,22.3889456989509,0.7037164688951287,7911046000.0,0.055730304184806956,1
916365,Tractor Supply,Consumer Discretionary,2021-02-18,3,2021,2,2020,7049116000.0,748958000.0,10620352000.0,5125276000.0,0.1062484998118913,22.676168055837675,0.7270806722431579,8351931000.0,0.27160437508403734,1
916365,Tractor Supply,Consumer Discretionary,2022-02-17,4,2022,2,2021,7767467000.0,997114000.0,12731105000.0,5764802000.0,0.12837054859711666,22.77320995075126,0.7421727057224704,10620352000.0,0.19874604909517113,1
916365,Tractor Supply,Consumer Discretionary,2023-02-23,4,2023,2,2022,8489990000.0,1088712000.0,14204717000.0,6447574000.0,0.12823478001740873,22.862153659412673,0.7594324610511909,12731105000.0,0.11574894716523043,1
916365,Tractor Supply,Consumer Discretionary,2024-02-23,7,2024,2,2023,9188151000.0,1107226000.0,14555741000.0,7038389000.0,0.12050585585717953,22.941180556117974,0.7660288778449549,14204717000.0,0.024711791160640484,1
916365,Tractor Supply,Consumer Discretionary,2025-02-20,7,2025,2,2024,9805485000.0,1101240000.0,14883231000.0,7535151000.0,0.11230857015231781,23.006207759930287,0.7684628552284767,14555741000.0,0.022499026329198868,1
916365,Tractor Supply,Consumer Discretionary,2026-02-19,9,2026,2,2025,10933679000.0,1096087000.0,15524046000.0,8352386000.0,0.10024869030817532,23.115113679022286,0.7639135921221027,14883231000.0,0.04305617510068882,1
920148,Labcorp,Health Care,2019-02-28,7,2019,2,2018,16185300000.0,883700000.0,11333400000.0,9194800000.0,0.05459892618610715,23.50736925983402,0.5680957411972593,,,1
920148,Labcorp,Health Care,2020-02-28,8,2020,2,2019,18046400000.0,823800000.0,11554800000.0,10459300000.0,0.0456489937051157,23.616212055849928,0.5795781984218459,11333400000.0,0.019535179204828168,1
920148,Labcorp,Health Care,2021-02-25,5,2021,2,2020,20071700000.0,1556100000.0,13978500000.0,10614400000.0,0.07752706547028901,23.722576699705133,0.5288241653671587,11554800000.0,0.2097569841104996,1
920148,Labcorp,Health Care,2022-02-25,5,2022,2,2021,20385400000.0,2377300000.0,13136100000.0,10091400000.0,0.11661777546675561,23.73808479529639,0.4950307573066999,13978500000.0,-0.06026397682154738,1
920148,Labcorp,Health Care,2023-02-28,4,2023,2,2022,20155100000.0,1279100000.0,11863900000.0,10039600000.0,0.06346284563212289,23.726723195051232,0.49811710187495967,13136100000.0,-0.09684761839510969,1
920148,Labcorp,Health Care,2024-02-26,7,2024,2,2023,16725100000.0,418000000.0,12161600000.0,8834600000.0,0.024992376727194458,23.54017642201607,0.5282240464929956,11863900000.0,0.025092928969394634,1
920148,Labcorp,Health Care,2025-02-25,8,2025,2,2024,18379000000.0,746000000.0,13008900000.0,10312500000.0,0.04058980358017302,23.634474545429747,0.5611023450677404,12161600000.0,0.06967010919615846,1
920148,Labcorp,Health Care,2026-02-24,7,2026,2,2025,18392700000.0,876500000.0,13951700000.0,9756000000.0,0.04765477607964029,23.635219683709124,0.530427832781484,13008900000.0,0.07247346047705805,1
920522,Essex Property Trust,Real Estate,2019-02-21,0,2019,2,2018,12383596000.0,390153000.0,1400053000.0,5954277000.0,0.03150563051314013,23.239638530522633,0.4808197069736448,,,0
920522,Essex Property Trust,Real Estate,2020-02-20,0,2020,2,2019,12705405000.0,,1460155000.0,6264491000.0,,23.265293330424164,0.49305716740237715,1400053000.0,0.0429283748543805,0
920522,Essex Property Trust,Real Estate,2021-02-19,0,2021,2,2020,12936177000.0,,1495748000.0,6720746000.0,,23.283293641873435,0.5195310793907659,1460155000.0,0.02437617924124491,0
920522,Essex Property Trust,Real Estate,2022-02-25,0,2022,2,2021,12997873000.0,,1440556000.0,6786699000.0,,23.288051565636877,0.5221391992366751,1495748000.0,-0.03689926377972763,0
920522,Essex Property Trust,Real Estate,2023-02-23,0,2023,2,2022,12372905000.0,,1606814000.0,6450639000.0,,23.23877483814021,0.5213520187862106,1440556000.0,0.11541238244122409,0
920522,Essex Property Trust,Real Estate,2024-02-23,0,2024,2,2023,12361427000.0,,1669395000.0,6735244000.0,,23.237846735386196,0.5448597479886425,1606814000.0,0.0389472583634447,0
920522,Essex Property Trust,Real Estate,2025-02-21,6,2025,2,2024,12927359000.0,,1774450000.0,7176120000.0,,23.28261175519393,0.5551110632883329,1669395000.0,0.06292998361681934,1
920522,Essex Property Trust,Real Estate,2026-02-20,9,2026,2,2025,13159009000.0,,1887345000.0,7422114000.0,,23.300372456056728,0.564032899437944,1774450000.0,0.0636225309250753,1
920760,Lennar,Consumer Discretionary,2019-01-28,2,2019,1,2018,28566181000.0,1695831000.0,20571631000.0,13883224000.0,0.05936498827057071,24.07548937257065,0.48600210157598595,,,1
920760,Lennar,Consumer Discretionary,2020-01-27,2,2020,1,2019,29359511000.0,1849052000.0,22259561000.0,13325681000.0,0.06297965930018384,24.102882385240672,0.45387952817061566,20571631000.0,0.08205134536974734,1
920760,Lennar,Consumer Discretionary,2021-01-22,2,2021,1,2020,29935177000.0,2465036000.0,22488854000.0,11835776000.0,0.08234579671935796,24.122300114117337,0.39538019100404853,22259561000.0,0.010300877002920261,1
920760,Lennar,Consumer Discretionary,2022-01-28,2,2022,1,2021,33207778000.0,4430111000.0,27130676000.0,12211496000.0,0.13340582438246848,24.226049962538692,0.36772999385866767,22488854000.0,0.20640544867248467,1
920760,Lennar,Consumer Discretionary,2023-01-26,2,2023,1,2022,37984295000.0,4614125000.0,33671010000.0,13743928000.0,0.12147454625655156,24.36043862177148,0.36183185708725146,27130676000.0,0.241067859864605,1
920760,Lennar,Consumer Discretionary,2024-01-26,2,2024,1,2023,39234303000.0,3938511000.0,34233366000.0,12532337000.0,0.10038437537682267,24.39281727761719,0.31942295495857287,33671010000.0,0.016701488906926132,1
920760,Lennar,Consumer Discretionary,2025-01-23,3,2025,1,2024,41312781000.0,3932533000.0,35441452000.0,13291556000.0,0.09518925874295414,24.444437756350613,0.32172987821855903,34233366000.0,0.03528972289783017,1
920760,Lennar,Consumer Discretionary,2026-01-28,3,2026,1,2025,34430437000.0,2078179000.0,34186934000.0,12289828000.0,0.0603587749989929,24.2622068066357,0.35694661673913697,35441452000.0,-0.03539691319644578,1
922224,PPL Corporation,Utilities,2019-02-14,0,2019,2,2018,43396000000.0,1827000000.0,7785000000.0,43396000000.0,0.04210065443819707,24.493633107906614,1.0,,,0
922224,PPL Corporation,Utilities,2020-02-14,0,2020,2,2019,45680000000.0,1746000000.0,5602000000.0,45680000000.0,0.038222416812609454,24.544926402294166,1.0,7785000000.0,-0.2804110468850354,0
922224,PPL Corporation,Utilities,2021-02-18,0,2021,2,2020,48116000000.0,1469000000.0,5474000000.0,48116000000.0,0.030530384903150718,24.596880599078236,1.0,5602000000.0,-0.022848982506247784,0
922224,PPL Corporation,Utilities,2022-02-18,0,2022,2,2021,33223000000.0,-1480000000.0,5783000000.0,33223000000.0,-0.04454745206633958,24.226508244098074,1.0,5474000000.0,0.05644866642309099,0
922224,PPL Corporation,Utilities,2023-02-17,0,2023,2,2022,37837000000.0,756000000.0,7902000000.0,37837000000.0,0.019980442424082246,24.356553296803238,1.0,5783000000.0,0.36641881376448215,0
922224,PPL Corporation,Utilities,2024-02-16,0,2024,2,2023,39236000000.0,740000000.0,8312000000.0,39236000000.0,0.01886023040065246,24.39286052964848,1.0,7902000000.0,0.051885598582637416,0
922224,PPL Corporation,Utilities,2025-02-13,5,2025,2,2024,41069000000.0,888000000.0,8462000000.0,41069000000.0,0.02162214809223502,24.438519415945446,1.0,8312000000.0,0.01804619826756504,1
922224,PPL Corporation,Utilities,2026-02-20,8,2026,2,2025,45244000000.0,1181000000.0,9042000000.0,45244000000.0,0.026102908672973213,24.535335901615547,1.0,8462000000.0,0.06854171590640501,1
922621,Erie Indemnity,Financials,2019-02-21,0,2019,2,2018,1778327000.0,288224000.0,2382212000.0,804655000.0,0.1620759286677872,21.29893887163861,0.45247864987710357,,,0
922621,Erie Indemnity,Financials,2020-02-27,0,2020,2,2019,2016240000.0,316821000.0,2477298000.0,882987000.0,0.15713456731341507,21.424500227688977,0.4379374479228663,2382212000.0,0.039915003366618906,0
922621,Erie Indemnity,Financials,2021-02-25,0,2021,2,2020,2117122000.0,293304000.0,2536489000.0,929074000.0,0.13853901664618287,21.473323456158557,0.43883819638169175,2477298000.0,0.023893370922674517,0
922621,Erie Indemnity,Financials,2022-02-24,0,2022,2,2021,2242057000.0,297860000.0,2633977000.0,899579000.0,0.1328512165390978,21.530659585002013,0.4012293175418823,2536489000.0,0.03843422936192509,0
922621,Erie Indemnity,Financials,2023-03-01,0,2023,3,2022,2239456000.0,298569000.0,2840124000.0,791048000.0,0.1333221103696612,21.52949881617593,0.3532322135375734,2633977000.0,0.07826454065468291,0
922621,Erie Indemnity,Financials,2024-02-26,4,2024,2,2023,2471964000.0,446061000.0,3268940000.0,809129000.0,0.1804480162332461,21.628278813329015,0.32732232346425755,2840124000.0,0.15098495699483538,1
922621,Erie Indemnity,Financials,2025-02-27,5,2025,2,2024,2888614000.0,600314000.0,3795115000.0,901356000.0,0.20782077494604678,21.784042639258104,0.31203753772570514,3268940000.0,0.16096196320519796,1
922621,Erie Indemnity,Financials,2026-02-23,5,2026,2,2025,3355481000.0,559335000.0,4067258000.0,1072107000.0,0.16669294208490526,21.933860965201134,0.31950918512129856,3795115000.0,0.07170876244856883,1
927066,DaVita,Health Care,2019-02-22,0,2019,2,2018,19110252000.0,159394000.0,11404851000.0,14077213000.0,0.00834075866712799,23.673490781924837,0.7366314688053303,,,0
927066,DaVita,Health Care,2020-02-21,2,2020,2,2019,17311394000.0,810981000.0,11388479000.0,13811776000.0,0.04684666064442875,23.574630734376733,0.7978430853113273,11404851000.0,-0.0014355294952999031,1
927066,DaVita,Health Care,2021-02-12,2,2021,2,2020,16988516000.0,773642000.0,11550604000.0,14091736000.0,0.04553911595338875,23.55580342331806,0.8294859892412028,11388479000.0,0.014235878206387387,1
927066,DaVita,Health Care,2022-02-11,1,2022,2,2021,17121488000.0,978450000.0,11618797000.0,14750508000.0,0.0571474862465225,23.56360011977089,0.8615202136636723,11550604000.0,0.005903847106177196,1
927066,DaVita,Health Care,2023-02-22,2,2023,2,2022,16928252000.0,560400000.0,11609894000.0,14703452000.0,0.03310442212226047,23.552249779089944,0.8685747353004906,11618797000.0,-0.0007662583312196825,1
927066,DaVita,Health Care,2024-02-14,2,2024,2,2023,16893578000.0,691535000.0,12140147000.0,14150228000.0,0.040934785987906175,23.55019938665714,0.8376098893911047,11609894000.0,0.04567251001602601,1
927066,DaVita,Health Care,2025-02-13,9,2025,2,2024,17285268000.0,936342000.0,12815550000.0,15193917000.0,0.05416994402400935,23.573120414972724,0.8790096283147013,12140147000.0,0.055633840348061625,1
927066,DaVita,Health Care,2026-02-11,9,2026,2,2025,17480103000.0,746803000.0,13643069000.0,16321665000.0,0.04272303200959399,23.584329099604954,0.9337281937068678,12815550000.0,0.0645714776189863,1
927628,Capital One,Financials,2019-02-20,1,2019,2,2018,372538000000.0,6015000000.0,28076000000.0,320870000000.0,0.01614600389758897,26.64360488298583,0.8613081081661468,,,1
927628,Capital One,Financials,2020-02-20,2,2020,2,2019,390365000000.0,5546000000.0,28593000000.0,332354000000.0,0.014207216323184712,26.690348035827054,0.8513929271322993,28076000000.0,0.018414304031913353,1
927628,Capital One,Financials,2021-02-25,2,2021,2,2020,421602000000.0,2714000000.0,28523000000.0,361398000000.0,0.00643735086645699,26.76732757799533,0.8572018159306645,28593000000.0,-0.0024481516455076013,1
927628,Capital One,Financials,2022-02-25,2,2022,2,2021,432381000000.0,12390000000.0,30435000000.0,371352000000.0,0.028655283187744143,26.79257298095048,0.8588536499059857,28523000000.0,0.06703362198927176,1
927628,Capital One,Financials,2023-02-24,2,2023,2,2022,455249000000.0,7360000000.0,34250000000.0,402667000000.0,0.016166976753381117,26.844110358956442,0.8844983734176242,30435000000.0,0.12534910464925253,1
927628,Capital One,Financials,2024-02-23,4,2024,2,2023,478464000000.0,4887000000.0,36787000000.0,420375000000.0,0.01021393459069021,26.8938468098994,0.8785927467897271,34250000000.0,0.07407299270072998,1
927628,Capital One,Financials,2025-02-20,5,2025,2,2024,490144000000.0,4750000000.0,39112000000.0,429360000000.0,0.009691029574982047,26.917965062428554,0.8759874649082718,36787000000.0,0.06320167450458047,1
927628,Capital One,Financials,2026-02-19,5,2026,2,2025,669009000000.0,2453000000.0,53434000000.0,555393000000.0,0.0036666173399759945,27.22906334989895,0.8301726882597992,39112000000.0,0.3661791777459604,1
927653,McKesson Corporation,Health Care,2019-05-15,4,2019,5,2018,60381000000.0,67000000.0,208357000000.0,60381000000.0,0.0011096205760090096,24.823940322863383,1.0,,,1
927653,McKesson Corporation,Health Care,2020-05-22,5,2020,5,2019,59672000000.0,34000000.0,214319000000.0,59672000000.0,0.0005697814720471913,24.812128735599273,1.0,208357000000.0,0.028614349409906925,1
927653,McKesson Corporation,Health Care,2021-05-12,13,2021,5,2020,61247000000.0,900000000.0,231051000000.0,61247000000.0,0.014694597286397701,24.83818070557987,1.0,214319000000.0,0.07807053970949851,1
927653,McKesson Corporation,Health Care,2022-05-09,7,2022,5,2021,65015000000.0,-4539000000.0,238228000000.0,65015000000.0,-0.0698146581558102,24.897883849449695,1.0,231051000000.0,0.031062406135441867,1
927653,McKesson Corporation,Health Care,2023-05-09,5,2023,5,2022,63298000000.0,1114000000.0,263966000000.0,63298000000.0,0.01759929223672154,24.87111957002077,1.0,238228000000.0,0.10803935725439495,1
927653,McKesson Corporation,Health Care,2024-05-08,8,2024,5,2023,62320000000.0,3560000000.0,276711000000.0,62320000000.0,0.05712451861360719,24.855548238508906,1.0,263966000000.0,0.04828273338232947,1
927653,McKesson Corporation,Health Care,2025-05-09,11,2025,5,2024,67443000000.0,3002000000.0,308951000000.0,67443000000.0,0.044511661699509215,24.934548633636393,1.0,276711000000.0,0.11651145057478751,1
927653,McKesson Corporation,Health Care,2026-05-08,9,2026,5,2025,75140000000.0,3295000000.0,359051000000.0,75140000000.0,0.0438514772424807,25.042618877092234,1.0,308951000000.0,0.16216163728228739,1
935703,Dollar Tree,Consumer Staples,2019-03-27,0,2019,3,2018,16332800000.0,1714300000.0,22245500000.0,9150500000.0,0.10496057014106583,23.51644119279458,0.5602529878526645,,,0
935703,Dollar Tree,Consumer Staples,2020-03-20,1,2020,3,2019,13501200000.0,-1590800000.0,22823300000.0,7858300000.0,-0.11782656356472017,23.3260444073293,0.5820445590021628,22245500000.0,0.025973792452406164,1
935703,Dollar Tree,Consumer Staples,2021-03-16,0,2021,3,2020,19574600000.0,827000000.0,23610800000.0,13319800000.0,0.042248628324461295,23.697498644387164,0.680463457746263,22823300000.0,0.034504212800077205,0
935703,Dollar Tree,Consumer Staples,2022-03-15,1,2022,3,2021,20696000000.0,1341900000.0,25509300000.0,13410700000.0,0.06483861615771164,23.75320628183014,0.6479851178971782,23610800000.0,0.08040811831873551,1
935703,Dollar Tree,Consumer Staples,2023-03-10,1,2023,3,2022,21721800000.0,1327900000.0,26321200000.0,14003300000.0,0.06113213453765342,23.801582201506548,0.6446657275179773,25509300000.0,0.0318276079704265,1
935703,Dollar Tree,Consumer Staples,2024-03-20,5,2024,3,2023,23022100000.0,1615400000.0,15411500000.0,14270600000.0,0.07016736092710917,23.85972046110112,0.6198652599024416,26321200000.0,-0.4144833822166163,1
935703,Dollar Tree,Consumer Staples,2025-03-26,3,2025,3,2024,22023500000.0,-998400000.0,16781100000.0,14710400000.0,-0.04533339387472472,23.81537590202265,0.6679410629554794,15411500000.0,0.08886870194335406,1
935703,Dollar Tree,Consumer Staples,2026-03-16,11,2026,3,2025,18644000000.0,-3030100000.0,17578500000.0,14666600000.0,-0.1625241364514053,23.648790215456906,0.7866659515125509,16781100000.0,0.04751774317535795,1
936340,DTE Energy,Utilities,2019-02-07,0,2019,2,2018,36288000000.0,1120000000.0,,36288000000.0,0.030864197530864196,24.314752945051698,1.0,,,0
936340,DTE Energy,Utilities,2020-02-05,0,2020,2,2019,42268000000.0,1169000000.0,,42268000000.0,0.027656856250591465,24.467296135525196,1.0,,,0
936340,DTE Energy,Utilities,2021-02-19,0,2021,2,2020,45496000000.0,1368000000.0,,45496000000.0,0.03006857745735889,24.54089024695091,1.0,,,0
936340,DTE Energy,Utilities,2022-02-10,0,2022,2,2021,39719000000.0,907000000.0,,39719000000.0,0.022835418817190766,24.40509549957282,1.0,,,0
936340,DTE Energy,Utilities,2023-02-23,0,2023,2,2022,42683000000.0,1083000000.0,,42683000000.0,0.025373099360401098,24.477066551443908,1.0,,,0
936340,DTE Energy,Utilities,2024-02-08,1,2024,2,2023,44755000000.0,1397000000.0,,44755000000.0,0.031214389453692325,24.524469007269314,1.0,,,1
936340,DTE Energy,Utilities,2025-02-13,1,2025,2,2024,48846000000.0,1404000000.0,,48846000000.0,0.028743397617000368,24.611938328766307,1.0,,,1
936340,DTE Energy,Utilities,2026-02-17,3,2026,2,2025,54066000000.0,1462000000.0,,54066000000.0,0.02704102393371065,24.713471359427366,1.0,,,1
936395,Ciena,Information Technology,2019-12-20,76,2019,12,2019,3946680000.0,,,3946680000.0,,22.096140556106832,1.0,,,1
936395,Ciena,Information Technology,2020-12-18,72,2020,12,2020,4180917000.0,361291000.0,3532157000.0,1671320000.0,0.08641429619387325,22.153796437413675,0.3997496243049073,,,1
936395,Ciena,Information Technology,2021-12-17,71,2021,12,2021,4865227000.0,500196000.0,3620684000.0,1845209000.0,0.10281041357371404,22.30537921131085,0.37926472906608466,3532157000.0,0.02506315545996407,1
936395,Ciena,Information Technology,2022-12-16,68,2022,12,2022,5069632000.0,152902000.0,3632661000.0,2356771000.0,0.03016037455973136,22.346534068088737,0.46488009386085616,3620684000.0,0.003307938500018315,1
936395,Ciena,Information Technology,2023-12-15,75,2023,12,2023,5601495000.0,254827000.0,4386549000.0,2753134000.0,0.04549267650868206,22.446299363344608,0.491499858519913,3632661000.0,0.20753051275635137,1
936395,Ciena,Information Technology,2024-12-20,67,2024,12,2024,5641337000.0,83956000.0,4014955000.0,2825199000.0,0.014882287656277226,22.453386931100457,0.5008030897640046,4386549000.0,-0.08471215071346516,1
936395,Ciena,Information Technology,2025-12-12,46,2025,12,2025,5864667000.0,123338000.0,4769507000.0,3135344000.0,0.021030691086126457,22.492211539946343,0.5346158613950289,4014955000.0,0.18793535668519334,1
936468,Lockheed Martin,Industrials,2019-02-08,0,2019,2,2018,44876000000.0,5046000000.0,53762000000.0,43427000000.0,0.11244317675372137,24.52716896762913,0.9677110259381406,,,0
936468,Lockheed Martin,Industrials,2020-02-07,0,2020,2,2019,47528000000.0,6230000000.0,59812000000.0,44357000000.0,0.13108062615721258,24.584584847999853,0.933281434102003,53762000000.0,0.11253301588482567,0
936468,Lockheed Martin,Industrials,2021-01-28,1,2021,1,2020,50710000000.0,6833000000.0,65398000000.0,44672000000.0,0.13474659830408203,24.64938896675334,0.8809307828830606,59812000000.0,0.09339263024142319,1
936468,Lockheed Martin,Industrials,2022-01-25,1,2022,1,2021,50873000000.0,6315000000.0,67044000000.0,39914000000.0,0.12413264403514634,24.652598167897118,0.7845812120378197,65398000000.0,0.02516896541178637,1
936468,Lockheed Martin,Industrials,2023-01-26,1,2023,1,2022,52880000000.0,5732000000.0,65984000000.0,43614000000.0,0.1083963691376702,24.69129103248984,0.8247730711043872,67044000000.0,-0.015810512499254248,1
936468,Lockheed Martin,Industrials,2024-01-23,3,2024,1,2023,52456000000.0,6920000000.0,67571000000.0,45621000000.0,0.1319200854049108,24.68324055990773,0.8697003202684155,65984000000.0,0.024051285160038738,1
936468,Lockheed Martin,Industrials,2025-01-28,5,2025,1,2024,55617000000.0,5336000000.0,71043000000.0,49284000000.0,0.09594188827157164,24.741754746864977,0.8861319380764874,67571000000.0,0.05138298974412092,1
936468,Lockheed Martin,Industrials,2026-01-29,5,2026,1,2025,59840000000.0,5017000000.0,75048000000.0,53119000000.0,0.08384024064171124,24.814940170612633,0.8876838235294118,71043000000.0,0.0563743085173769,1
940944,Darden Restaurants,Consumer Discretionary,2019-07-19,1,2019,7,2019,5892800000.0,713400000.0,8510400000.0,3500200000.0,0.12106299212598425,22.496997103655076,0.5939790931306,,,1
940944,Darden Restaurants,Consumer Discretionary,2020-07-24,1,2020,7,2020,9946100000.0,-52400000.0,7806900000.0,7614900000.0,-0.005268396657986548,23.020446351481596,0.765616673872171,8510400000.0,-0.08266356457980828,1
940944,Darden Restaurants,Consumer Discretionary,2021-07-23,1,2021,7,2021,10656100000.0,629300000.0,7196100000.0,7843000000.0,0.05905537673257571,23.089398335084798,0.7360103602631357,7806900000.0,-0.07823848134342692,1
940944,Darden Restaurants,Consumer Discretionary,2022-07-22,1,2022,7,2022,10135800000.0,952800000.0,9630000000.0,7937600000.0,0.09400343337477061,23.039339548121013,0.7831251603228162,7196100000.0,0.3382248718055614,1
940944,Darden Restaurants,Consumer Discretionary,2023-07-21,1,2023,7,2023,10241500000.0,981900000.0,10487800000.0,8040000000.0,0.09587462774007714,23.049713930204984,0.7850412537225993,9630000000.0,0.08907580477673926,1
940944,Darden Restaurants,Consumer Discretionary,2024-07-19,2,2024,7,2024,11323000000.0,1027600000.0,11390000000.0,9080500000.0,0.09075333392210545,23.150101892278315,0.8019517795637199,10487800000.0,0.08602376094128417,1
940944,Darden Restaurants,Consumer Discretionary,2025-07-18,2,2025,7,2025,12587000000.0,1049600000.0,12076700000.0,10275700000.0,0.08338762214983714,23.25593037225578,0.8163740367045365,11390000000.0,0.06028972783143116,1
940944,Darden Restaurants,Consumer Discretionary,2026-07-24,3,2026,7,2026,12862400000.0,1206700000.0,13210900000.0,10654900000.0,0.09381608409006095,23.27757416353797,0.8283757308122901,12076700000.0,0.09391638444276995,1
943452,Wabtec,Industrials,2019-02-27,1,2019,2,2018,8649200000.0,294900000.0,4363500000.0,5780100000.0,0.034095638903019934,22.880732668064017,0.6682814595569533,,,1
943452,Wabtec,Industrials,2020-02-24,1,2020,2,2019,18944200000.0,327000000.0,8200000000.0,8950600000.0,0.01726121979286536,23.664763653024707,0.4724717855596964,4363500000.0,0.8792253924601809,1
943452,Wabtec,Industrials,2021-02-19,2,2021,2,2020,18454000000.0,414000000.0,7556000000.0,8301000000.0,0.022434160615584696,23.638546986102774,0.4498211769806004,8200000000.0,-0.07853658536585362,1
943452,Wabtec,Industrials,2022-02-17,6,2022,2,2021,18454000000.0,558000000.0,7822000000.0,8215000000.0,0.030237346916657633,23.638546986102774,0.44516094071745965,7556000000.0,0.035203811540497565,1
943452,Wabtec,Industrials,2023-02-15,6,2023,2,2022,18516000000.0,633000000.0,8362000000.0,8369000000.0,0.034186649384316266,23.641901060115433,0.45198747029596026,7822000000.0,0.06903605216057285,1
943452,Wabtec,Industrials,2024-02-14,6,2024,2,2023,18988000000.0,815000000.0,9677000000.0,8464000000.0,0.04292184537602697,23.667073037635483,0.44575521381925426,8362000000.0,0.15725902894044497,1
943452,Wabtec,Industrials,2025-02-12,8,2025,2,2024,18702000000.0,1056000000.0,10387000000.0,8569000000.0,0.05646454924606994,23.651896306959667,0.45818629023633833,9677000000.0,0.07336984602666119,1
943452,Wabtec,Industrials,2026-02-13,8,2026,2,2025,22069000000.0,1170000000.0,11167000000.0,10879000000.0,0.05301554216321537,23.817439745812433,0.49295391725950427,10387000000.0,0.07509386733416767,1
943819,ResMed,Health Care,2019-08-08,0,2019,8,2019,4107682000.0,404592000.0,2606572000.0,2035489000.0,0.09849642693859943,22.13612471608458,0.4955322734330457,,,0
943819,ResMed,Health Care,2020-08-13,0,2020,8,2020,4587376000.0,621674000.0,2957013000.0,2090349000.0,0.1355184314518801,22.246574019989033,0.45567422421881265,2606572000.0,0.13444516399316808,0
943819,ResMed,Health Care,2021-08-17,0,2021,8,2021,4728125000.0,474505000.0,3196825000.0,1842446000.0,0.10035796430931923,22.276794554940995,0.3896779378717779,2957013000.0,0.08109940673240201,0
943819,ResMed,Health Care,2022-08-12,3,2022,8,2022,5095853000.0,779437000.0,3578127000.0,1735102000.0,0.15295515785090347,22.351692908646367,0.34049294593074014,3196825000.0,0.11927521838073707,1
943819,ResMed,Health Care,2023-08-11,3,2023,8,2023,6751708000.0,897556000.0,4222993000.0,2621805000.0,0.13293762111750093,22.633061346859417,0.3883172968973184,3578127000.0,0.18022445821514999,1
943819,ResMed,Health Care,2024-08-09,6,2024,8,2024,6872394000.0,1020951000.0,4685297000.0,2008351000.0,0.1485582753258908,22.65077835409426,0.29223455465446246,4222993000.0,0.10947306803492207,1
943819,ResMed,Health Care,2025-08-08,6,2025,8,2025,8174391000.0,1400723000.0,5146327000.0,2206532000.0,0.17135502816050763,22.82427205554196,0.269932279970459,4685297000.0,0.09839931171919303,1
946581,Take-Two Interactive,Communication Services,2019-05-14,0,2019,5,2018,3737841000.0,173533000.0,1792892000.0,2248871000.0,0.04642599832363121,22.041774008959525,0.6016497223932211,,,0
946581,Take-Two Interactive,Communication Services,2020-05-22,0,2020,5,2019,4243065000.0,333837000.0,2668394000.0,2202485000.0,0.07867826677177936,22.168551722398774,0.519078779137251,1792892000.0,0.48831831476742593,0
946581,Take-Two Interactive,Communication Services,2021-05-19,0,2021,5,2020,4948832000.0,404459000.0,3088970000.0,2409588000.0,0.08172817343567129,22.322417426088204,0.4869003433537449,2668394000.0,0.15761390559265243,0
946581,Take-Two Interactive,Communication Services,2022-05-17,0,2022,5,2021,6028218000.0,588900000.0,3372800000.0,2696326000.0,0.09769056129025194,22.5197172816221,0.44728408959330934,3088970000.0,0.09188499726446042,0
946581,Take-Two Interactive,Communication Services,2023-05-26,0,2023,5,2022,6546300000.0,418000000.0,3504800000.0,2736600000.0,0.0638528634495822,22.602165841489466,0.41803767013427434,3372800000.0,0.03913662239089177,0
946581,Take-Two Interactive,Communication Services,2024-05-22,3,2024,5,2023,15862100000.0,-1124700000.0,5349900000.0,6819600000.0,-0.0709048612730975,23.4871984529629,0.42993046317952854,3504800000.0,0.5264494407669482,1
946581,Take-Two Interactive,Communication Services,2025-05-20,6,2025,5,2024,12216900000.0,-3744200000.0,5349600000.0,6549000000.0,-0.30647709320695105,23.22608607601929,0.5360607027969452,5349900000.0,-5.607581450117749e-05,1
946581,Take-Two Interactive,Communication Services,2026-05-22,10,2026,5,2025,9180700000.0,-4478900000.0,5633600000.0,7043000000.0,-0.4878604028015293,22.94036929139503,0.767152831483438,5349600000.0,0.053088081351876815,1
947484,Arch Capital Group,Financials,2019-02-28,0,2019,2,2018,32218329000.0,757971000.0,5450568000.0,21780650000.0,0.02352608044942368,24.19580135115296,0.6760328879874559,,,0
947484,Arch Capital Group,Financials,2020-02-28,0,2020,2,2019,37885361000.0,1636319000.0,6925967000.0,25569809000.0,0.04319132659181999,24.357830621121618,0.6749258374494571,5450568000.0,0.27068720177420036,0
947484,Arch Capital Group,Financials,2021-02-26,0,2021,2,2020,43282297000.0,1405521000.0,8508509000.0,29294856000.0,0.03247334585777645,24.491009543089255,0.676832285495384,6925967000.0,0.22849401390448443,0
947484,Arch Capital Group,Financials,2022-02-25,0,2022,2,2021,45101000000.0,2157000000.0,9248000000.0,31546000000.0,0.04782599055453316,24.53217025615823,0.6994523403028757,8508509000.0,0.08691193721485169,0
947484,Arch Capital Group,Financials,2023-02-24,0,2023,2,2022,47990000000.0,1476000000.0,9613000000.0,35069000000.0,0.030756407584913523,24.594258492816564,0.7307564075849136,9248000000.0,0.03946799307958471,0
947484,Arch Capital Group,Financials,2024-02-23,17,2024,2,2023,58906000000.0,4443000000.0,13634000000.0,40551000000.0,0.07542525379418055,24.799208789987958,0.6884018605914508,9613000000.0,0.41828773535836894,1
947484,Arch Capital Group,Financials,2025-02-27,27,2025,2,2024,70906000000.0,4312000000.0,17440000000.0,50086000000.0,0.06081290722928948,24.98462089313803,0.7063718162073731,13634000000.0,0.27915505354261416,1
947484,Arch Capital Group,Financials,2026-02-26,40,2026,2,2025,79241000000.0,4399000000.0,19929000000.0,55035000000.0,0.05551419088603122,25.095759678586077,0.6945268232354463,17440000000.0,0.14271788990825685,1
1000228,Henry Schein,Health Care,2019-02-20,0,2019,2,2018,8500527000.0,535881000.0,13201995000.0,4646583000.0,0.06304091499268222,22.863393998520763,0.5466229329075715,,,0
1000228,Henry Schein,Health Care,2020-02-20,0,2020,2,2019,7151101000.0,694734000.0,9985803000.0,3233706000.0,0.09715063456662128,22.690532167811682,0.45219694142202715,13201995000.0,-0.24361409014319424,0
1000228,Henry Schein,Health Care,2021-02-17,0,2021,2,2020,7773000000.0,404000000.0,10119000000.0,3460448000.0,0.05197478451048501,22.773922027194494,0.44518821561816546,9985803000.0,0.01333863686275416,0
1000228,Henry Schein,Health Care,2022-02-15,0,2022,2,2021,8481000000.0,631000000.0,12401000000.0,3805000000.0,0.07440160358448296,22.861094204325976,0.44864992335809456,10119000000.0,0.22551635537108417,0
1000228,Henry Schein,Health Care,2023-02-21,0,2023,2,2022,8607000000.0,538000000.0,12647000000.0,3936000000.0,0.06250726153131173,22.875841662613748,0.45730219588706866,12401000000.0,0.019837109910491035,0
1000228,Henry Schein,Health Care,2024-02-28,0,2024,2,2023,10573000000.0,416000000.0,12339000000.0,5420000000.0,0.03934550269554526,23.0815694186968,0.5126265014659983,12647000000.0,-0.02435360164465883,0
1000228,Henry Schein,Health Care,2025-02-25,8,2025,2,2024,10218000000.0,390000000.0,12673000000.0,5381000000.0,0.03816793893129771,23.047416707855017,0.5266196907418281,12339000000.0,0.027068644136477804,1
1000228,Henry Schein,Health Care,2026-02-24,14,2026,2,2025,11215000000.0,398000000.0,13184000000.0,6421000000.0,0.03548818546589389,23.140518004918583,0.5725367810967454,12673000000.0,0.040321944291012324,1
1000697,Waters Corporation,Health Care,2019-02-26,4,2019,2,2018,3727426000.0,,2419929000.0,2160168000.0,,22.03898375195808,0.5795334367469669,,,1
1000697,Waters Corporation,Health Care,2020-02-25,10,2020,2,2019,2557055000.0,,2406596000.0,2773336000.0,,21.662122042605674,1.08458206804312,2419929000.0,-0.005509665779450557,1
1000697,Waters Corporation,Health Care,2021-02-24,12,2021,2,2020,2839920000.0,,2365365000.0,2607776000.0,,21.767041719708686,0.9182568523056988,2406596000.0,-0.01713249751931778,1
1000697,Waters Corporation,Health Care,2022-02-24,12,2022,2,2021,3094932000.0,,2785874000.0,2727378000.0,,21.853031771920765,0.8812400401688955,2365365000.0,0.17777763685519998,1
1000697,Waters Corporation,Health Care,2023-02-27,8,2023,2,2022,3281453000.0,707755000.0,2971956000.0,2776965000.0,0.215683418290617,21.91155214905721,0.8462607875230881,2785874000.0,0.06679483709600653,1
1000697,Waters Corporation,Health Care,2024-02-27,6,2024,2,2023,4626854000.0,642234000.0,2956416000.0,3476513000.0,0.13880576305195713,22.25514299245081,0.7513772857323788,2971956000.0,-0.005228879566184674,1
1000697,Waters Corporation,Health Care,2025-02-25,10,2025,2,2024,4553795000.0,637834000.0,2958387000.0,2725288000.0,0.1400664720304713,22.239226788203634,0.59846523613821,2956416000.0,0.0006666856085206785,1
1000697,Waters Corporation,Health Care,2026-02-23,10,2026,2,2025,5076550000.0,642629000.0,3165286000.0,2515308000.0,0.12658774167495643,22.347897733962668,0.49547586451428627,2958387000.0,0.06993642143505907,1
1001250,Estée Lauder Companies (The),Consumer Staples,2019-08-23,0,2019,8,2019,13156000000.0,1785000000.0,14863000000.0,8745000000.0,0.1356795378534509,23.30014376527322,0.6647157190635451,,,0
1001250,Estée Lauder Companies (The),Consumer Staples,2020-08-28,0,2020,8,2020,17781000000.0,684000000.0,14294000000.0,17781000000.0,0.03846802766998481,23.601396308420224,1.0,14863000000.0,-0.03828298459261248,0
1001250,Estée Lauder Companies (The),Consumer Staples,2021-08-27,0,2021,8,2021,21971000000.0,,16215000000.0,21971000000.0,,23.812989238920643,1.0,14294000000.0,0.1343920526094864,0
1001250,Estée Lauder Companies (The),Consumer Staples,2022-08-24,0,2022,8,2022,20910000000.0,,17737000000.0,20910000000.0,,23.763493350386952,1.0,16215000000.0,0.09386370644464992,0
1001250,Estée Lauder Companies (The),Consumer Staples,2023-08-18,0,2023,8,2023,23415000000.0,,15910000000.0,23415000000.0,,23.876642679581916,1.0,17737000000.0,-0.10300501775948578,0
1001250,Estée Lauder Companies (The),Consumer Staples,2024-08-19,3,2024,8,2024,21677000000.0,,15608000000.0,21677000000.0,,23.799517627559197,1.0,15910000000.0,-0.018981772470144542,1
1001250,Estée Lauder Companies (The),Consumer Staples,2025-08-20,2,2025,8,2025,19892000000.0,,14326000000.0,19892000000.0,,23.713583477798903,1.0,15608000000.0,-0.0821373654536135,1
1002047,NetApp,Information Technology,2019-06-18,9,2019,6,2018,9991000000.0,116000000.0,5919000000.0,7715000000.0,0.011610449404464018,23.024950524697292,0.7721949754779301,,,1
1002047,NetApp,Information Technology,2020-06-15,5,2020,6,2019,8741000000.0,1169000000.0,6146000000.0,7651000000.0,0.1337375586317355,22.89129043654476,0.8753003088891431,5919000000.0,0.03835107281635408,1
1002047,NetApp,Information Technology,2021-06-21,11,2021,6,2020,7522000000.0,819000000.0,5412000000.0,7280000000.0,0.10888061685721882,22.741097896994557,0.9678277053975006,6146000000.0,-0.11942726976895546,1
1002047,NetApp,Information Technology,2022-06-16,13,2022,6,2021,9360000000.0,730000000.0,5744000000.0,8675000000.0,0.07799145299145299,22.95971112743591,0.9268162393162394,5412000000.0,0.061345158906134456,1
1002047,NetApp,Information Technology,2023-06-14,15,2023,6,2022,10026000000.0,937000000.0,6318000000.0,9188000000.0,0.09345701176939956,23.02844755578772,0.9164173149810493,5744000000.0,0.09993036211699158,1
1002047,NetApp,Information Technology,2024-06-10,17,2024,6,2023,9818000000.0,1274000000.0,6362000000.0,8659000000.0,0.12976166225300467,23.00748327258227,0.8819515176206967,6318000000.0,0.006964229186451343,1
1002047,NetApp,Information Technology,2025-06-09,15,2025,6,2024,9887000000.0,986000000.0,5657000000.0,8741000000.0,0.09972691412966522,23.014486599861407,0.8840902194801254,6362000000.0,-0.11081420936812325,1
1002047,NetApp,Information Technology,2026-06-05,25,2026,6,2025,10823000000.0,1186000000.0,5907000000.0,9783000000.0,0.10958144691859928,23.10493933625942,0.903908343342881,5657000000.0,0.04419303517765605,1
1002910,Ameren,Utilities,2019-02-26,2,2019,2,2018,27215000000.0,,6291000000.0,27215000000.0,,24.02703412883257,1.0,,,1
1002910,Ameren,Utilities,2020-02-28,2,2020,2,2019,28933000000.0,,5910000000.0,28933000000.0,,24.088248649140915,1.0,6291000000.0,-0.06056270863137814,1
1002910,Ameren,Utilities,2021-02-22,2,2021,2,2020,32030000000.0,,5794000000.0,32030000000.0,,24.18993880056748,1.0,5910000000.0,-0.019627749576988207,1
1002910,Ameren,Utilities,2022-02-23,0,2022,2,2021,35735000000.0,,6394000000.0,35735000000.0,,24.299396437618352,1.0,5794000000.0,0.10355540214014503,0
1002910,Ameren,Utilities,2023-02-22,0,2023,2,2022,37904000000.0,,7957000000.0,37904000000.0,,24.35832248436284,1.0,6394000000.0,0.24444791992492965,0
1002910,Ameren,Utilities,2024-02-29,3,2024,2,2023,40830000000.0,,7500000000.0,40830000000.0,,24.432682942277893,1.0,7957000000.0,-0.05743370617066734,1
1002910,Ameren,Utilities,2025-02-18,5,2025,2,2024,44598000000.0,,7623000000.0,44598000000.0,,24.520954851917622,1.0,7500000000.0,0.01639999999999997,1
1002910,Ameren,Utilities,2026-02-18,8,2026,2,2025,48476000000.0,,8799000000.0,48476000000.0,,24.604334667052655,1.0,7623000000.0,0.15426997245179064,1
1004980,PG&E Corporation,Utilities,2019-02-28,0,2019,2,2018,76995000000.0,,16759000000.0,76995000000.0,,25.067006321626785,1.0,,,0
1004980,PG&E Corporation,Utilities,2020-02-18,1,2020,2,2019,85196000000.0,,17129000000.0,85196000000.0,,25.168220321322764,1.0,16759000000.0,0.0220776895996182,1
1004980,PG&E Corporation,Utilities,2021-02-25,0,2021,2,2020,97856000000.0,,18469000000.0,97856000000.0,,25.306762847253008,1.0,17129000000.0,0.07822990250452455,0
1004980,PG&E Corporation,Utilities,2022-02-10,0,2022,2,2021,103327000000.0,,20642000000.0,103327000000.0,,25.361164553556584,1.0,18469000000.0,0.11765661378526171,0
1004980,PG&E Corporation,Utilities,2023-02-23,0,2023,2,2022,118644000000.0,,21680000000.0,118644000000.0,,25.499393249649405,1.0,20642000000.0,0.050285825016955776,0
1004980,PG&E Corporation,Utilities,2024-02-22,1,2024,2,2023,125698000000.0,,24428000000.0,125698000000.0,,25.557148041517067,1.0,21680000000.0,0.12675276752767517,1
1004980,PG&E Corporation,Utilities,2025-02-13,2,2025,2,2024,133660000000.0,,24419000000.0,133660000000.0,,25.618565099029333,1.0,24428000000.0,-0.00036842967086947453,1
1004980,PG&E Corporation,Utilities,2026-02-12,3,2026,2,2025,141611000000.0,,24935000000.0,141611000000.0,,25.676349698804632,1.0,24419000000.0,0.021131086449076575,1
1013237,FactSet,Financials,2019-10-30,1,2019,10,2019,1560130000.0,352790000.0,1435351000.0,887874000.0,0.22612859184811523,21.16803498806916,0.5691025747854346,,,1
1013237,FactSet,Financials,2020-10-29,0,2020,10,2020,2083388000.0,372938000.0,1494111000.0,1187013000.0,0.17900554289455445,21.45726125168235,0.5697512897261576,1435351000.0,0.04093772185340039,0
1013237,FactSet,Financials,2021-10-22,5,2021,10,2021,2224940000.0,399590000.0,1591445000.0,1208587000.0,0.1795958542702275,21.522995785908883,0.5431998166242685,1494111000.0,0.06514509296832705,1
1013237,FactSet,Financials,2022-10-21,2,2022,10,2022,4014305000.0,396917000.0,1843892000.0,2682897000.0,0.09887564597109587,22.11313006848972,0.6683341201029818,1591445000.0,0.15862753660981066,1
1013237,FactSet,Financials,2023-10-27,6,2023,10,2023,3962922000.0,468173000.0,2085508000.0,2342992000.0,0.11813833328034214,22.10024746890197,0.591228391575711,1843892000.0,0.13103587411844075,1
1013237,FactSet,Financials,2024-10-29,8,2024,10,2024,4055040000.0,537126000.0,2203056000.0,2142580000.0,0.13245886600378787,22.123226388830115,0.5283745659722222,2085508000.0,0.05636420478847359,1
1013237,FactSet,Financials,2025-10-22,13,2025,10,2025,4304272000.0,597040000.0,2321748000.0,2117859000.0,0.13870870614124758,22.18287385483507,0.49203651627964035,2203056000.0,0.0538760703313943,1
1013871,NRG Energy,Utilities,2019-02-28,0,2019,2,2018,10628000000.0,268000000.0,9478000000.0,11843000000.0,0.02521640948438088,23.086757864843978,1.1143206624012043,,,0
1013871,NRG Energy,Utilities,2020-02-27,0,2020,2,2019,12531000000.0,4438000000.0,9821000000.0,10853000000.0,0.3541616790359907,23.25147141112956,0.8660920916128002,9478000000.0,0.03618906942392908,0
1013871,NRG Energy,Utilities,2021-03-01,0,2021,3,2020,14902000000.0,510000000.0,9093000000.0,13222000000.0,0.034223594148436454,23.424761269077948,0.8872634545698564,9821000000.0,-0.07412687099073412,0
1013871,NRG Energy,Utilities,2022-02-24,0,2022,2,2021,23182000000.0,2187000000.0,26989000000.0,19582000000.0,0.09434043654559572,23.866641952412966,0.8447071003364679,9093000000.0,1.9681073353128782,0
1013871,NRG Energy,Utilities,2023-02-23,0,2023,2,2022,29146000000.0,1221000000.0,31543000000.0,25318000000.0,0.04189254100048034,24.095583519057914,0.8686612228093049,26989000000.0,0.1687354107228871,0
1013871,NRG Energy,Utilities,2024-02-28,5,2024,2,2023,26038000000.0,-202000000.0,28823000000.0,23132000000.0,-0.007757892311237422,23.982822846421616,0.8883938858591289,31543000000.0,-0.0862314935167866,1
1013871,NRG Energy,Utilities,2025-02-26,5,2025,2,2024,24022000000.0,1125000000.0,28130000000.0,21544000000.0,0.04683207060194822,23.90223591407871,0.8968445591541088,28823000000.0,-0.02404329875446687,1
1013871,NRG Energy,Utilities,2026-02-24,5,2026,2,2025,29140000000.0,864000000.0,30713000000.0,27459000000.0,0.02964996568291009,24.09537763771347,0.9423129718599863,28130000000.0,0.0918236757909705,1
1014473,Verisign,Information Technology,2019-02-15,0,2019,2,2018,1914504000.0,,1214969000.0,3299978000.0,,21.3727244181978,1.7236725543535036,,,0
1014473,Verisign,Information Technology,2020-02-14,0,2020,2,2019,1854009000.0,,1231661000.0,3344109000.0,,21.340616158447226,1.8037177813052687,1214969000.0,0.013738622137684064,0
1014473,Verisign,Information Technology,2021-02-19,0,2021,2,2020,1766910000.0,,1265100000.0,3157108000.0,,21.292498095200724,1.7867961582649936,1231661000.0,0.027149515978828642,0
1014473,Verisign,Information Technology,2022-02-18,0,2022,2,2021,1983800000.0,,1327600000.0,3244300000.0,,21.408280034276167,1.6353967133783647,1265100000.0,0.049403209232471657,0
1014473,Verisign,Information Technology,2023-02-17,0,2023,2,2022,1733400000.0,,1424900000.0,3295600000.0,,21.273350634664517,1.9012345679012346,1327600000.0,0.07329014763482977,0
1014473,Verisign,Information Technology,2024-02-15,1,2024,2,2023,1749000000.0,,1493100000.0,3330000000.0,,21.282310032982878,1.9039451114922814,1424900000.0,0.04786300793038101,1
1014473,Verisign,Information Technology,2025-02-13,2,2025,2,2024,1406500000.0,,1557400000.0,3364400000.0,,21.064370185894187,2.392036971205119,1493100000.0,0.04306476458375186,1
1014473,Verisign,Information Technology,2026-02-05,1,2026,2,2025,1325900000.0,,1656600000.0,3480100000.0,,21.005357311084946,2.624707745682178,1557400000.0,0.06369590342879161,1
1018724,Amazon,Consumer Discretionary,2019-02-01,1,2019,2,2018,162648000000.0,10073000000.0,232887000000.0,162648000000.0,0.06193128719689145,25.814854193448333,1.0,,,1
1018724,Amazon,Consumer Discretionary,2020-01-31,3,2020,1,2019,225248000000.0,11588000000.0,280522000000.0,225248000000.0,0.051445517829237106,26.14046785437213,1.0,232887000000.0,0.20454125820676983,1
1018724,Amazon,Consumer Discretionary,2021-02-03,5,2021,2,2020,321195000000.0,21331000000.0,386064000000.0,321195000000.0,0.06641137004000686,26.4953142522727,1.0,280522000000.0,0.37623430604373276,1
1018724,Amazon,Consumer Discretionary,2022-02-04,6,2022,2,2021,420549000000.0,33364000000.0,469822000000.0,420549000000.0,0.07933439385184604,26.764826837513485,1.0,386064000000.0,0.21695366571345676,1
1018724,Amazon,Consumer Discretionary,2023-02-03,5,2023,2,2022,462675000000.0,-2722000000.0,513983000000.0,462675000000.0,-0.0058831793375479545,26.860290700710223,1.0,469822000000.0,0.09399517263985091,1
1018724,Amazon,Consumer Discretionary,2024-02-02,12,2024,2,2023,527854000000.0,30425000000.0,574785000000.0,527854000000.0,0.057639044129626754,26.992085567263793,1.0,513983000000.0,0.1182957412988368,1
1018724,Amazon,Consumer Discretionary,2025-02-07,17,2025,2,2024,624894000000.0,59248000000.0,637959000000.0,624894000000.0,0.09481288026449286,27.160847872299104,1.0,574785000000.0,0.1099089224666614,1
1018724,Amazon,Consumer Discretionary,2026-02-06,26,2026,2,2025,818042000000.0,77670000000.0,716924000000.0,818042000000.0,0.09494622525493801,27.430179516974338,1.0,637959000000.0,0.12377754683294695,1
1020569,Iron Mountain,Real Estate,2019-02-14,0,2019,2,2018,11857218000.0,,4225761000.0,11857218000.0,,23.196202633017013,1.0,,,0
1020569,Iron Mountain,Real Estate,2020-02-13,2,2020,2,2019,13816816000.0,,4262584000.0,13816816000.0,,23.34915223800385,1.0,4225761000.0,0.008713933419329578,1
1020569,Iron Mountain,Real Estate,2021-02-24,4,2021,2,2020,14149267000.0,,4147270000.0,14149267000.0,,23.37292865757374,1.0,4262584000.0,-0.02705260471113291,1
1020569,Iron Mountain,Real Estate,2022-02-24,4,2022,2,2021,14450031000.0,,4491531000.0,14450031000.0,,23.39396239683127,1.0,4147270000.0,0.08300906379377282,1
1020569,Iron Mountain,Real Estate,2023-02-23,4,2023,2,2022,16140514000.0,,5103574000.0,16140514000.0,,23.504598345625617,1.0,4491531000.0,0.13626600818295587,1
1020569,Iron Mountain,Real Estate,2024-02-22,7,2024,2,2023,17473802000.0,,5480289000.0,17473802000.0,,23.583968567637594,1.0,5103574000.0,0.0738139586101818,1
1020569,Iron Mountain,Real Estate,2025-02-14,8,2025,2,2024,18717115000.0,,6149909000.0,18717115000.0,,23.65270418287133,1.0,5480289000.0,0.12218698685416052,1
1020569,Iron Mountain,Real Estate,2026-02-12,11,2026,2,2025,21125019000.0,,6901737000.0,21125019000.0,,23.77372390959753,1.0,6149909000.0,0.12225026419090113,1
1022079,Quest Diagnostics,Health Care,2019-02-21,5,2019,2,2018,11003000000.0,736000000.0,7531000000.0,11003000000.0,0.06689084795055894,23.121433799834186,1.0,,,1
1022079,Quest Diagnostics,Health Care,2020-02-20,9,2020,2,2019,12843000000.0,858000000.0,7726000000.0,12843000000.0,0.06680682083625321,23.27606475277733,1.0,7531000000.0,0.025892975700438248,1
1022079,Quest Diagnostics,Health Care,2021-02-22,8,2021,2,2020,14026000000.0,1431000000.0,9437000000.0,14026000000.0,0.1020248110651647,23.36417858706113,1.0,7726000000.0,0.22146000517732323,1
1022079,Quest Diagnostics,Health Care,2022-02-28,12,2022,2,2021,13611000000.0,1995000000.0,10788000000.0,13611000000.0,0.14657262508265373,23.334144126296348,1.0,9437000000.0,0.14315990251139143,1
1022079,Quest Diagnostics,Health Care,2023-02-21,13,2023,2,2022,12837000000.0,946000000.0,9883000000.0,12837000000.0,0.07369323050556983,23.275597463049202,1.0,10788000000.0,-0.0838895068594735,1
1022079,Quest Diagnostics,Health Care,2024-02-22,10,2024,2,2023,14022000000.0,854000000.0,9252000000.0,14022000000.0,0.06090429325345885,23.363893361731186,1.0,9883000000.0,-0.06384701001720128,1
1022079,Quest Diagnostics,Health Care,2025-02-20,12,2025,2,2024,16153000000.0,871000000.0,9872000000.0,16153000000.0,0.053921872098062276,23.50537162787803,1.0,9252000000.0,0.06701253782965844,1
1022079,Quest Diagnostics,Health Care,2026-02-26,15,2026,2,2025,16225000000.0,992000000.0,11035000000.0,16225000000.0,0.0611402157164869,23.509819099536564,1.0,9872000000.0,0.11780794165316055,1
1022671,Steel Dynamics,Materials,2019-02-27,0,2019,2,2018,7703563000.0,,11821839000.0,3816334000.0,,22.764948786053527,0.4953985577842357,,,0
1022671,Steel Dynamics,Materials,2020-02-27,0,2020,2,2019,8275765000.0,,10464991000.0,4210910000.0,,22.836597201066475,0.5088242597512134,11821839000.0,-0.11477469791290507,0
1022671,Steel Dynamics,Materials,2021-03-01,0,2021,3,2020,9265562000.0,,9601482000.0,4917336000.0,,22.949570353235885,0.5307110351212371,10464991000.0,-0.08251407000732247,0
1022671,Steel Dynamics,Materials,2022-02-28,0,2022,2,2021,12531234000.0,3214066000.0,18408850000.0,6211063000.0,0.25648439730676165,23.25149008464446,0.495646558032513,9601482000.0,0.9172925596277741,0
1022671,Steel Dynamics,Materials,2023-02-28,0,2023,2,2022,14159984000.0,3862674000.0,22260774000.0,6064179000.0,0.27278802009945774,23.373685795267843,0.4282617127250991,18408850000.0,0.20924305429182155,0
1022671,Steel Dynamics,Materials,2024-02-29,0,2024,2,2023,14908420000.0,2450882000.0,18795316000.0,6068893000.0,0.16439582464137714,23.425191990959707,0.40707821486113216,22260774000.0,-0.15567553940397583,0
1022671,Steel Dynamics,Materials,2025-02-28,0,2025,2,2024,14935233000.0,1537134000.0,17540390000.0,5989987000.0,0.10291998792385763,23.426988889430184,0.4010641815899357,18795316000.0,-0.06676801815941802,0
1022671,Steel Dynamics,Materials,2026-02-27,0,2026,2,2025,16419780000.0,1185595000.0,18176581000.0,7489369000.0,0.07220529142290578,23.521752542586174,0.45611871779037233,17540390000.0,0.03627006012979184,0
1024478,Rockwell Automation,Industrials,2019-11-12,43,2019,11,2019,6113000000.0,695800000.0,6694800000.0,6113000000.0,0.1138230001635858,22.533683487993,1.0,,,1
1024478,Rockwell Automation,Industrials,2020-11-10,68,2020,11,2020,7264700000.0,1023400000.0,6329800000.0,7264700000.0,0.14087298856112435,22.7062928392413,1.0,6694800000.0,-0.05451992591264865,1
1024478,Rockwell Automation,Industrials,2021-11-09,67,2021,11,2021,10701600000.0,1358100000.0,6997400000.0,10701600000.0,0.12690625700829783,23.09365909994565,1.0,6329800000.0,0.10546936712060417,1
1024478,Rockwell Automation,Industrials,2022-11-08,69,2022,11,2022,10758700000.0,932200000.0,7760400000.0,10758700000.0,0.08664615613410542,23.09898056653712,1.0,6997400000.0,0.10904050075742422,1
1024478,Rockwell Automation,Industrials,2023-11-08,64,2023,11,2023,11304000000.0,1387000000.0,9058000000.0,11304000000.0,0.12269992922859164,23.148422482328638,1.0,7760400000.0,0.16720787588268649,1
1024478,Rockwell Automation,Industrials,2024-11-12,69,2024,11,2024,11232000000.0,953000000.0,8264000000.0,11232000000.0,0.08484686609686609,23.142032684229864,1.0,9058000000.0,-0.08765731949657762,1
1024478,Rockwell Automation,Industrials,2025-11-12,71,2025,11,2025,11219000000.0,869000000.0,8342000000.0,11219000000.0,0.07745788394687583,23.14087460650924,1.0,8264000000.0,0.009438528557599302,1
1031296,FirstEnergy,Utilities,2019-02-19,4,2019,2,2018,40063000000.0,1348000000.0,11261000000.0,40063000000.0,0.033647005965604174,24.413719052048638,1.0,,,1
1031296,FirstEnergy,Utilities,2020-02-10,0,2020,2,2019,42301000000.0,912000000.0,11035000000.0,42301000000.0,0.021559774000614644,24.468076563381146,1.0,11261000000.0,-0.020069265606962094,0
1031296,FirstEnergy,Utilities,2021-02-18,0,2021,2,2020,44464000000.0,1079000000.0,10790000000.0,44464000000.0,0.024266822598056854,24.51794570994656,1.0,11035000000.0,-0.022202084277299527,0
1031296,FirstEnergy,Utilities,2022-02-16,3,2022,2,2021,45432000000.0,1283000000.0,11132000000.0,45432000000.0,0.028240007043493574,24.539482539521543,1.0,10790000000.0,0.031696014828545005,1
1031296,FirstEnergy,Utilities,2023-02-13,3,2023,2,2022,46108000000.0,406000000.0,12459000000.0,35465000000.0,0.008805413377288107,24.554252307685175,0.7691723778953761,11132000000.0,0.11920589292130801,1
1031296,FirstEnergy,Utilities,2024-02-13,4,2024,2,2023,48767000000.0,1102000000.0,12870000000.0,37851000000.0,0.022597248139110463,24.610319691551013,0.7761601082699366,12459000000.0,0.03298820130026492,1
1031296,FirstEnergy,Utilities,2025-02-27,4,2025,2,2024,52044000000.0,978000000.0,13472000000.0,38324000000.0,0.018791791560986856,24.67535535158764,0.7363769118438245,12870000000.0,0.04677544677544687,1
1031296,FirstEnergy,Utilities,2026-02-18,7,2026,2,2025,55904000000.0,1020000000.0,15090000000.0,41978000000.0,0.01824556382369777,24.746901770898056,0.7508943903835146,13472000000.0,0.12010095011876487,1
1032208,Sempra,Utilities,2019-02-26,2,2019,2,2018,60638000000.0,864000000.0,10102000000.0,60638000000.0,0.014248491045219169,24.82818759620628,1.0,,,1
1032208,Sempra,Utilities,2020-02-27,0,2020,2,2019,65665000000.0,447000000.0,10829000000.0,65665000000.0,0.006807279372572908,24.907831895983534,1.0,10102000000.0,0.071965947337161,0
1032208,Sempra,Utilities,2021-02-25,0,2021,2,2020,66623000000.0,414000000.0,11370000000.0,66623000000.0,0.006214070215991474,24.92231570022012,1.0,10829000000.0,0.04995844491642809,0
1032208,Sempra,Utilities,2022-02-25,1,2022,2,2021,72045000000.0,1318000000.0,12857000000.0,72045000000.0,0.018294121729474633,25.00055676073131,1.0,11370000000.0,0.13078276165347402,1
1032208,Sempra,Utilities,2023-02-28,0,2023,2,2022,78574000000.0,2139000000.0,14439000000.0,78574000000.0,0.02722274543742205,25.087306692854817,1.0,12857000000.0,0.12304581162012918,0
1032208,Sempra,Utilities,2024-02-27,0,2024,2,2023,87181000000.0,3075000000.0,16720000000.0,87181000000.0,0.03527144676018857,25.191252254211633,1.0,14439000000.0,0.1579749290117045,0
1032208,Sempra,Utilities,2025-02-25,2,2025,2,2024,96155000000.0,2862000000.0,13185000000.0,96155000000.0,0.02976444282668608,25.289227309709222,1.0,16720000000.0,-0.21142344497607657,1
1032208,Sempra,Utilities,2026-02-26,7,2026,2,2025,110878000000.0,1837000000.0,13702000000.0,110878000000.0,0.016567759158714983,25.431696334707286,1.0,13185000000.0,0.03921122487675399,1
1034054,SBA Communications,Real Estate,2019-02-28,0,2019,2,2018,7213707000.0,47451000.0,1865695000.0,7213707000.0,0.006577894000962334,22.699248803133006,1.0,,,0
1034054,SBA Communications,Real Estate,2020-02-24,0,2020,2,2019,9759941000.0,146991000.0,2014645000.0,9759941000.0,0.015060644321517927,23.001552192271173,1.0,1865695000.0,0.07983620045077044,0
1034054,SBA Communications,Real Estate,2021-02-25,0,2021,2,2020,9158018000.0,24104000.0,2083138000.0,9158018000.0,0.002632010550754541,22.937895616674034,1.0,2014645000.0,0.033997552918752394,0
1034054,SBA Communications,Real Estate,2022-03-01,0,2022,3,2021,9801699000.0,237624000.0,2308834000.0,9801699000.0,0.024243143969224112,23.005821574943493,1.0,2083138000.0,0.10834423835578821,0
1034054,SBA Communications,Real Estate,2023-03-01,0,2023,3,2022,10585041000.0,461429000.0,2633454000.0,10585041000.0,0.04359255670337035,23.0827076149315,1.0,2308834000.0,0.14059910760149918,0
1034054,SBA Communications,Real Estate,2024-02-28,0,2024,2,2023,10178441000.0,501812000.0,2711584000.0,10178441000.0,0.04930145982081146,23.04353769292267,1.0,2633454000.0,0.02966826077083562,0
1034054,SBA Communications,Real Estate,2025-02-26,2,2025,2,2024,11417336000.0,749536000.0,2679634000.0,11417336000.0,0.0656489394723953,23.15839873900522,1.0,2711584000.0,-0.011782780839538765,1
1034054,SBA Communications,Real Estate,2026-02-27,13,2026,2,2025,11575012000.0,1053632000.0,2815139000.0,11575012000.0,0.09102642830953436,23.172114473635233,1.0,2679634000.0,0.05056847315715496,1
1035002,Valero Energy,Energy,2019-02-28,0,2019,2,2018,50155000000.0,3122000000.0,,50155000000.0,0.0622470341939986,24.63838404728186,1.0,,,0
1035002,Valero Energy,Energy,2020-02-26,0,2020,2,2019,53864000000.0,2422000000.0,,53864000000.0,0.04496509728204367,24.70972818818939,1.0,,,0
1035002,Valero Energy,Energy,2021-02-23,0,2021,2,2020,51774000000.0,-1421000000.0,,51774000000.0,-0.027446208521651794,24.670153929700636,1.0,,,0
1035002,Valero Energy,Energy,2022-02-22,0,2022,2,2021,57888000000.0,930000000.0,,57888000000.0,0.016065505804311774,24.781775946159296,1.0,,,0
1035002,Valero Energy,Energy,2023-02-23,0,2023,2,2022,60982000000.0,11528000000.0,,60982000000.0,0.18903938867206715,24.83384457560726,1.0,,,0
1035002,Valero Energy,Energy,2024-02-22,1,2024,2,2023,63056000000.0,8835000000.0,,63056000000.0,0.1401135498604415,24.86728905739906,1.0,,,1
1035002,Valero Energy,Energy,2025-02-26,1,2025,2,2024,60143000000.0,2770000000.0,,60143000000.0,0.04605689772708378,24.81999089686757,1.0,,,1
1035002,Valero Energy,Energy,2026-02-25,1,2026,2,2025,57988000000.0,2348000000.0,,57988000000.0,0.04049113609712354,24.783501929535063,1.0,,,1
1035267,Intuitive Surgical,Health Care,2019-02-04,1,2019,2,2018,7846700000.0,1127900000.0,3724200000.0,1159200000.0,0.14374195521684274,22.783358898189768,0.14773089324174493,,,1
1035267,Intuitive Surgical,Health Care,2020-02-07,1,2020,2,2019,9733200000.0,1379300000.0,4478500000.0,1448500000.0,0.14171084535404593,22.998808558828575,0.1488205317881067,3724200000.0,0.20254014284947108,1
1035267,Intuitive Surgical,Health Care,2021-02-10,1,2021,2,2020,11168900000.0,1060600000.0,4358400000.0,1409800000.0,0.09496011245512091,23.136398967111987,0.12622550116842304,4478500000.0,-0.026817014625432622,1
1035267,Intuitive Surgical,Health Care,2022-02-03,1,2022,2,2021,13555000000.0,1704600000.0,5710100000.0,1603500000.0,0.12575433419402435,23.33002131989704,0.1182958317963851,4358400000.0,0.31013674743024966,1
1035267,Intuitive Surgical,Health Care,2023-02-10,0,2023,2,2022,12974000000.0,1322300000.0,6222200000.0,1861400000.0,0.10191922306150764,23.286213191737275,0.14347155850161863,5710100000.0,0.08968319293882776,0
1035267,Intuitive Surgical,Health Care,2024-01-31,9,2024,1,2023,15441500000.0,1798000000.0,7124100000.0,2044200000.0,0.11643946507787456,23.460324527083326,0.13238351196451123,6222200000.0,0.1449487319597571,1
1035267,Intuitive Surgical,Health Care,2025-01-31,13,2025,1,2024,18743200000.0,2322600000.0,8352100000.0,2213600000.0,0.12391694054377055,23.654096856916706,0.11810149814332664,7124100000.0,0.17237265058042417,1
1035267,Intuitive Surgical,Health Care,2026-02-03,17,2026,2,2025,20458700000.0,2856000000.0,10064700000.0,2517000000.0,0.13959831269826528,23.741674056839305,0.1230283449095006,8352100000.0,0.20505022688904595,1
1035443,Alexandria Real Estate Equities,Real Estate,2019-02-05,0,2019,2,2018,14464956000.0,379312000.0,,6570242000.0,0.026222824321069486,23.394994733544788,0.45421790429227715,,,0
1035443,Alexandria Real Estate Equities,Real Estate,2020-02-04,0,2020,2,2019,18390503000.0,363165000.0,,8224025000.0,0.019747420720357674,23.635100227010227,0.4471886929900721,,,0
1035443,Alexandria Real Estate Equities,Real Estate,2021-02-01,0,2021,2,2020,22827878000.0,770959000.0,,9384100000.0,0.033772696700061215,23.851248345292593,0.4110806970319361,,,0
1035443,Alexandria Real Estate Equities,Real Estate,2022-01-31,0,2022,1,2021,30219373000.0,571247000.0,,11186123000.0,0.018903337273079756,24.13174904572666,0.3701639673331409,,,0
1035443,Alexandria Real Estate Equities,Real Estate,2023-01-30,0,2023,1,2022,35523399000.0,521660000.0,,12840152000.0,0.014684968631520875,24.293457443059705,0.36145617709611627,,,0
1035443,Alexandria Real Estate Equities,Real Estate,2024-01-29,4,2024,1,2023,36771402000.0,103639000.0,,14148409000.0,0.0028184674601202317,24.32798626044214,0.3847666455578713,,,1
1035443,Alexandria Real Estate Equities,Real Estate,2025-01-27,8,2025,1,2024,37527449000.0,322949000.0,,15128988000.0,0.008605674209296773,24.348338475494284,0.4031445889114392,,,1
1035443,Alexandria Real Estate Equities,Real Estate,2026-01-26,10,2026,1,2025,34081835000.0,-1429570000.0,,14925399000.0,-0.04194521803183426,24.25203038135471,0.4379282688270746,,,1
1035983,Comfort Systems USA,Industrials,2019-02-21,8,2019,2,2018,1062564000.0,112903000.0,2182879000.0,564517000.0,0.10625524674278443,20.78395069224289,0.5312781159534861,,,1
1035983,Comfort Systems USA,Industrials,2020-02-26,6,2020,2,2019,1505012000.0,114324000.0,2615277000.0,919708000.0,0.07596218501912277,21.13206670853739,0.6110967885970344,2182879000.0,0.19808610555143003,1
1035983,Comfort Systems USA,Industrials,2021-02-25,6,2021,2,2020,1757355000.0,150139000.0,2856659000.0,1060926000.0,0.08543464467907737,21.2870756746893,0.6037061379174953,2615277000.0,0.09229691539366569,1
1035983,Comfort Systems USA,Industrials,2022-02-23,6,2022,2,2021,2209114000.0,143348000.0,3073636000.0,1403448000.0,0.06488936288484885,21.515857367114812,0.6352990384380345,2856659000.0,0.07595481294757267,1
1035983,Comfort Systems USA,Industrials,2023-02-22,6,2023,2,2022,2597478000.0,245947000.0,4140364000.0,1597555000.0,0.09468684624085363,21.6778068112194,0.6150408203649848,3073636000.0,0.34705736137916143,1
1035983,Comfort Systems USA,Industrials,2024-02-22,6,2024,2,2023,3305579000.0,323398000.0,5206760000.0,2027750000.0,0.09783399519418534,21.918877484013652,0.6134326240576916,4140364000.0,0.2575609294255288,1
1035983,Comfort Systems USA,Industrials,2025-02-20,6,2025,2,2024,4711088000.0,522433000.0,7027476000.0,3006412000.0,0.11089434117978691,22.273184716175695,0.6381566211456886,5206760000.0,0.34968310427213845,1
1035983,Comfort Systems USA,Industrials,2026-02-19,13,2026,2,2025,6441169000.0,1022558000.0,9101641000.0,3992395000.0,0.15875348092869476,22.585975882328725,0.619824600161865,7027476000.0,0.29515077675114076,1
1037038,Ralph Lauren Corporation,Consumer Discretionary,2019-05-16,0,2019,5,2018,6143300000.0,162800000.0,6182300000.0,2685900000.0,0.02650041508635424,22.538627894009338,0.43720801523611086,,,0
1037038,Ralph Lauren Corporation,Consumer Discretionary,2020-05-27,0,2020,5,2019,5942800000.0,430900000.0,6313000000.0,2655600000.0,0.07250790872989163,22.505446239727473,0.4468600659621727,6182300000.0,0.021140999304466,0
1037038,Ralph Lauren Corporation,Consumer Discretionary,2021-05-20,0,2021,5,2020,7279900000.0,384300000.0,6159800000.0,4586800000.0,0.05278918666465199,22.708382962796925,0.6300635997747221,6313000000.0,-0.02426738476160306,0
1037038,Ralph Lauren Corporation,Consumer Discretionary,2022-05-24,0,2022,5,2021,7887500000.0,-121100000.0,4400800000.0,5283100000.0,-0.015353407290015848,22.788545064813743,0.6698066561014263,6159800000.0,-0.28556121952011426,0
1037038,Ralph Lauren Corporation,Consumer Discretionary,2023-05-25,4,2023,5,2022,7724700000.0,600100000.0,6218500000.0,5188700000.0,0.07768586482322938,22.76768882402467,0.6717024609369944,4400800000.0,0.413038538447555,1
1037038,Ralph Lauren Corporation,Consumer Discretionary,2024-05-23,6,2024,5,2023,6789500000.0,522700000.0,6443600000.0,4359000000.0,0.0769865233080492,22.638643138103124,0.6420207673613668,6218500000.0,0.036198440138297094,1
1037038,Ralph Lauren Corporation,Consumer Discretionary,2025-05-22,7,2025,5,2024,6602600000.0,646300000.0,6631400000.0,4152300000.0,0.09788568139823706,22.61072934779898,0.6288886196346893,6443600000.0,0.029145198336333777,1
1037038,Ralph Lauren Corporation,Consumer Discretionary,2026-05-21,10,2026,5,2025,7047300000.0,742900000.0,7079000000.0,4458800000.0,0.10541625870900913,22.675910401692104,0.6326962098959885,6631400000.0,0.06749705944446127,1
1037540,"BXP, Inc.",Real Estate,2019-02-28,0,2019,2,2018,20256477000.0,582847000.0,2717076000.0,12042509000.0,0.028773364687255342,23.73174043120911,0.5945016500154494,,,0
1037540,"BXP, Inc.",Real Estate,2020-03-02,0,2020,3,2019,21284905000.0,521534000.0,2960562000.0,13262304000.0,0.024502528904874137,23.781263972979545,0.6230849515184588,2717076000.0,0.08961324600416032,0
1037540,"BXP, Inc.",Real Estate,2021-02-26,0,2021,2,2020,22858190000.0,872727000.0,2765686000.0,14511681000.0,0.038180057126132906,23.852575314575564,0.6348569593655491,2960562000.0,-0.06582398882374363,0
1037540,"BXP, Inc.",Real Estate,2022-02-25,0,2022,2,2021,22365258000.0,505195000.0,2888621000.0,14322462000.0,0.022588382392011754,23.830774609646646,0.6403888566811973,2765686000.0,0.04445009303297631,0
1037540,"BXP, Inc.",Real Estate,2023-02-27,0,2023,2,2022,24207669000.0,848947000.0,3108581000.0,15837237000.0,0.03506934104229532,23.909935320733037,0.6542239568791196,2888621000.0,0.07614706117555747,0
1037540,"BXP, Inc.",Real Estate,2024-02-27,0,2024,2,2023,26026149000.0,190215000.0,3273569000.0,17833785000.0,0.007308611043454796,23.982367600328775,0.6852256551670399,3108581000.0,0.0530750204032,0
1037540,"BXP, Inc.",Real Estate,2025-02-27,2,2025,2,2024,26084980000.0,14272000.0,3407719000.0,18137324000.0,0.0005471347879124308,23.9846255066963,0.6953167685004934,3273569000.0,0.040979738016825085,1
1037540,"BXP, Inc.",Real Estate,2026-02-27,8,2026,2,2025,26166164000.0,276800000.0,3482279000.0,18473924000.0,0.010578547164957004,23.987732962691062,0.7060233972392743,3407719000.0,0.021879738323494324,1
1037646,Mettler Toledo,Health Care,2019-02-08,2,2019,2,2018,2618847000.0,512611000.0,2935586000.0,2028784000.0,0.19573919362223147,21.68599998152153,0.7746859591262872,,,1
1037646,Mettler Toledo,Health Care,2020-02-07,2,2020,2,2019,2789321000.0,561109000.0,3008652000.0,2368541000.0,0.20116329386255652,21.749064033984972,0.8491460825053839,2935586000.0,0.02488974944014588,1
1037646,Mettler Toledo,Health Care,2021-02-08,4,2021,2,2020,2814549000.0,602739000.0,3085177000.0,2531874000.0,0.21415118372428407,21.758067872558694,0.8995665024840569,3008652000.0,0.025434978854317558,1
1037646,Mettler Toledo,Health Care,2022-02-11,8,2022,2,2021,3326798000.0,768985000.0,3717930000.0,3155377000.0,0.2311486901218529,21.925276116780317,0.9484726755276395,3085177000.0,0.2050945537322495,1
1037646,Mettler Toledo,Health Care,2023-02-10,8,2023,2,2022,3492395000.0,872502000.0,3919709000.0,3467602000.0,0.24982912872112117,21.97385358421968,0.9929008602978758,3717930000.0,0.05427186633422365,1
1037646,Mettler Toledo,Health Care,2024-02-09,13,2024,2,2023,3355555000.0,788778000.0,3788309000.0,3505493000.0,0.2350663303089951,21.933883018428087,1.0446835173317082,3919709000.0,-0.03352289672524156,1
1037646,Mettler Toledo,Health Care,2025-02-07,14,2025,2,2024,3239999000.0,863140000.0,3872361000.0,3366889000.0,0.26640131679052986,21.898838858108626,1.039163592334442,3788309000.0,0.02218720806565666,1
1037646,Mettler Toledo,Health Care,2026-02-06,12,2026,2,2025,3712646000.0,869193000.0,4026399000.0,3736282000.0,0.234116853586364,22.035010666901286,1.0063663489597445,3872361000.0,0.03977883260367521,1
1037868,Ametek,Industrials,2019-02-21,12,2019,2,2018,8662288000.0,777933000.0,,4420366000.0,0.08980687319562684,22.882244727858485,0.510300050056059,,,1
1037868,Ametek,Industrials,2020-02-20,14,2020,2,2019,9844559000.0,861297000.0,,4729067000.0,0.08748964783491063,23.01018475372237,0.48037367646432916,,,1
1037868,Ametek,Industrials,2021-02-18,11,2021,2,2020,10357483000.0,872439000.0,,4408137000.0,0.08423272333635498,23.06097509059177,0.42559925031979295,,,1
1037868,Ametek,Industrials,2022-02-22,19,2022,2,2021,11898187000.0,990053000.0,,5026303000.0,0.08321040844289974,23.19965187251583,0.4224427637588819,,,1
1037868,Ametek,Industrials,2023-02-21,13,2023,2,2022,12431120000.0,1159542000.0,6150530000.0,4954608000.0,0.09327735553996744,23.243468842995537,0.39856489198077083,,,1
1037868,Ametek,Industrials,2024-02-22,14,2024,2,2023,15023533000.0,1313188000.0,6596950000.0,6293342000.0,0.0874087340174911,23.432883675329638,0.4188989367547567,6150530000.0,0.07258236282076513,1
1037868,Ametek,Industrials,2025-02-20,16,2025,2,2024,14631169000.0,1376124000.0,6941180000.0,4975865000.0,0.09405427549910741,23.406419953092485,0.34008663285893287,6596950000.0,0.05218017417139742,1
1037868,Ametek,Industrials,2026-02-17,18,2026,2,2025,16067543000.0,1480142000.0,7401116000.0,5438757000.0,0.09211999619356862,23.500067111415877,0.33849338383597294,6941180000.0,0.06626193240918687,1
1039684,Oneok,Energy,2019-02-26,0,2019,2,2018,18231671000.0,1151703000.0,12593196000.0,18231671000.0,0.06317045760643662,23.62642608353172,1.0,,,0
1039684,Oneok,Energy,2020-02-25,0,2020,2,2019,21812121000.0,1278577000.0,10164367000.0,21812121000.0,0.0586177291057573,23.80573166139994,1.0,12593196000.0,-0.1928683552610473,0
1039684,Oneok,Energy,2021-02-23,0,2021,2,2020,23078754000.0,612809000.0,8542242000.0,23078754000.0,0.02655294995561719,23.862178290993825,1.0,10164367000.0,-0.15958937728242206,0
1039684,Oneok,Energy,2022-03-01,0,2022,3,2021,23622000000.0,,16540309000.0,23621613000.0,,23.885444318136066,0.9999836169672339,8542242000.0,0.9362959981700354,0
1039684,Oneok,Energy,2023-02-28,0,2023,2,2022,24379000000.0,1722000000.0,22386892000.0,24379000000.0,0.07063456253332787,23.91698794293107,1.0,16540309000.0,0.3534748353250232,0
1039684,Oneok,Energy,2024-02-27,0,2024,2,2023,44266000000.0,2659000000.0,17677000000.0,44266000000.0,0.06006867573306827,24.513482724966266,1.0,22386892000.0,-0.21038614918051157,0
1039684,Oneok,Energy,2025-02-25,0,2025,2,2024,64069000000.0,3035000000.0,21698000000.0,64069000000.0,0.04737080335263544,24.883226464546706,1.0,17677000000.0,0.2274707246704757,0
1039684,Oneok,Energy,2026-02-24,2,2026,2,2025,66641000000.0,3393000000.0,33629000000.0,66641000000.0,0.0509146021218169,24.92258584069481,1.0,21698000000.0,0.5498663471287677,1
1041061,Yum! Brands,Consumer Discretionary,2019-02-21,0,2019,2,2018,4130000000.0,1542000000.0,5688000000.0,12056000000.0,0.37336561743341407,22.14154324391935,2.9191283292978207,,,0
1041061,Yum! Brands,Consumer Discretionary,2020-02-20,0,2020,2,2019,5231000000.0,1294000000.0,5597000000.0,13247000000.0,0.24737143949531637,22.377868301334885,2.5324029822213725,5688000000.0,-0.015998593530239136,0
1041061,Yum! Brands,Consumer Discretionary,2021-02-22,0,2021,2,2020,5852000000.0,904000000.0,5652000000.0,13743000000.0,0.1544771018455229,22.49004932010429,2.3484278879015723,5597000000.0,0.009826692871180986,0
1041061,Yum! Brands,Consumer Discretionary,2022-02-23,0,2022,2,2021,5966000000.0,1575000000.0,6584000000.0,14339000000.0,0.2639959772041569,22.509342523038967,2.403452899765337,5652000000.0,0.1648973814578909,0
1041061,Yum! Brands,Consumer Discretionary,2023-02-27,1,2023,2,2022,5846000000.0,1325000000.0,6842000000.0,14722000000.0,0.22665070133424564,22.489023503635465,2.518303113239822,6584000000.0,0.039185905224787376,1
1041061,Yum! Brands,Consumer Discretionary,2024-02-20,4,2024,2,2023,6231000000.0,1597000000.0,7076000000.0,14089000000.0,0.2562991494142192,22.552802670508495,2.261113785909164,6842000000.0,0.034200526161940914,1
1041061,Yum! Brands,Consumer Discretionary,2025-02-19,3,2025,2,2024,6727000000.0,1486000000.0,7549000000.0,14375000000.0,0.22090084733164858,22.62939511598988,2.1369109558495616,7076000000.0,0.06684567552289433,1
1041061,Yum! Brands,Consumer Discretionary,2026-02-20,4,2026,2,2025,8197000000.0,1559000000.0,8214000000.0,15521000000.0,0.19019153348786141,22.827034070617305,1.8934976210808832,7549000000.0,0.08809113789905942,1
1043277,C.H. Robinson,Industrials,2019-02-25,2,2019,2,2018,4427412000.0,664505000.0,16631172000.0,2832325000.0,0.15008881034789626,22.21108105164734,0.639724742129262,,,1
1043277,C.H. Robinson,Industrials,2020-02-19,2,2020,2,2019,4641060000.0,576968000.0,15309508000.0,2970330000.0,0.12431815145677927,22.258208625370102,0.640011118149733,16631172000.0,-0.07946908371821304,1
1043277,C.H. Robinson,Industrials,2021-02-19,3,2021,2,2020,5144258000.0,506421000.0,16207106000.0,3264325000.0,0.09844393496593677,22.36114697814498,0.6345570148309047,15309508000.0,0.05863010098038424,1
1043277,C.H. Robinson,Industrials,2022-02-23,5,2022,2,2021,7028112000.0,844245000.0,23102138000.0,5006178000.0,0.12012401054507953,22.673183943399263,0.7123076581591187,16207106000.0,0.42543264664277514,1
1043277,C.H. Robinson,Industrials,2023-02-17,5,2023,2,2022,5954564000.0,940524000.0,24696625000.0,4601142000.0,0.15795010348364716,22.507423821288214,0.7727084636255483,23102138000.0,0.06901902326096399,1
1043277,C.H. Robinson,Industrials,2024-02-16,7,2024,2,2023,5225280000.0,325129000.0,17596443000.0,3806583000.0,0.06222231153163084,22.376774221878218,0.728493592687856,24696625000.0,-0.28749604450000754,1
1043277,C.H. Robinson,Industrials,2025-02-14,11,2025,2,2024,5297926000.0,465690000.0,17724956000.0,3575875000.0,0.08790043500041336,22.390581260163824,0.6749575211129789,17596443000.0,0.007303351023840499,1
1043277,C.H. Robinson,Industrials,2026-02-13,18,2026,2,2025,5058381000.0,587081000.0,16232763000.0,3212734000.0,0.11606104799144232,22.3443123085732,0.6351308847633265,17724956000.0,-0.08418599177340691,1
1045609,Prologis,Real Estate,2019-02-13,0,2019,2,2018,38417664000.0,1649361000.0,2804449000.0,12616776000.0,0.04293236048917498,24.371783190772526,0.32841080602922657,,,0
1045609,Prologis,Real Estate,2020-02-11,0,2020,2,2019,40031850000.0,1572959000.0,3330621000.0,13960066000.0,0.03929268819702312,24.412941224221495,0.3487239785320938,2804449000.0,0.18762045592556675,0
1045609,Prologis,Real Estate,2021-02-11,0,2021,2,2020,56065005000.0,1481814000.0,4438735000.0,19740425000.0,0.026430283917748692,24.74977765804145,0.3520988716579977,3330621000.0,0.3327049219950273,0
1045609,Prologis,Real Estate,2022-02-09,0,2022,2,2021,58486220000.0,2939723000.0,4759440000.0,20744010000.0,0.05026351506389026,24.792057007881102,0.3546820088561032,4438735000.0,0.07225144100740422,0
1045609,Prologis,Real Estate,2023-02-14,0,2023,2,2022,87897448000.0,3364856000.0,5973692000.0,30034355000.0,0.03828161199856451,25.19943660822404,0.34169769069973455,4759440000.0,0.2551249726858622,0
1045609,Prologis,Real Estate,2024-02-13,0,2024,2,2023,93020840000.0,3059214000.0,8023469000.0,35197120000.0,0.0328874045858971,25.25608939101765,0.37837886649916297,5973692000.0,0.34313402833624496,0
1045609,Prologis,Real Estate,2025-02-14,0,2025,2,2024,95328909000.0,3731635000.0,8201610000.0,36712139000.0,0.03914484115201612,25.280598948930308,0.38511023974899367,8023469000.0,0.02220249121670448,0
1045609,Prologis,Real Estate,2026-02-13,2,2026,2,2025,98724256000.0,3328231000.0,8790127000.0,40970248000.0,0.03371239384169175,25.315596508005644,0.41499677647608707,8201610000.0,0.07175627712119947,1
1045810,Nvidia,Information Technology,2019-02-21,6,2019,2,2018,11241000000.0,3047000000.0,9714000000.0,3770000000.0,0.2710612934792278,23.14283364542607,0.3353794146428254,,,1
1045810,Nvidia,Information Technology,2020-02-20,8,2020,2,2019,13292000000.0,4141000000.0,11716000000.0,3950000000.0,0.3115407764068613,23.31042818743876,0.29717123081552815,9714000000.0,0.20609429689108505,1
1045810,Nvidia,Information Technology,2021-02-26,8,2021,2,2020,17315000000.0,2796000000.0,10918000000.0,5111000000.0,0.16147848686110308,23.574839014800794,0.29517759168351143,11716000000.0,-0.06811198361215431,1
1045810,Nvidia,Information Technology,2022-03-18,8,2022,3,2021,28791000000.0,4332000000.0,16675000000.0,11898000000.0,0.1504636865687194,24.083328675250012,0.4132541419193498,10918000000.0,0.5272943762593882,1
1045810,Nvidia,Information Technology,2023-02-24,9,2023,2,2022,44187000000.0,9752000000.0,26914000000.0,17575000000.0,0.22069839545567702,24.511696465121926,0.3977414171588929,16675000000.0,0.6140329835082459,1
1045810,Nvidia,Information Technology,2024-02-21,3,2024,2,2023,41182000000.0,4368000000.0,26974000000.0,19081000000.0,0.10606575688407557,24.441267104632367,0.46333349521635664,26914000000.0,0.002229323028906993,1
1045810,Nvidia,Information Technology,2025-02-26,3,2025,2,2024,65728000000.0,29760000000.0,60922000000.0,22750000000.0,0.4527750730282376,24.9087908512525,0.346123417721519,26974000000.0,1.2585452658115224,1
1045810,Nvidia,Information Technology,2026-02-25,4,2026,2,2025,111601000000.0,72880000000.0,130497000000.0,32274000000.0,0.6530407433625147,25.43819584742695,0.28919095707027714,60922000000.0,1.1420340763599355,1
1047862,Consolidated Edison,Utilities,2019-02-21,0,2019,2,2018,53920000000.0,1382000000.0,12337000000.0,53920000000.0,0.025630563798219586,24.710767303550462,1.0,,,0
1047862,Consolidated Edison,Utilities,2020-02-20,0,2020,2,2019,58079000000.0,1343000000.0,12574000000.0,58079000000.0,0.023123676371838358,24.785069989683873,1.0,12337000000.0,0.01921050498500443,0
1047862,Consolidated Edison,Utilities,2021-02-18,0,2021,2,2020,62895000000.0,1101000000.0,12246000000.0,62895000000.0,0.017505366086334368,24.864732506237246,1.0,12574000000.0,-0.02608557340543982,0
1047862,Consolidated Edison,Utilities,2022-02-17,0,2022,2,2021,63116000000.0,1346000000.0,13676000000.0,63116000000.0,0.021325812789150137,24.868240140119834,1.0,12246000000.0,0.11677282377919318,0
1047862,Consolidated Edison,Utilities,2023-02-16,0,2023,2,2022,69065000000.0,1660000000.0,15670000000.0,69065000000.0,0.024035329037862884,24.958313927098335,1.0,13676000000.0,0.1458028663351858,0
1047862,Consolidated Edison,Utilities,2024-02-15,2,2024,2,2023,66331000000.0,2519000000.0,14663000000.0,66331000000.0,0.03797621021844989,24.91792319650471,1.0,15670000000.0,-0.06426292278238677,1
1047862,Consolidated Edison,Utilities,2025-02-20,2,2025,2,2024,70562000000.0,1820000000.0,15256000000.0,70562000000.0,0.02579291970182251,24.97975759291445,1.0,14663000000.0,0.040441928663984106,1
1047862,Consolidated Edison,Utilities,2026-02-19,2,2026,2,2025,74603000000.0,2023000000.0,16918000000.0,74603000000.0,0.027116871975657816,25.03544655782476,1.0,15256000000.0,0.10894074462506564,1
1048286,Marriott International,Consumer Discretionary,2019-03-01,0,2019,3,2018,23696000000.0,1907000000.0,20758000000.0,23696000000.0,0.08047771775827144,23.888572094471854,1.0,,,0
1048286,Marriott International,Consumer Discretionary,2020-02-27,0,2020,2,2019,25051000000.0,1273000000.0,20972000000.0,25051000000.0,0.05081633467725839,23.944179583840178,1.0,20758000000.0,0.010309278350515427,0
1048286,Marriott International,Consumer Discretionary,2021-02-18,0,2021,2,2020,24701000000.0,-267000000.0,10571000000.0,24701000000.0,-0.010809278976559653,23.930109565590772,1.0,20972000000.0,-0.4959469769216097,0
1048286,Marriott International,Consumer Discretionary,2022-02-15,0,2022,2,2021,25553000000.0,1099000000.0,13857000000.0,25553000000.0,0.04300864869095605,23.964020563533055,1.0,10571000000.0,0.3108504398826979,0
1048286,Marriott International,Consumer Discretionary,2023-02-14,0,2023,2,2022,24815000000.0,2358000000.0,20773000000.0,24815000000.0,0.09502317146886964,23.934714145985815,1.0,13857000000.0,0.49909792884462734,0
1048286,Marriott International,Consumer Discretionary,2024-02-13,0,2024,2,2023,25674000000.0,3083000000.0,23713000000.0,25674000000.0,0.12008257381008024,23.968744643609146,1.0,20773000000.0,0.14152987050498234,0
1048286,Marriott International,Consumer Discretionary,2025-02-11,1,2025,2,2024,26182000000.0,2375000000.0,25100000000.0,26182000000.0,0.09071117561683599,23.988337988704316,1.0,23713000000.0,0.058491123012693436,1
1048286,Marriott International,Consumer Discretionary,2026-02-10,1,2026,2,2025,27540000000.0,2601000000.0,26186000000.0,27540000000.0,0.09444444444444444,24.038905330246923,1.0,25100000000.0,0.04326693227091627,1
1048695,"F5, Inc.",Information Technology,2019-11-15,6,2019,11,2019,3390275000.0,427734000.0,2242447000.0,1628778000.0,0.12616498661612996,21.944176875992596,0.48042651407334214,,,1
1048695,"F5, Inc.",Information Technology,2020-11-19,10,2020,11,2020,4677920000.0,307441000.0,2350822000.0,4677920000.0,0.06572173102575504,22.266119403636818,1.0,2242447000.0,0.04832890141885171,1
1048695,"F5, Inc.",Information Technology,2021-11-16,10,2021,11,2021,4997280000.0,331241000.0,2603416000.0,4997280000.0,0.06628425863669836,22.332159601358825,1.0,2350822000.0,0.10744922414372504,1
1048695,"F5, Inc.",Information Technology,2022-11-15,17,2022,11,2022,5276194000.0,322160000.0,2695845000.0,5276194000.0,0.061059164996586555,22.386470841405988,1.0,2603416000.0,0.03550296994410429,1
1048695,"F5, Inc.",Information Technology,2023-11-14,19,2023,11,2023,5248333000.0,394948000.0,2813169000.0,5248333000.0,0.07525208480483231,22.38117633931906,1.0,2695845000.0,0.043520306249061,1
1048695,"F5, Inc.",Information Technology,2024-11-18,20,2024,11,2024,5613004000.0,566778000.0,2816120000.0,5613004000.0,0.10097587673196029,22.448351885537612,1.0,2813169000.0,0.0010489949235186202,1
1048695,"F5, Inc.",Information Technology,2025-11-25,20,2025,11,2025,6319492000.0,692380000.0,3088072000.0,6319492000.0,0.10956260408273323,22.56690466212772,1.0,2816120000.0,0.09656974844821953,1
1048911,FedEx,Industrials,2019-07-16,5,2019,7,2019,54403000000.0,540000000.0,69693000000.0,54403000000.0,0.009925923202764553,24.719685136346587,1.0,,,1
1048911,FedEx,Industrials,2020-07-20,4,2020,7,2020,73537000000.0,1286000000.0,69217000000.0,73537000000.0,0.017487795259529218,25.021054517861785,1.0,69693000000.0,-0.006829954227827728,1
1048911,FedEx,Industrials,2021-07-19,10,2021,7,2021,82777000000.0,5231000000.0,83959000000.0,82777000000.0,0.06319388235862619,25.139416081972453,1.0,69217000000.0,0.21298235982489855,1
1048911,FedEx,Industrials,2022-07-18,7,2022,7,2022,85994000000.0,3826000000.0,93512000000.0,85994000000.0,0.044491476149498804,25.177543363324197,1.0,83959000000.0,0.11378172679522147,1
1048911,FedEx,Industrials,2023-07-17,10,2023,7,2023,87143000000.0,3972000000.0,90155000000.0,87143000000.0,0.045580253147125986,25.190816284401375,1.0,93512000000.0,-0.03589913593977245,1
1048911,FedEx,Industrials,2024-07-15,20,2024,7,2024,87007000000.0,4331000000.0,87693000000.0,87007000000.0,0.049777604100819474,25.189254412134396,1.0,90155000000.0,-0.02730852420830787,1
1048911,FedEx,Industrials,2025-07-21,23,2025,7,2025,87627000000.0,4092000000.0,87926000000.0,87627000000.0,0.046697935567804445,25.196355006577065,1.0,87693000000.0,0.0026569965675709017,1
1048911,FedEx,Industrials,2026-07-20,17,2026,7,2026,98937000000.0,4433000000.0,94720000000.0,98937000000.0,0.04480629087196903,25.317749120879355,1.0,87926000000.0,0.07726952209812787,1
1050915,Quanta Services,Industrials,2019-02-28,0,2019,2,2018,7075787000.0,293346000.0,11171423000.0,3470334000.0,0.04145772053341911,22.67994451103848,0.4904520161502883,,,0
1050915,Quanta Services,Industrials,2020-02-28,0,2020,2,2019,8331682000.0,402044000.0,12112153000.0,4277851000.0,0.048254842179526296,22.843331193510217,0.5134438640360974,11171423000.0,0.08420860977155731,0
1050915,Quanta Services,Industrials,2021-03-01,0,2021,3,2020,8398272000.0,445596000.0,11202672000.0,4049300000.0,0.05305805765757527,22.851291807347877,0.4821587107443055,12112153000.0,-0.07508830180728399,0
1050915,Quanta Services,Industrials,2022-02-25,0,2022,2,2021,12855189000.0,485956000.0,12980213000.0,7738268000.0,0.03780232247071591,23.277013380006593,0.6019567662521337,11202672000.0,0.15867116345100518,0
1050915,Quanta Services,Industrials,2023-02-23,0,2023,2,2022,13464337000.0,491189000.0,17073903000.0,8065518000.0,0.03648074168078235,23.32331032323053,0.5990282328791978,12980213000.0,0.3153792622663434,0
1050915,Quanta Services,Industrials,2024-02-22,0,2024,2,2023,16237225000.0,744689000.0,20882206000.0,9953870000.0,0.045863070814132344,23.510572282695016,0.613027780301129,17073903000.0,0.22304818060639087,0
1050915,Quanta Services,Industrials,2025-02-20,2,2025,2,2024,18683894000.0,904824000.0,23672795000.0,11354177000.0,0.04842802041159086,23.650927706266817,0.6076986414074068,20882206000.0,0.13363477977374605,1
1050915,Quanta Services,Industrials,2026-02-19,2,2026,2,2025,24926901000.0,1028378000.0,28479697000.0,15899027000.0,0.041255750163247326,23.939213418692415,0.6378260578801994,23672795000.0,0.2030559551586537,1
1051470,Crown Castle,Real Estate,2019-02-25,0,2019,2,2018,32762000000.0,185000000.0,5370000000.0,21191000000.0,0.005646785910506074,24.21253514412885,0.6468164336731579,,,0
1051470,Crown Castle,Real Estate,2020-03-10,0,2020,3,2019,38457000000.0,208000000.0,5763000000.0,27968000000.0,0.005408638219309879,24.37280657094452,0.7272538159502822,5370000000.0,0.07318435754189934,0
1051470,Crown Castle,Real Estate,2021-02-22,0,2021,2,2020,38768000000.0,,5840000000.0,29307000000.0,,24.380861001020584,0.7559585224927775,5763000000.0,0.013361096651049786,0
1051470,Crown Castle,Real Estate,2022-02-22,0,2022,2,2021,39040000000.0,,6340000000.0,30782000000.0,,24.387852598491303,0.7884733606557377,5840000000.0,0.08561643835616439,0
1051470,Crown Castle,Real Estate,2023-02-24,0,2023,2,2022,38921000000.0,,6986000000.0,31472000000.0,,24.384799787664868,0.8086123172580355,6340000000.0,0.10189274447949526,0
1051470,Crown Castle,Real Estate,2024-02-23,3,2024,2,2023,38527000000.0,1502000000.0,4734000000.0,32146000000.0,0.03898564642977652,24.374625131146423,0.8343758922314222,6986000000.0,-0.3223590037217292,1
1051470,Crown Castle,Real Estate,2025-03-14,5,2025,3,2024,32736000000.0,-3903000000.0,4460000000.0,32869000000.0,-0.11922653958944282,24.211741226715628,1.0040628054740959,4734000000.0,-0.05787917194761305,1
1051470,Crown Castle,Real Estate,2026-02-23,6,2026,2,2025,31518000000.0,444000000.0,4264000000.0,33153000000.0,0.0140871882733676,24.17382464814629,1.0518751189796307,4460000000.0,-0.04394618834080721,1
1053507,American Tower,Real Estate,2019-02-27,0,2019,2,2018,33010400000.0,1236400000.0,7440100000.0,26106000000.0,0.03745486270993384,24.220088500278237,0.7908416741390593,,,0
1053507,American Tower,Real Estate,2020-02-25,0,2020,2,2019,42801600000.0,1887800000.0,7580300000.0,36214700000.0,0.044105827819520764,24.479841322013,0.846106220328212,7440100000.0,0.018843832744183553,0
1053507,American Tower,Real Estate,2021-02-25,0,2021,2,2020,47233500000.0,1690600000.0,8041500000.0,42453000000.0,0.03579239311082177,24.57836922355022,0.8987900536695353,7580300000.0,0.0608419191852565,0
1053507,American Tower,Real Estate,2022-02-25,0,2022,2,2021,69887900000.0,,9356900000.0,60818300000.0,,24.970158366766967,0.8702264626637801,8041500000.0,0.16357644718025255,0
1053507,American Tower,Real Estate,2023-02-23,0,2023,2,2022,67194500000.0,,9645400000.0,54786000000.0,,24.930857235887913,0.8153345883963717,9356900000.0,0.030832861310904347,0
1053507,American Tower,Real Estate,2024-02-27,2,2024,2,2023,66027600000.0,,10012200000.0,55162200000.0,,24.913338673377368,0.8354415426276285,9645400000.0,0.03802849026478938,1
1053507,American Tower,Real Estate,2025-02-25,7,2025,2,2024,61077400000.0,,10127200000.0,51428700000.0,,24.835407749265755,0.8420250370840933,10012200000.0,0.011485987095743111,1
1053507,American Tower,Real Estate,2026-02-24,6,2026,2,2025,63190400000.0,,10644600000.0,52835100000.0,,24.869418227827264,0.8361254241150554,10127200000.0,0.051090133501856316,1
1057352,CoStar Group,Real Estate,2019-02-28,2,2019,2,2018,3312957000.0,238334000.0,1191832000.0,291015000.0,0.07193996179244101,21.921106981006982,0.08784146609811114,,,1
1057352,CoStar Group,Real Estate,2020-02-26,2,2020,2,2019,3853986000.0,314963000.0,1399719000.0,448393000.0,0.08172396059560154,22.072373774342473,0.11634525916804057,1191832000.0,0.17442642922828044,1
1057352,CoStar Group,Real Estate,2021-02-24,2,2021,2,2020,6915420000.0,227128000.0,1659019000.0,1540061000.0,0.032843702913199775,22.657019537745796,0.22269956127032053,1399719000.0,0.18525146833042916,1
1057352,CoStar Group,Real Estate,2022-02-23,2,2022,2,2021,7256871000.0,292600000.0,1944100000.0,1545199000.0,0.040320408065680095,22.705214581143945,0.21292909850540268,1659019000.0,0.17183709167887762,1
1057352,CoStar Group,Real Estate,2023-02-22,4,2023,2,2022,8402500000.0,369500000.0,2182400000.0,1532500000.0,0.04397500743826242,22.851795117563533,0.18238619458494496,1944100000.0,0.12257599917699702,1
1057352,CoStar Group,Real Estate,2024-02-22,7,2024,2,2023,8919700000.0,375000000.0,2455000000.0,1581100000.0,0.042041772705360046,22.911528150685754,0.17725932486518606,2182400000.0,0.12490835777126108,1
1057352,CoStar Group,Real Estate,2025-02-20,8,2025,2,2024,9257000000.0,139000000.0,2736000000.0,1704000000.0,0.015015663821972561,22.948645859031487,0.1840769147672032,2455000000.0,0.11446028513238282,1
1057352,CoStar Group,Real Estate,2026-02-26,4,2026,2,2025,10538000000.0,7000000.0,3247000000.0,2167000000.0,0.0006642626684380338,23.078253608733505,0.2056367432150313,2736000000.0,0.1867690058479532,1
1058090,Chipotle Mexican Grill,Consumer Discretionary,2019-02-08,1,2019,2,2018,2265518000.0,176553000.0,4864985000.0,824179000.0,0.07793052184974915,21.541069267305847,0.36379273967366405,,,1
1058090,Chipotle Mexican Grill,Consumer Discretionary,2020-02-05,2,2020,2,2019,5104604000.0,350158000.0,5586369000.0,3421578000.0,0.06859650621282277,22.353408714545438,0.6702925437507004,4864985000.0,0.14828082717623992,1
1058090,Chipotle Mexican Grill,Consumer Discretionary,2021-02-10,2,2021,2,2020,5982896000.0,355766000.0,5984634000.0,3962761000.0,0.059463844933958405,22.51217056861924,0.6623483008897364,5586369000.0,0.07129228305541568,1
1058090,Chipotle Mexican Grill,Consumer Discretionary,2022-02-11,2,2022,2,2021,6652958000.0,652984000.0,7547061000.0,4355584000.0,0.09814942466193233,22.618327404744704,0.6546838263521279,5984634000.0,0.2610731082301774,1
1058090,Chipotle Mexican Grill,Consumer Discretionary,2023-02-09,1,2023,2,2022,6927504000.0,899101000.0,8634652000.0,4559481000.0,0.12978714988832918,22.658765412110117,0.6581708216985511,7547061000.0,0.1441078851754345,1
1058090,Chipotle Mexican Grill,Consumer Discretionary,2024-02-08,9,2024,2,2023,8044362000.0,1228737000.0,9871649000.0,4982155000.0,0.15274511515021327,22.80823731033056,0.6193350075493868,8634652000.0,0.1432596241284536,1
1058090,Chipotle Mexican Grill,Consumer Discretionary,2025-02-05,7,2025,2,2024,9204374000.0,1534110000.0,11313853000.0,5548828000.0,0.16667184536395413,22.942944642800708,0.6028468638931882,9871649000.0,0.14609555100672633,1
1058090,Chipotle Mexican Grill,Consumer Discretionary,2026-02-04,6,2026,2,2025,8994531000.0,1535761000.0,11925601000.0,6163924000.0,0.17074386646730108,22.919882562911745,0.6852968765130723,11313853000.0,0.05407070429499128,1
1058290,Cognizant,Information Technology,2019-02-19,7,2019,2,2018,15846000000.0,2101000000.0,16125000000.0,4422000000.0,0.13258866590937776,23.48618293948946,0.27906096175691025,,,1
1058290,Cognizant,Information Technology,2020-02-14,9,2020,2,2019,16204000000.0,1842000000.0,16783000000.0,5182000000.0,0.11367563564551962,23.508523962286855,0.319797580844236,16125000000.0,0.04080620155038761,1
1058290,Cognizant,Information Technology,2021-02-12,11,2021,2,2020,16923000000.0,1392000000.0,16652000000.0,6087000000.0,0.08225491934054245,23.551939480372358,0.3596879985818117,16783000000.0,-0.007805517487934233,1
1058290,Cognizant,Information Technology,2022-02-16,8,2022,2,2021,17852000000.0,2137000000.0,18507000000.0,5861000000.0,0.1197064754649339,23.605381383713436,0.32831055343939053,16652000000.0,0.11139803026663464,1
1058290,Cognizant,Information Technology,2023-02-15,15,2023,2,2022,17852000000.0,2290000000.0,19428000000.0,5543000000.0,0.12827694375980284,23.605381383713436,0.31049742325789825,18507000000.0,0.04976495380126433,1
1058290,Cognizant,Information Technology,2024-02-14,21,2024,2,2023,18483000000.0,2126000000.0,19353000000.0,5256000000.0,0.11502461721581994,23.640117227646954,0.28436942054861225,19428000000.0,-0.0038604076590488257,1
1058290,Cognizant,Information Technology,2025-02-12,23,2025,2,2024,19966000000.0,2240000000.0,19736000000.0,5558000000.0,0.11219072423119303,23.717296663860644,0.2783732344986477,19353000000.0,0.01979021340360676,1
1058290,Cognizant,Information Technology,2026-02-12,19,2026,2,2025,20692000000.0,2230000000.0,21108000000.0,5677000000.0,0.10777111927314904,23.75301298908768,0.27435723951285523,19736000000.0,0.0695176327523308,1
1059556,Moody's Corporation,Financials,2019-02-25,1,2019,2,2018,9526000000.0,1310000000.0,4443000000.0,8870000000.0,0.13751837077472182,22.97729073932508,0.9311358387570858,,,1
1059556,Moody's Corporation,Financials,2020-02-24,5,2020,2,2019,10265000000.0,1422000000.0,4829000000.0,9428000000.0,0.13852898197759375,23.052005887417305,0.9184607890891379,4443000000.0,0.08687823542651363,1
1059556,Moody's Corporation,Financials,2021-02-22,8,2021,2,2020,12409000000.0,1778000000.0,5371000000.0,10646000000.0,0.14328310097509872,23.241687852738895,0.8579256990893707,4829000000.0,0.11223855870780697,1
1059556,Moody's Corporation,Financials,2022-02-22,6,2022,2,2021,14680000000.0,2214000000.0,6218000000.0,11764000000.0,0.1508174386920981,23.40975186013278,0.8013623978201635,5371000000.0,0.15769875256004462,1
1059556,Moody's Corporation,Financials,2023-02-15,4,2023,2,2022,14349000000.0,1374000000.0,5468000000.0,11660000000.0,0.09575580179803471,23.386946090312684,0.8126001811972959,6218000000.0,-0.12061756191701511,1
1059556,Moody's Corporation,Financials,2024-02-14,5,2024,2,2023,14622000000.0,1607000000.0,5916000000.0,11146000000.0,0.1099028860620982,23.405793080817535,0.7622760224319518,5468000000.0,0.08193123628383314,1
1059556,Moody's Corporation,Financials,2025-02-14,5,2025,2,2024,15505000000.0,2058000000.0,7088000000.0,11778000000.0,0.1327313769751693,23.464428389498824,0.7596259271202838,5916000000.0,0.19810682893847198,1
1059556,Moody's Corporation,Financials,2026-02-18,5,2026,2,2025,15830000000.0,2459000000.0,7718000000.0,11625000000.0,0.15533796588755527,23.485172710839333,0.7343651295009476,7088000000.0,0.0888826185101581,1
1060391,Republic Services,Industrials,2019-02-08,0,2019,2,2018,21617000000.0,1036898000.0,11898400000.0,21617000000.0,0.04796678540037933,23.796745879122327,1.0,,,0
1060391,Republic Services,Industrials,2020-02-14,2,2020,2,2019,22683800000.0,1073286000.0,12193000000.0,22683800000.0,0.04731508830090197,23.84491685027216,1.0,11898400000.0,0.024759631547098815,1
1060391,Republic Services,Industrials,2021-02-23,4,2021,2,2020,23434000000.0,967237000.0,12031700000.0,23434000000.0,0.04127494239139712,23.877453796192377,1.0,12193000000.0,-0.013228901828918227,1
1060391,Republic Services,Industrials,2022-02-11,4,2022,2,2021,24955000000.0,1290405000.0,13321100000.0,24955000000.0,0.0517092766980565,23.940340039867984,1.0,12031700000.0,0.10716690077046476,1
1060391,Republic Services,Industrials,2023-02-23,3,2023,2,2022,29053000000.0,1487586000.0,15645000000.0,29052900000.0,0.05120249199738409,24.09238758513608,0.9999965580146628,13321100000.0,0.17445256022400546,1
1060391,Republic Services,Industrials,2024-02-29,4,2024,2,2023,31410000000.0,1730985000.0,17279000000.0,31410000000.0,0.055109360076408785,24.170392150496966,1.0,15645000000.0,0.10444231383828706,1
1060391,Republic Services,Industrials,2025-02-14,4,2025,2,2024,32402000000.0,2043173000.0,18418000000.0,32402000000.0,0.06305700265415715,24.20148598623464,1.0,17279000000.0,0.06591816656056482,1
1060391,Republic Services,Industrials,2026-02-18,8,2026,2,2025,34366000000.0,2139249000.0,19027000000.0,34366000000.0,0.0622489961007973,24.260333540470967,1.0,18418000000.0,0.0330654794223042,1
1063761,Simon Property Group,Real Estate,2019-02-22,0,2019,2,2018,30686223000.0,,5645288000.0,26659104000.0,,24.147079628600682,0.8687645918495737,,,0
1063761,Simon Property Group,Real Estate,2020-02-21,0,2020,2,2019,31231630000.0,,5755189000.0,28101319000.0,,24.164697200283147,0.8997711294607422,5645288000.0,0.01946774017552344,0
1063761,Simon Property Group,Real Estate,2021-02-25,0,2021,2,2020,34786846000.0,,4607503000.0,31128608000.0,,24.27250516376543,0.8948384685406662,5755189000.0,-0.19941760383542573,0
1063761,Simon Property Group,Real Estate,2022-02-24,0,2022,2,2021,33777379000.0,,5116789000.0,29376654000.0,,24.24305715502567,0.8697138401413561,4607503000.0,0.11053405716719023,0
1063761,Simon Property Group,Real Estate,2023-02-23,0,2023,2,2022,33011274000.0,,5291447000.0,29187383000.0,,24.220114976432114,0.8841640889109581,5116789000.0,0.03413429789659106,0
1063761,Simon Property Group,Real Estate,2024-02-22,0,2024,2,2023,34283495000.0,,5658836000.0,30595897000.0,,24.2579298799714,0.8924380959409185,5291447000.0,0.06943072471480871,0
1063761,Simon Property Group,Real Estate,2025-02-21,2,2025,2,2024,32405691000.0,,5963798000.0,28806239000.0,,24.201599892468515,0.8889253125322957,5658836000.0,0.053891294958892555,1
1063761,Simon Property Group,Real Estate,2026-02-25,4,2026,2,2025,40606466000.0,,6364505000.0,33901073000.0,,24.42719315195714,0.834868835913965,5963798000.0,0.06718990146882908,1
1065088,eBay Inc.,Consumer Discretionary,2019-01-30,2,2019,1,2018,22819000000.0,2530000000.0,8650000000.0,16538000000.0,0.11087251851527236,23.8508593592107,0.7247469214251282,,,1
1065088,eBay Inc.,Consumer Discretionary,2020-01-31,1,2020,1,2019,18174000000.0,1786000000.0,7429000000.0,15304000000.0,0.09827225707054034,23.62325783821957,0.8420820953009794,8650000000.0,-0.1411560693641618,1
1065088,eBay Inc.,Consumer Discretionary,2021-02-04,1,2021,2,2020,19310000000.0,5667000000.0,8894000000.0,15749000000.0,0.2934748834800621,23.683888933386836,0.8155877783531849,7429000000.0,0.19720016152914255,1
1065088,eBay Inc.,Consumer Discretionary,2022-02-24,1,2022,2,2021,26626000000.0,13608000000.0,10420000000.0,16848000000.0,0.5110793960790205,24.005154018956137,0.6327649665740254,8894000000.0,0.17157634360242868,1
1065088,eBay Inc.,Consumer Discretionary,2023-02-23,2,2023,2,2022,20850000000.0,-1269000000.0,9795000000.0,15697000000.0,-0.060863309352517984,23.76061978519122,0.7528537170263789,10420000000.0,-0.059980806142034604,1
1065088,eBay Inc.,Consumer Discretionary,2024-02-28,3,2024,2,2023,21620000000.0,2767000000.0,10112000000.0,15224000000.0,0.12798334875115633,23.796884649157473,0.7041628122109158,9795000000.0,0.03236345074017355,1
1065088,eBay Inc.,Consumer Discretionary,2025-02-27,3,2025,2,2024,19365000000.0,1975000000.0,10283000000.0,14207000000.0,0.10198812290214304,23.686733149913128,0.7336431706687323,10112000000.0,0.01691060126582289,1
1065088,eBay Inc.,Consumer Discretionary,2026-02-19,2,2026,2,2025,17610000000.0,2031000000.0,11100000000.0,12995000000.0,0.11533219761499149,23.591732759454526,0.7379329926178307,10283000000.0,0.07945152192939808,1
1065280,Netflix,Communication Services,2019-01-29,0,2019,1,2018,25974400000.0,1211242000.0,15794341000.0,20735635000.0,0.04663214549710484,23.98037727453113,0.7983104518294937,,,0
1065280,Netflix,Communication Services,2020-01-29,0,2020,1,2019,33975712000.0,1866916000.0,20156447000.0,26393555000.0,0.05494854677364819,24.24891175334976,0.7768359644677939,15794341000.0,0.27618157667990073,0
1065280,Netflix,Communication Services,2021-01-28,0,2021,1,2020,39280359000.0,2761395000.0,24996056000.0,28215119000.0,0.07029963753640846,24.393990459902113,0.718300945263764,20156447000.0,0.24010228588401517,0
1065280,Netflix,Communication Services,2022-01-27,0,2022,1,2021,44584663000.0,5116228000.0,29697844000.0,28735415000.0,0.11475309345727251,24.520655757908745,0.6445134507352899,24996056000.0,0.1881011948444986,0
1065280,Netflix,Communication Services,2023-01-26,0,2023,1,2022,48594768000.0,4491924000.0,31615550000.0,27817367000.0,0.09243637092783322,24.60678170773673,0.5724354317320746,29697844000.0,0.0645739131769969,0
1065280,Netflix,Communication Services,2024-01-26,1,2024,1,2023,48731992000.0,5407990000.0,33723297000.0,28143679000.0,0.11097412147650357,24.60960157127538,0.5775195686644617,31615550000.0,0.0666680478435453,1
1065280,Netflix,Communication Services,2025-01-27,3,2025,1,2024,53630374000.0,8711631000.0,39000966000.0,28886807000.0,0.16243837866952038,24.705381423625674,0.5386277373340712,33723297000.0,0.15649919994477401,1
1065280,Netflix,Communication Services,2026-01-23,2,2026,1,2025,55596993000.0,10981201000.0,45183036000.0,28981505000.0,0.19751429722107453,24.741394954006612,0.5212782820826299,39000966000.0,0.15851068919677536,1
1067701,United Rentals,Industrials,2019-01-23,0,2019,1,2018,18133000000.0,1096000000.0,8047000000.0,14730000000.0,0.0604422875420504,23.6209993196183,0.8123311090277395,,,0
1067701,United Rentals,Industrials,2020-01-29,0,2020,1,2019,18970000000.0,1174000000.0,9351000000.0,15140000000.0,0.06188719030047443,23.66612462089333,0.7981022667369531,8047000000.0,0.16204796818690204,0
1067701,United Rentals,Industrials,2021-01-27,0,2021,1,2020,17868000000.0,890000000.0,8530000000.0,13323000000.0,0.04980971569285874,23.606277240436285,0.7456346541302887,9351000000.0,-0.08779809646027159,0
1067701,United Rentals,Industrials,2022-01-26,0,2022,1,2021,20292000000.0,1386000000.0,9716000000.0,14301000000.0,0.06830277942046127,23.73349255665085,0.7047604967474866,8530000000.0,0.1390386869871043,0
1067701,United Rentals,Industrials,2023-01-25,0,2023,1,2022,24183000000.0,2105000000.0,11642000000.0,17121000000.0,0.08704461812016706,23.908915743915983,0.7079766778315345,9716000000.0,0.19822972416632356,0
1067701,United Rentals,Industrials,2024-01-24,0,2024,1,2023,25589000000.0,2424000000.0,14332000000.0,17459000000.0,0.09472820352495213,23.9654284085898,0.6822853569893313,11642000000.0,0.23105995533413504,0
1067701,United Rentals,Industrials,2025-01-29,1,2025,1,2024,28163000000.0,2575000000.0,15345000000.0,19541000000.0,0.09143202073642723,24.061274896652808,0.69385363775166,14332000000.0,0.07068099358079816,1
1067701,United Rentals,Industrials,2026-01-28,3,2026,1,2025,29866000000.0,2494000000.0,16099000000.0,20898000000.0,0.08350632826625594,24.11998654658149,0.6997254403000067,15345000000.0,0.04913652655588141,1
1069183,Axon Enterprise,Industrials,2019-02-27,5,2019,2,2018,719540000.0,29205000.0,420068000.0,252216000.0,0.04058843149790144,20.39412267690901,0.3505239458542958,,,1
1069183,Axon Enterprise,Industrials,2020-02-28,8,2020,2,2019,845639000.0,882000.0,530860000.0,302144000.0,0.0010429982533918137,20.555603112554202,0.3572966715111294,420068000.0,0.26374777416989637,1
1069183,Axon Enterprise,Industrials,2021-02-26,13,2021,2,2020,1381023000.0,-1724000.0,681003000.0,404768000.0,-0.001248349955069539,21.046090365833,0.293092873905793,530860000.0,0.28282974795614657,1
1069183,Axon Enterprise,Industrials,2022-02-25,14,2022,2,2021,1688210000.0,-60018000.0,863381000.0,640361000.0,-0.03555126435692242,21.246934632965136,0.3793135925033023,681003000.0,0.26780792448785107,1
1069183,Axon Enterprise,Industrials,2023-02-28,9,2023,2,2022,2851894000.0,146930000.0,1187143000.0,1583403000.0,0.051520147663272196,21.771249171907332,0.5552110281798692,863381000.0,0.3749931953563954,1
1069183,Axon Enterprise,Industrials,2024-02-27,17,2024,2,2023,3409174000.0,175783000.0,1560699000.0,1793409000.0,0.05156175660145244,21.949735870160715,0.5260538183149349,1187143000.0,0.31466807284379383,1
1069183,Axon Enterprise,Industrials,2025-02-28,7,2025,2,2024,4474588000.0,377034000.0,2082526000.0,2146923000.0,0.08426116549724802,22.221680117395692,0.4798035036968767,1560699000.0,0.3343546705674829,1
1069183,Axon Enterprise,Industrials,2026-02-25,8,2026,2,2025,7000313000.0,124656000.0,2779536000.0,3757655000.0,0.017807203763603143,22.669220699287784,0.5367838552361873,2082526000.0,0.33469450081295493,1
1069202,Lennox International,Industrials,2019-02-19,0,2019,2,2018,1817200000.0,359000000.0,3883900000.0,1966800000.0,0.19755668060752807,21.32056269184952,1.082324455205811,,,0
1069202,Lennox International,Industrials,2020-02-18,0,2020,2,2019,2034900000.0,408700000.0,3807200000.0,2205100000.0,0.2008452503808541,21.433712514584418,1.083640473733353,3883900000.0,-0.019748191251062086,0
1069202,Lennox International,Industrials,2021-02-16,0,2021,2,2020,2032500000.0,356300000.0,3634100000.0,2049600000.0,0.17530135301353014,21.43253239938624,1.0084132841328413,3807200000.0,-0.04546648455557889,0
1069202,Lennox International,Industrials,2022-02-15,0,2022,2,2021,2171900000.0,464000000.0,4194100000.0,2440900000.0,0.21363782862931074,21.49886819744255,1.1238546894424237,3634100000.0,0.15409592471313394,0
1069202,Lennox International,Industrials,2023-02-21,0,2023,2,2022,2567600000.0,497100000.0,4718400000.0,2770700000.0,0.1936049228851846,21.666237447401897,1.0791011060912914,4194100000.0,0.12500894113158956,0
1069202,Lennox International,Industrials,2024-02-13,0,2024,2,2023,2941000000.0,591200000.0,4981900000.0,2548000000.0,0.20102006120367222,21.80201549651827,0.8663719823189391,4718400000.0,0.05584520176330954,0
1069202,Lennox International,Industrials,2025-02-11,1,2025,2,2024,3620000000.0,811100000.0,5341300000.0,2657900000.0,0.22406077348066297,22.00973986278409,0.7342265193370165,4981900000.0,0.07214115096649865,1
1069202,Lennox International,Industrials,2026-02-17,1,2026,2,2025,4081800000.0,805800000.0,5195300000.0,2918700000.0,0.1974129060708511,22.129803904543344,0.7150521828605028,5341300000.0,-0.027334169584183665,1
1070750,Host Hotels & Resorts,Real Estate,2019-02-26,1,2019,2,2018,12090000000.0,1087000000.0,5524000000.0,4396000000.0,0.08990901571546733,23.215644501573113,0.36360628618693136,,,1
1070750,Host Hotels & Resorts,Real Estate,2020-02-25,1,2020,2,2019,12305000000.0,920000000.0,5469000000.0,4838000000.0,0.07476635514018691,23.23327152078943,0.3931735067045916,5524000000.0,-0.009956553222302711,1
1070750,Host Hotels & Resorts,Real Estate,2021-02-25,1,2021,2,2020,12890000000.0,-732000000.0,1620000000.0,6456000000.0,-0.05678820791311094,23.279717653897507,0.5008533747090768,5469000000.0,-0.7037849698299506,1
1070750,Host Hotels & Resorts,Real Estate,2022-02-24,2,2022,2,2021,12352000000.0,-11000000.0,2890000000.0,5780000000.0,-0.0008905440414507772,23.237083830228833,0.467940414507772,1620000000.0,0.7839506172839505,1
1070750,Host Hotels & Resorts,Real Estate,2023-02-22,2,2023,2,2022,12269000000.0,633000000.0,4907000000.0,5390000000.0,0.05159344689868775,23.230341592755455,0.4393186078735023,2890000000.0,0.6979238754325259,1
1070750,Host Hotels & Resorts,Real Estate,2024-02-28,3,2024,2,2023,12243000000.0,740000000.0,5311000000.0,5417000000.0,0.06044270195213591,23.22822018203819,0.44245691415502736,4907000000.0,0.08233136335846747,1
1070750,Host Hotels & Resorts,Real Estate,2025-02-26,3,2025,2,2024,13048000000.0,697000000.0,5684000000.0,6271000000.0,0.05341814837522992,23.291900702265124,0.48061005518087063,5311000000.0,0.0702315948032386,1
1070750,Host Hotels & Resorts,Real Estate,2026-02-25,4,2026,2,2025,13049000000.0,765000000.0,6114000000.0,6317000000.0,0.058625182006284006,23.29197733942652,0.48409839834470075,5684000000.0,0.07565095003518651,1
1071739,Centene Corporation,Health Care,2019-02-19,0,2019,2,2018,30901000000.0,900000000.0,60116000000.0,19878000000.0,0.02912527102682761,24.154054382786008,0.6432801527458658,,,0
1071739,Centene Corporation,Health Care,2020-02-18,0,2020,2,2019,40994000000.0,1321000000.0,74639000000.0,28302000000.0,0.032224227935795484,24.436691551478347,0.6903937161535835,60116000000.0,0.24158293965001,0
1071739,Centene Corporation,Health Care,2021-02-22,5,2021,2,2020,68719000000.0,1808000000.0,111115000000.0,42757000000.0,0.026310045256770324,24.953291562712106,0.6222005558870182,74639000000.0,0.48869893755275395,1
1071739,Centene Corporation,Health Care,2022-02-22,7,2022,2,2021,78375000000.0,1347000000.0,125982000000.0,51353000000.0,0.017186602870813396,25.084770835899494,0.6552216905901116,111115000000.0,0.133798317058903,1
1071739,Centene Corporation,Health Care,2023-02-21,2,2023,2,2022,76870000000.0,1202000000.0,144547000000.0,52633000000.0,0.015636789384675425,25.06538152030745,0.6847014439963575,125982000000.0,0.14736232160149854,1
1071739,Centene Corporation,Health Care,2024-02-20,1,2024,2,2023,84641000000.0,2702000000.0,153999000000.0,58685000000.0,0.03192306329084014,25.16168461973141,0.6933401070403232,144547000000.0,0.06539049582488743,1
1071739,Centene Corporation,Health Care,2025-02-18,11,2025,2,2024,82445000000.0,3305000000.0,163071000000.0,55935000000.0,0.04008733094790466,25.135397241299344,0.6784523015343562,153999000000.0,0.05890947343813924,1
1071739,Centene Corporation,Health Care,2026-02-17,13,2026,2,2025,76747000000.0,-6674000000.0,194777000000.0,56691000000.0,-0.08696105385226784,25.06378013470188,0.738673824384015,163071000000.0,0.1944306467734913,1
1075531,Booking Holdings,Consumer Discretionary,2019-02-27,1,2019,2,2018,22687000000.0,,14527000000.0,13902000000.0,,23.845057910161135,0.6127738352360382,,,1
1075531,Booking Holdings,Consumer Discretionary,2020-02-26,3,2020,2,2019,21402000000.0,,15066000000.0,15469000000.0,,23.78675021255122,0.7227829174843473,14527000000.0,0.03710332484339496,1
1075531,Booking Holdings,Consumer Discretionary,2021-02-24,3,2021,2,2020,21874000000.0,,6796000000.0,16981000000.0,,23.808564553859444,0.7763097741611045,15066000000.0,-0.5489180937209611,1
1075531,Booking Holdings,Consumer Discretionary,2022-02-23,2,2022,2,2021,23641000000.0,,10958000000.0,17463000000.0,,23.88624832977407,0.7386743369569815,6796000000.0,0.6124190700412007,1
1075531,Booking Holdings,Consumer Discretionary,2023-02-23,3,2023,2,2022,25361000000.0,,17090000000.0,22579000000.0,,23.956478397914665,0.8903040100942392,10958000000.0,0.5595911662712174,1
1075531,Booking Holdings,Consumer Discretionary,2024-02-22,3,2024,2,2023,24342000000.0,,21365000000.0,27086000000.0,,23.915469090398776,1.112726973954482,17090000000.0,0.2501462843768285,1
1075531,Booking Holdings,Consumer Discretionary,2025-02-20,4,2025,2,2024,27708000000.0,,23739000000.0,31728000000.0,,24.04498701710677,1.1450844521437853,21365000000.0,0.11111631172478353,1
1075531,Booking Holdings,Consumer Discretionary,2026-02-18,3,2026,2,2025,29264000000.0,,26917000000.0,34842000000.0,,24.099623928594923,1.1906096227446692,23739000000.0,0.1338725304351489,1
1086222,Akamai Technologies,Information Technology,2019-02-28,2,2019,2,2018,5461770000.0,298373000.0,,2269910000.0,0.05462936007924171,22.42103874999377,0.4155997048575828,,,1
1086222,Akamai Technologies,Information Technology,2020-02-28,1,2020,2,2019,7006886000.0,478035000.0,,3348928000.0,0.06822360175404595,22.670159216757618,0.4779481213195134,,,1
1086222,Akamai Technologies,Information Technology,2021-02-26,0,2021,2,2020,7764130000.0,557054000.0,,3512834000.0,0.07174712427535346,22.77278024605942,0.4524439956569506,,,0
1086222,Akamai Technologies,Information Technology,2022-02-28,2,2022,2,2021,8138673000.0,651642000.0,,3608659000.0,0.08006735250328893,22.819892981558286,0.4433964849060774,,,1
1086222,Akamai Technologies,Information Technology,2023-02-28,2,2023,2,2022,8303400000.0,523672000.0,,3943213000.0,0.06306717730086471,22.839930906424215,0.47489136980032276,,,1
1086222,Akamai Technologies,Information Technology,2024-02-28,4,2024,2,2023,9900037000.0,547629000.0,,5302882000.0,0.05531585387004109,23.015804331453708,0.535642644567894,,,1
1086222,Akamai Technologies,Information Technology,2025-02-24,7,2025,2,2024,10368785000.0,504918000.0,,5490428000.0,0.04869596582434683,23.06206568742476,0.5295150781890067,,,1
1086222,Akamai Technologies,Information Technology,2026-02-20,7,2026,2,2025,11479643000.0,452031000.0,,6502272000.0,0.039376747168879726,23.163841129793315,0.5664176142062954,,,1
1090012,Devon Energy,Energy,2019-02-20,3,2019,2,2018,19566000000.0,3064000000.0,8896000000.0,19566000000.0,0.15659818051722377,23.69705920298165,1.0,,,1
1090012,Devon Energy,Energy,2020-02-19,1,2020,2,2019,13717000000.0,-355000000.0,6220000000.0,13717000000.0,-0.025880294525041918,23.34190177644268,1.0,8896000000.0,-0.3008093525179856,1
1090012,Devon Energy,Energy,2021-02-17,1,2021,2,2020,9912000000.0,-2680000000.0,4828000000.0,9912000000.0,-0.27037933817594834,23.01701198127325,1.0,6220000000.0,-0.22379421221864948,1
1090012,Devon Energy,Energy,2022-02-16,1,2022,2,2021,21025000000.0,2813000000.0,12206000000.0,21025000000.0,0.13379310344827586,23.768978042805426,1.0,4828000000.0,1.528169014084507,1
1090012,Devon Energy,Energy,2023-02-15,1,2023,2,2022,23271000000.0,6015000000.0,19169000000.0,23721000000.0,0.25847621503158436,23.870473787123256,1.0193373726956299,12206000000.0,0.5704571522202195,1
1090012,Devon Energy,Energy,2024-02-28,1,2024,2,2023,24490000000.0,3747000000.0,15258000000.0,24490000000.0,0.15300122498979174,23.921530707910488,1.0,19169000000.0,-0.2040273358025979,1
1090012,Devon Energy,Energy,2025-02-19,1,2025,2,2024,30489000000.0,2891000000.0,15940000000.0,30489000000.0,0.09482108301354587,24.140631799770148,1.0,15258000000.0,0.044697863415912975,1
1090012,Devon Energy,Energy,2026-02-18,5,2026,2,2025,31599000000.0,2642000000.0,17188000000.0,31599000000.0,0.08361024083040602,24.176391311468926,1.0,15940000000.0,0.07829360100376404,1
1090727,United Parcel Service,Industrials,2019-02-21,3,2019,2,2018,50016000000.0,4791000000.0,71861000000.0,50016000000.0,0.09578934740882918,24.63560879118548,1.0,,,1
1090727,United Parcel Service,Industrials,2020-02-20,3,2020,2,2019,57857000000.0,4440000000.0,74094000000.0,57857000000.0,0.07674093022451907,24.781240285858786,1.0,71861000000.0,0.03107387873811951,1
1090727,United Parcel Service,Industrials,2021-02-22,2,2021,2,2020,62408000000.0,1343000000.0,84628000000.0,62408000000.0,0.02151967696449173,24.856959309232426,1.0,74094000000.0,0.1421707560666181,1
1090727,United Parcel Service,Industrials,2022-02-22,4,2022,2,2021,69405000000.0,12890000000.0,97287000000.0,69405000000.0,0.18572148980620992,24.963224747973484,1.0,84628000000.0,0.14958406201257257,1
1090727,United Parcel Service,Industrials,2023-02-21,8,2023,2,2022,71124000000.0,11548000000.0,100338000000.0,71124000000.0,0.16236432146673416,24.987690669540115,1.0,97287000000.0,0.031360819020012975,1
1090727,United Parcel Service,Industrials,2024-02-20,6,2024,2,2023,70857000000.0,6708000000.0,90958000000.0,70857000000.0,0.09466954570472924,24.983929598484963,1.0,100338000000.0,-0.09348402399888378,1
1090727,United Parcel Service,Industrials,2025-02-18,7,2025,2,2024,70070000000.0,5782000000.0,91070000000.0,70070000000.0,0.08251748251748252,24.972760579328856,1.0,90958000000.0,0.0012313375404031657,1
1090727,United Parcel Service,Industrials,2026-02-17,10,2026,2,2025,73090000000.0,5572000000.0,88661000000.0,73090000000.0,0.07623477903954029,25.01495739543871,1.0,91070000000.0,-0.026452179642033613,1
1090872,Agilent Technologies,Health Care,2019-12-19,8,2019,12,2019,9452000000.0,,5163000000.0,4704000000.0,,22.969492196271073,0.49767245027507406,,,1
1090872,Agilent Technologies,Health Care,2020-12-18,10,2020,12,2020,9627000000.0,719000000.0,5339000000.0,4754000000.0,0.07468577957826945,22.98783748774224,0.49381946608496935,5163000000.0,0.03408870811543685,1
1090872,Agilent Technologies,Health Care,2021-12-17,10,2021,12,2021,10705000000.0,1210000000.0,6319000000.0,5316000000.0,0.11303129378794956,23.09397675898806,0.49659037832788416,5339000000.0,0.18355497284135613,1
1090872,Agilent Technologies,Health Care,2022-12-21,10,2022,12,2022,10532000000.0,1254000000.0,6848000000.0,5227000000.0,0.11906570451955943,23.077684078580475,0.49629699962020507,6319000000.0,0.08371577781294515,1
1090872,Agilent Technologies,Health Care,2023-12-20,8,2023,12,2023,10763000000.0,1240000000.0,6833000000.0,4918000000.0,0.11520951407600112,23.099380163228574,0.45693579856917216,6848000000.0,-0.0021904205607476968,1
1090872,Agilent Technologies,Health Care,2024-12-20,13,2024,12,2024,11846000000.0,1289000000.0,6510000000.0,5948000000.0,0.10881310146885025,23.195256094801184,0.5021104170184029,6833000000.0,-0.04727059856578375,1
1090872,Agilent Technologies,Health Care,2025-12-22,21,2025,12,2025,12727000000.0,1303000000.0,6948000000.0,5986000000.0,0.10238076530211361,23.26699155795632,0.470338650113931,6510000000.0,0.06728110599078341,1
1091667,Charter Communications,Communication Services,2019-01-31,0,2019,1,2018,146130000000.0,1230000000.0,43634000000.0,146130000000.0,0.008417162800246356,25.70776247343297,1.0,,,0
1091667,Charter Communications,Communication Services,2020-01-31,0,2020,1,2019,148188000000.0,1668000000.0,45764000000.0,148188000000.0,0.0112559721434934,25.721747574870097,1.0,43634000000.0,0.04881514415364174,0
1091667,Charter Communications,Communication Services,2021-01-29,0,2021,1,2020,144206000000.0,3222000000.0,48097000000.0,144206000000.0,0.022343037044228395,25.694508669808194,1.0,45764000000.0,0.05097893540774412,0
1091667,Charter Communications,Communication Services,2022-01-28,0,2022,1,2021,142491000000.0,4654000000.0,51682000000.0,142491000000.0,0.032661711967773406,25.682544676765836,1.0,48097000000.0,0.07453687340166737,0
1091667,Charter Communications,Communication Services,2023-01-27,0,2023,1,2022,144523000000.0,5055000000.0,54022000000.0,144523000000.0,0.03497713166762384,25.696704501382943,1.0,51682000000.0,0.04527688556944387,0
1091667,Charter Communications,Communication Services,2024-02-02,1,2024,2,2023,147193000000.0,4557000000.0,54607000000.0,147193000000.0,0.030959352686608738,25.71501048776262,1.0,54022000000.0,0.010828921550479542,1
1091667,Charter Communications,Communication Services,2025-01-31,1,2025,1,2024,150020000000.0,5083000000.0,55085000000.0,150020000000.0,0.033882149046793764,25.7340344554879,1.0,54607000000.0,0.008753456516563896,1
1091667,Charter Communications,Communication Services,2026-01-30,2,2026,1,2025,154213000000.0,4987000000.0,54774000000.0,154213000000.0,0.03233838911116443,25.76160060061806,1.0,55085000000.0,-0.0056458200962149485,1
1093557,Dexcom,Health Care,2019-02-21,4,2019,2,2018,1916000000.0,-127100000.0,1031600000.0,1252700000.0,-0.06633611691022964,21.37350551649508,0.6538100208768267,,,1
1093557,Dexcom,Health Care,2020-02-13,5,2020,2,2019,2395000000.0,101100000.0,1476000000.0,1512400000.0,0.04221294363256785,21.596649067809288,0.631482254697286,1031600000.0,0.43078712679333075,1
1093557,Dexcom,Health Care,2021-02-11,6,2021,2,2020,4290500000.0,549700000.0,1926700000.0,2464000000.0,0.128120265703298,22.17966911321145,0.574292040554714,1476000000.0,0.3053523035230352,1
1093557,Dexcom,Health Care,2022-02-14,6,2022,2,2021,4933300000.0,216900000.0,2448500000.0,2891200000.0,0.04396651328725194,22.31927397226879,0.5860580139054994,1926700000.0,0.27082576426013394,1
1093557,Dexcom,Health Care,2023-02-09,6,2023,2,2022,5391700000.0,341200000.0,2909800000.0,3259900000.0,0.06328245265871618,22.40812657102637,0.6046145000649146,2448500000.0,0.18840106187461703,1
1093557,Dexcom,Health Care,2024-02-08,6,2024,2,2023,6264500000.0,541500000.0,3622300000.0,4195900000.0,0.08643946045175194,22.55816461364988,0.6697900869981642,2909800000.0,0.2448621898412262,1
1093557,Dexcom,Health Care,2025-02-18,6,2025,2,2024,6484500000.0,576200000.0,4033000000.0,4381900000.0,0.08885804610995451,22.59268055074007,0.6757498650628422,3622300000.0,0.11338100102145043,1
1093557,Dexcom,Health Care,2026-02-12,7,2026,2,2025,6339900000.0,836300000.0,4662000000.0,3593900000.0,0.13191059795895835,22.570128832400492,0.5668701399075695,4033000000.0,0.15596330275229353,1
1094285,Teledyne Technologies,Information Technology,2019-02-25,5,2019,2,2018,3809300000.0,333800000.0,2901800000.0,1579600000.0,0.0876276481243273,22.06071128217102,0.41466936182500724,,,1
1094285,Teledyne Technologies,Information Technology,2020-02-24,6,2020,2,2019,4579800000.0,402300000.0,3163600000.0,1865100000.0,0.08784226385431679,22.244921165996754,0.4072448578540548,2901800000.0,0.09021986353297962,1
1094285,Teledyne Technologies,Information Technology,2021-02-26,4,2021,2,2020,,,,,,,,3163600000.0,,1
1094285,Teledyne Technologies,Information Technology,2022-02-25,3,2022,2,2021,5084800000.0,401900000.0,3086200000.0,1856200000.0,0.07903949024543738,22.34952153430667,0.36504877281309,,,1
1094285,Teledyne Technologies,Information Technology,2023-02-24,4,2023,2,2022,14430300000.0,445300000.0,4614300000.0,6808300000.0,0.030858679306736518,23.392595999536873,0.47180585296216987,3086200000.0,0.4951396539433608,1
1094285,Teledyne Technologies,Information Technology,2024-02-23,8,2024,2,2023,14527900000.0,885700000.0,5635500000.0,5302100000.0,0.060965452680704024,23.399336775521746,0.3649598359019542,4614300000.0,0.22131200832195574,1
1094285,Teledyne Technologies,Information Technology,2025-02-21,8,2025,2,2024,14200500000.0,819200000.0,5670000000.0,4645100000.0,0.057688109573606566,23.376543012201328,0.32710820041547833,5635500000.0,0.006121905775885006,1
1094285,Teledyne Technologies,Information Technology,2026-02-20,7,2026,2,2025,15285300000.0,894800000.0,6115400000.0,4771400000.0,0.05853990435254787,23.45015741918198,0.3121561238575625,5670000000.0,0.0785537918871253,1
1095073,Everest Group,Financials,2019-03-01,0,2019,3,2018,24750992000.0,,7361495000.0,16890195000.0,,23.932131405965976,0.6824047698775063,,,0
1095073,Everest Group,Financials,2020-03-02,0,2020,3,2019,27324051000.0,,8231169000.0,18191126000.0,,24.03103314030527,0.6657550888043651,7361495000.0,0.11813823143260982,0
1095073,Everest Group,Financials,2021-03-01,0,2021,3,2020,32711503000.0,,9598000000.0,22985327000.0,,24.21099262669206,0.7026680186477522,8231169000.0,0.16605551410741293,0
1095073,Everest Group,Financials,2022-02-28,0,2022,2,2021,38185000000.0,1379000000.0,11866000000.0,28046000000.0,0.03611365719523373,24.36570860528676,0.7344768888306927,9598000000.0,0.23629922900604283,0
1095073,Everest Group,Financials,2023-02-24,0,2023,2,2022,39966000000.0,597000000.0,12060000000.0,31525000000.0,0.014937697042486113,24.41129492960551,0.7887954761547316,11866000000.0,0.016349233102983307,0
1095073,Everest Group,Financials,2024-02-28,0,2024,2,2023,49399000000.0,2517000000.0,14587000000.0,36197000000.0,0.050952448430130165,24.62319601802042,0.7327476264701714,12060000000.0,0.20953565505804317,0
1095073,Everest Group,Financials,2025-02-27,4,2025,2,2024,56341000000.0,1373000000.0,17281000000.0,42466000000.0,0.02436946451074706,24.75468834861589,0.7537317406506807,14587000000.0,0.1846849934873518,1
1095073,Everest Group,Financials,2026-02-26,2,2026,2,2025,62514000000.0,1591000000.0,17496000000.0,47054000000.0,0.02545029913299421,24.858656368604514,0.7526953962312442,17281000000.0,0.012441409640645773,1
1097149,Align Technology,Health Care,2019-02-28,2,2019,2,2018,2052458000.0,400235000.0,1966492000.0,799567000.0,0.1950027722857179,21.44230393623131,0.38956558428966637,,,1
1097149,Align Technology,Health Care,2020-02-28,5,2020,2,2019,2500702000.0,442776000.0,2406796000.0,1154533000.0,0.17706068136067393,21.639837329403626,0.46168355925656074,1966492000.0,0.22390327547734756,1
1097149,Align Technology,Health Care,2021-02-26,2,2021,2,2020,4829683000.0,1775888000.0,2471941000.0,1595818000.0,0.3677028078240332,22.298046670987077,0.33041878731999597,2406796000.0,0.027067104981062018,1
1097149,Align Technology,Health Care,2022-02-25,3,2022,2,2021,5942110000.0,772020000.0,3952584000.0,2319396000.0,0.12992354567653577,22.5053301261009,0.3903320537654133,2471941000.0,0.5989799109282947,1
1097149,Align Technology,Health Care,2023-02-27,4,2023,2,2022,5947947000.0,361573000.0,3734635000.0,2346589000.0,0.060789546376253854,22.506311954946447,0.39452083214594885,3952584000.0,-0.05514089011138035,1
1097149,Align Technology,Health Care,2024-02-28,9,2024,2,2023,6083877000.0,445053000.0,3862260000.0,2453388000.0,0.07315285959923253,22.528907994176567,0.40326061818804027,3734635000.0,0.03417335295149315,1
1097149,Align Technology,Health Care,2025-02-28,5,2025,2,2024,6214600000.0,421362000.0,3999012000.0,2362615000.0,0.06780195024619444,22.550167199419523,0.38017169246612814,3862260000.0,0.03540724860573863,1
1097149,Align Technology,Health Care,2026-02-27,11,2026,2,2025,6233693000.0,410351000.0,4034964000.0,2184546000.0,0.0658279129241687,22.553234771008988,0.3504417044599405,3999012000.0,0.008990220584484288,1
1097864,ON Semiconductor,Information Technology,2019-02-20,6,2019,2,2018,7587600000.0,627400000.0,1503100000.0,4393500000.0,0.08268754283304339,22.749781172816842,0.5790368495967104,,,1
1097864,ON Semiconductor,Information Technology,2020-02-19,3,2020,2,2019,8425500000.0,211700000.0,1401800000.0,5101400000.0,0.025126105275651296,22.85452865860487,0.6054714853717881,1503100000.0,-0.06739405229192996,1
1097864,ON Semiconductor,Information Technology,2021-02-16,3,2021,2,2020,8668000000.0,234200000.0,1446300000.0,5109900000.0,0.027018920166128287,22.882903920620524,0.5895131518227965,1401800000.0,0.031744899415037775,1
1097864,ON Semiconductor,Information Technology,2022-02-14,5,2022,2,2021,9626000000.0,1009600000.0,6739800000.0,5021600000.0,0.1048826095990027,22.98773360782733,0.5216704757947226,1446300000.0,3.660029039618337,1
1097864,ON Semiconductor,Information Technology,2023-02-06,5,2023,2,2022,11978500000.0,1902200000.0,8326200000.0,5771500000.0,0.15880118545727762,23.206379213113316,0.48182159702800853,6739800000.0,0.2353779043888542,1
1097864,ON Semiconductor,Information Technology,2024-02-05,5,2024,2,2023,13215200000.0,2183700000.0,8253000000.0,5414600000.0,0.1652415400447969,23.304633519205204,0.4097251649615594,8326200000.0,-0.008791525545867263,1
1097864,ON Semiconductor,Information Technology,2025-02-10,6,2025,2,2024,14089800000.0,1572800000.0,7082300000.0,5275300000.0,0.11162685062953343,23.368716968292098,0.37440559837613024,8253000000.0,-0.14185144795831817,1
1097864,ON Semiconductor,Information Technology,2026-02-09,10,2026,2,2025,12524100000.0,121000000.0,5995400000.0,4832200000.0,0.009661372873100663,23.250920625048128,0.3858321156809671,7082300000.0,-0.15346709402312808,1
1099219,MetLife,Financials,2019-02-22,0,2019,2,2018,687538000000.0,5123000000.0,67941000000.0,634580000000.0,0.007451224514135946,27.25638293768693,0.9229744392309952,,,0
1099219,MetLife,Financials,2020-02-21,0,2020,2,2019,740463000000.0,5899000000.0,69620000000.0,674081000000.0,0.007966637090577112,27.33054150316688,0.9103506859897118,67941000000.0,0.024712618301172995,0
1099219,MetLife,Financials,2021-02-19,0,2021,2,2020,795146000000.0,5407000000.0,67842000000.0,720329000000.0,0.006800009054940854,27.401791582538294,0.9059078458547235,69620000000.0,-0.025538638322321172,0
1099219,MetLife,Financials,2022-02-18,0,2022,2,2021,759708000000.0,6855000000.0,68696000000.0,691959000000.0,0.009023203651929426,27.3561999858727,0.910822315942441,67842000000.0,0.012588072285604879,0
1099219,MetLife,Financials,2023-02-23,0,2023,2,2022,663072000000.0,5284000000.0,68770000000.0,632947000000.0,0.007968968679117804,27.220149418521085,0.9545675281115776,68696000000.0,0.0010772097356468446,0
1099219,MetLife,Financials,2024-02-16,5,2024,2,2023,687584000000.0,1578000000.0,66905000000.0,657331000000.0,0.0022949923209382417,27.25644984084173,0.956001012239959,68770000000.0,-0.027119383452086643,1
1099219,MetLife,Financials,2025-02-21,3,2025,2,2024,677457000000.0,4426000000.0,70986000000.0,649754000000.0,0.006533255985250725,27.241611919051362,0.9591073677000902,66905000000.0,0.060996935953964604,1
1099219,MetLife,Financials,2026-02-19,3,2026,2,2025,745166000000.0,3379000000.0,77084000000.0,716245000000.0,0.0045345600845986,27.336872849297496,0.961188513700303,70986000000.0,0.08590426281238561,1
1099800,Edwards Lifesciences,Health Care,2019-02-15,0,2019,2,2018,5323700000.0,,3722800000.0,5323700000.0,,22.395434387281565,1.0,,,0
1099800,Edwards Lifesciences,Health Care,2020-02-14,0,2020,2,2019,6488100000.0,,4348000000.0,6488100000.0,,22.593235566711027,1.0,3722800000.0,0.16793811109917267,0
1099800,Edwards Lifesciences,Health Care,2021-02-12,0,2021,2,2020,7237100000.0,,4386300000.0,2662800000.0,,22.702486410615272,0.36793743350236974,4348000000.0,0.008808647654093837,0
1099800,Edwards Lifesciences,Health Care,2022-02-14,4,2022,2,2021,8502600000.0,1503100000.0,5232500000.0,2666700000.0,0.1767812198621598,22.863637836023155,0.3136334768188554,4386300000.0,0.19291886099901978,1
1099800,Edwards Lifesciences,Health Care,2023-02-13,0,2023,2,2022,8292500000.0,1521900000.0,4464000000.0,2485800000.0,0.1835272836900814,22.83861732878548,0.2997648477539946,5232500000.0,-0.14687052078356422,0
1099800,Edwards Lifesciences,Health Care,2024-02-12,0,2024,2,2023,9363200000.0,1402400000.0,5010000000.0,2643800000.0,0.14977785372522215,22.960052949350022,0.2823607313738893,4464000000.0,0.12231182795698925,0
1099800,Edwards Lifesciences,Health Care,2025-02-28,1,2025,2,2024,13055300000.0,4174600000.0,5439500000.0,2992400000.0,0.3197628549324795,23.29246001853474,0.22920959303884247,5010000000.0,0.08572854291417165,1
1099800,Edwards Lifesciences,Health Care,2026-02-25,3,2026,2,2025,13697200000.0,1073500000.0,6067600000.0,3359600000.0,0.07837368221242298,23.3404572693301,0.24527640685687585,5439500000.0,0.11547017189079889,1
1100682,Charles River Laboratories,Health Care,2019-02-13,1,2019,2,2018,3855879000.0,226373000.0,2266096000.0,2517576000.0,0.05870853312565047,22.07286483353431,0.6529188286250683,,,1
1100682,Charles River Laboratories,Health Care,2020-02-11,3,2020,2,2019,4692790000.0,252019000.0,2621226000.0,3026315000.0,0.05370344720304979,22.26929312526122,0.6448860912165257,2266096000.0,0.15671445516871296,1
1100682,Charles River Laboratories,Health Care,2021-02-17,1,2021,2,2020,5490831000.0,364304000.0,2923933000.0,3347163000.0,0.0663476985541897,22.426345447133375,0.6095913350820669,2621226000.0,0.11548298391668621,1
1100682,Charles River Laboratories,Health Care,2022-02-16,5,2022,2,2021,7024292000.0,390982000.0,3540160000.0,4432300000.0,0.05566141043111533,22.672640264169132,0.6309959779576362,2923933000.0,0.21075277716691865,1
1100682,Charles River Laboratories,Health Care,2023-02-22,2,2023,2,2022,7602770000.0,486226000.0,3976060000.0,4579265000.0,0.06395379578758795,22.751778491518508,0.6023153403299061,3540160000.0,0.12313002802133233,1
1100682,Charles River Laboratories,Health Care,2024-02-14,3,2024,2,2023,8195001000.0,474624000.0,4129409000.0,4536003000.0,0.057916283353717714,22.826790171167822,0.5535085352643642,3976060000.0,0.03856807995855194,1
1100682,Charles River Laboratories,Health Care,2025-02-19,5,2025,2,2024,7528345000.0,22203000.0,4049989000.0,4020267000.0,0.0029492537868548796,22.7419410670848,0.534017370351651,4129409000.0,-0.01923277640940868,1
1100682,Charles River Laboratories,Health Care,2026-02-18,8,2026,2,2025,7135422000.0,-144338000.0,4015382000.0,3924228000.0,-0.020228376121272155,22.688337231185777,0.5499643889317268,4049989000.0,-0.008544961480142277,1
1101239,Equinix,Real Estate,2019-02-22,1,2019,2,2018,20244638000.0,365359000.0,5071654000.0,13025359000.0,0.018047198472998134,23.731155805312408,0.6433979703662768,,,1
1101239,Equinix,Real Estate,2020-02-21,5,2020,2,2019,23965615000.0,507450000.0,5562140000.0,15125233000.0,0.021174086289878227,23.899885931653102,0.6311222557818775,5071654000.0,0.09671125041258732,1
1101239,Equinix,Real Estate,2021-02-19,9,2021,2,2020,27006841000.0,369777000.0,5998545000.0,16372723000.0,0.013691975303590672,24.01935604122826,0.606243543996871,5562140000.0,0.07845990931547919,1
1101239,Equinix,Real Estate,2022-02-18,4,2022,2,2021,27918698000.0,500191000.0,6635537000.0,17036934000.0,0.017915985910231202,24.052562480515398,0.610233829672143,5998545000.0,0.10619108467136606,1
1101239,Equinix,Real Estate,2023-02-17,6,2023,2,2022,30310742000.0,705000000.0,7263000000.0,18804910000.0,0.023259080889540745,24.134768008086,0.6204041458305442,6635537000.0,0.09456099785141725,1
1101239,Equinix,Real Estate,2024-02-16,14,2024,2,2023,32651000000.0,969000000.0,8188000000.0,20137000000.0,0.029677498392086,24.20914132007119,0.6167345563688708,7263000000.0,0.12735784111248805,1
1101239,Equinix,Real Estate,2025-02-12,11,2025,2,2024,35085000000.0,815000000.0,8748000000.0,21533000000.0,0.023229300270770983,24.281039525650662,0.6137380647000142,8188000000.0,0.06839276990718135,1
1101239,Equinix,Real Estate,2026-02-11,9,2026,2,2025,40141000000.0,1350000000.0,9217000000.0,25963000000.0,0.033631449141775245,24.415664092809468,0.6467950474577115,8748000000.0,0.05361225422953808,1
1103982,Mondelez International,Consumer Staples,2019-02-08,0,2019,2,2018,62618000000.0,3317000000.0,25938000000.0,37016000000.0,0.052971988884985145,24.860318613656883,0.5911399278162829,,,0
1103982,Mondelez International,Consumer Staples,2020-02-07,0,2020,2,2019,64515000000.0,3929000000.0,25868000000.0,37198000000.0,0.0609005657599008,24.89016359185022,0.5765790901340774,25938000000.0,-0.002698743156758443,0
1103982,Mondelez International,Consumer Staples,2021-02-05,0,2021,2,2020,67810000000.0,3555000000.0,26581000000.0,40156000000.0,0.0524258958855626,24.93997551364216,0.5921840436513789,25868000000.0,0.027563012215865212,0
1103982,Mondelez International,Consumer Staples,2022-02-04,0,2022,2,2021,67092000000.0,4300000000.0,28720000000.0,38769000000.0,0.06409109878972158,24.92933064877892,0.5778483276694688,26581000000.0,0.08047101312967908,0
1103982,Mondelez International,Consumer Staples,2023-02-03,0,2023,2,2022,71161000000.0,2717000000.0,31496000000.0,44241000000.0,0.03818102612385998,24.98821075248398,0.6217028990598783,28720000000.0,0.09665738161559889,0
1103982,Mondelez International,Consumer Staples,2024-02-02,4,2024,2,2023,71391000000.0,4959000000.0,36016000000.0,43025000000.0,0.06946253729461697,24.99143764792676,0.6026670028434957,31496000000.0,0.143510287020574,1
1103982,Mondelez International,Consumer Staples,2025-02-05,6,2025,2,2024,68497000000.0,4611000000.0,36441000000.0,41539000000.0,0.06731681679489612,24.950055785635097,0.6064353183351096,36016000000.0,0.011800310972901018,1
1103982,Mondelez International,Consumer Staples,2026-02-04,10,2026,2,2025,71487000000.0,2451000000.0,38537000000.0,45596000000.0,0.034285954089554746,24.992781451933627,0.6378222613901828,36441000000.0,0.05751763123953779,1
1108524,Salesforce,Information Technology,2019-03-08,9,2019,3,2018,21984000000.0,360000000.0,10540000000.0,11608000000.0,0.016375545851528384,23.81358075298635,0.5280203784570596,,,1
1108524,Salesforce,Information Technology,2020-03-05,9,2020,3,2019,30737000000.0,1110000000.0,13282000000.0,15132000000.0,0.03611282818752643,24.148732977581304,0.4923056902104955,10540000000.0,0.2601518026565466,1
1108524,Salesforce,Information Technology,2021-03-17,9,2021,3,2020,55126000000.0,126000000.0,17098000000.0,21241000000.0,0.0022856728222617278,24.73288731113845,0.38531727315604253,13282000000.0,0.2873061285950911,1
1108524,Salesforce,Information Technology,2022-03-11,10,2022,3,2021,66301000000.0,4072000000.0,21252000000.0,24808000000.0,0.06141687154039909,24.91747081698074,0.37417233525889504,17098000000.0,0.2429523920926424,1
1108524,Salesforce,Information Technology,2023-03-08,5,2023,3,2022,95209000000.0,1444000000.0,26492000000.0,37078000000.0,0.015166633406505687,25.27934031209044,0.3894379733008434,21252000000.0,0.24656502917372491,1
1108524,Salesforce,Information Technology,2024-03-06,11,2024,3,2023,98849000000.0,208000000.0,31352000000.0,40490000000.0,0.002104219567218687,25.316859270173982,0.40961466479175307,26492000000.0,0.18345160803261362,1
1108524,Salesforce,Information Technology,2025-03-05,17,2025,3,2024,99823000000.0,4136000000.0,34857000000.0,40177000000.0,0.04143333700650151,25.326664454633633,0.40248239383709167,31352000000.0,0.11179510079101806,1
1108524,Salesforce,Information Technology,2026-03-02,11,2026,3,2025,102928000000.0,6197000000.0,37895000000.0,41755000000.0,0.060207135084719414,25.357295551615056,0.40567192600652885,34857000000.0,0.08715609490202825,1
1109357,Exelon,Utilities,2019-02-08,0,2019,2,2018,119634000000.0,,35978000000.0,86587000000.0,,25.50770291899923,0.723765819081532,,,0
1109357,Exelon,Utilities,2020-02-11,0,2020,2,2019,124977000000.0,,34438000000.0,90404000000.0,,25.551395557318635,0.7233650991782488,35978000000.0,-0.042803935738506826,0
1109357,Exelon,Utilities,2021-02-24,0,2021,2,2020,129317000000.0,,16663000000.0,94449000000.0,,25.5855325912667,0.7303680103930651,34438000000.0,-0.5161449561530866,0
1109357,Exelon,Utilities,2022-02-25,0,2022,2,2021,133013000000.0,,17938000000.0,98218000000.0,,25.6137127047524,0.7384090276890228,16663000000.0,0.07651683370341478,0
1109357,Exelon,Utilities,2023-02-14,0,2023,2,2022,95349000000.0,,19078000000.0,70605000000.0,,25.280809681260862,0.7404901991630746,17938000000.0,0.06355223547775668,0
1109357,Exelon,Utilities,2024-02-21,1,2024,2,2023,101856000000.0,,21727000000.0,76101000000.0,,25.346825888046094,0.7471430254476908,19078000000.0,0.13885103260299814,1
1109357,Exelon,Utilities,2025-02-12,2,2025,2,2024,107784000000.0,,23028000000.0,80863000000.0,,25.40339506139996,0.7502319453722259,21727000000.0,0.05987941271229347,1
1109357,Exelon,Utilities,2026-02-12,2,2026,2,2025,116570000000.0,,24258000000.0,87772000000.0,,25.481757787878152,0.7529553058248263,23028000000.0,0.05341323606044823,1
1111711,NiSource,Utilities,2019-02-20,0,2019,2,2018,21804000000.0,-50600000.0,4991100000.0,21804000000.0,-0.002320675105485232,23.805359276148447,1.0,,,0
1111711,NiSource,Utilities,2020-02-28,0,2020,2,2019,22659800000.0,383100000.0,5053400000.0,22659800000.0,0.016906592291194098,23.84385826638199,1.0,4991100000.0,0.01248221834866059,0
1111711,NiSource,Utilities,2021-02-17,0,2021,2,2020,22040500000.0,-17600000.0,4473200000.0,22040500000.0,-0.000798529978902475,23.816147506999208,1.0,5053400000.0,-0.11481378873629633,0
1111711,NiSource,Utilities,2022-02-23,0,2022,2,2021,24156900000.0,584900000.0,4731300000.0,24156900000.0,0.024212543828057407,23.907835890522154,1.0,4473200000.0,0.057699186264866364,0
1111711,NiSource,Utilities,2023-02-22,0,2023,2,2022,26736600000.0,804100000.0,5738600000.0,26736600000.0,0.030074878630790752,24.009299250199344,1.0,4731300000.0,0.21290131676283464,0
1111711,NiSource,Utilities,2024-02-21,0,2024,2,2023,31077200000.0,714300000.0,5347800000.0,31077200000.0,0.02298469617597467,24.159740268297412,1.0,5738600000.0,-0.06810023350643013,0
1111711,NiSource,Utilities,2025-02-12,0,2025,2,2024,31788100000.0,760400000.0,5282900000.0,31788100000.0,0.023920901217751298,24.182357842860593,1.0,5347800000.0,-0.0121358315569019,0
1111711,NiSource,Utilities,2026-02-11,5,2026,2,2025,35858700000.0,929500000.0,6522800000.0,35858700000.0,0.02592118509594603,24.302852052374806,1.0,5282900000.0,0.23470063790721007,1
1113169,T. Rowe Price,Financials,2019-02-13,0,2019,2,2018,7689300000.0,1837500000.0,5372600000.0,824700000.0,0.23896843665873357,22.763095589012533,0.1072529358979361,,,0
1113169,T. Rowe Price,Financials,2020-02-13,0,2020,2,2019,9330400000.0,2131300000.0,5617900000.0,1107300000.0,0.22842536225670926,22.956543723341113,0.11867658406927892,5372600000.0,0.04565759594981955,0
1113169,T. Rowe Price,Financials,2021-02-11,0,2021,2,2020,10659000000.0,2372700000.0,6206700000.0,1390300000.0,0.22260061919504645,23.08967044265341,0.13043437470682054,5617900000.0,0.10480784634827955,0
1113169,T. Rowe Price,Financials,2022-02-24,0,2022,2,2021,12509000000.0,3082900000.0,7671900000.0,2255300000.0,0.24645455272204014,23.249714222179016,0.18029418818450715,6206700000.0,0.23606747547005646,0
1113169,T. Rowe Price,Financials,2023-02-15,0,2023,2,2022,11643300000.0,1557900000.0,6488400000.0,1956400000.0,0.13380227255159619,23.177996744224348,0.16802796458048835,7671900000.0,-0.15426426308997776,0
1113169,T. Rowe Price,Financials,2024-02-16,1,2024,2,2023,12278800000.0,1788700000.0,6460500000.0,1987600000.0,0.1456738443496107,23.2311400350208,0.16187249568361728,6488400000.0,-0.004299981505455852,1
1113169,T. Rowe Price,Financials,2025-02-14,1,2025,2,2024,13472000000.0,2100100000.0,7093600000.0,2021900000.0,0.15588628266033255,23.32387929444638,0.1500816508313539,6460500000.0,0.09799551118334504,1
1113169,T. Rowe Price,Financials,2026-02-13,3,2026,2,2025,14341800000.0,2087100000.0,7314800000.0,2288600000.0,0.1455256662343639,23.386444187253083,0.15957550656124056,7093600000.0,0.031183038231645366,1
1116132,"Tapestry, Inc.",Consumer Discretionary,2019-08-15,0,2019,8,2019,6877300000.0,643400000.0,6027100000.0,3363900000.0,0.09355415642766783,22.65149197000574,0.48913090893228445,,,0
1116132,"Tapestry, Inc.",Consumer Discretionary,2020-08-13,0,2020,8,2020,7924200000.0,-652100000.0,4961400000.0,5647800000.0,-0.08229221877287297,22.793187205242088,0.712728098735519,6027100000.0,-0.17681803852599098,0
1116132,"Tapestry, Inc.",Consumer Discretionary,2021-08-19,0,2021,8,2021,8382400000.0,834200000.0,5746300000.0,5123100000.0,0.09951803779347204,22.84940010661823,0.6111734109562894,4961400000.0,0.158201314145201,0
1116132,"Tapestry, Inc.",Consumer Discretionary,2022-08-18,0,2022,8,2022,7265300000.0,856300000.0,6684500000.0,4979800000.0,0.11786161617551925,22.706375426990828,0.6854224877155796,5746300000.0,0.1632702782660147,0
1116132,"Tapestry, Inc.",Consumer Discretionary,2023-08-17,5,2023,8,2023,7116800000.0,936000000.0,6660900000.0,4839000000.0,0.13151978417266186,22.685724023140427,0.6799404226618705,6684500000.0,-0.003530555763333054,1
1116132,"Tapestry, Inc.",Consumer Discretionary,2024-08-15,4,2024,8,2024,13396300000.0,816000000.0,6671200000.0,10499400000.0,0.06091234146742011,23.318244386372314,0.7837537230429298,6660900000.0,0.0015463375820083947,1
1116132,"Tapestry, Inc.",Consumer Discretionary,2025-08-14,6,2025,8,2025,6580500000.0,183200000.0,7010700000.0,5722700000.0,0.02783982980016716,22.607376567238653,0.869645163741357,6671200000.0,0.05089039453171851,1
1120193,"Nasdaq, Inc.",Financials,2019-02-22,9,2019,2,2018,15700000000.0,458000000.0,4277000000.0,10251000000.0,0.029171974522292993,23.476926549300675,0.6529299363057325,,,1
1120193,"Nasdaq, Inc.",Financials,2020-02-25,2,2020,2,2019,13924000000.0,774000000.0,4258000000.0,8285000000.0,0.055587474863544956,23.356879806895606,0.5950158000574548,4277000000.0,-0.004442366144493781,1
1120193,"Nasdaq, Inc.",Financials,2021-02-23,3,2021,2,2020,17979000000.0,933000000.0,5625000000.0,11543000000.0,0.051893876188887036,23.61247024709057,0.6420268090550086,4258000000.0,0.32104274307186476,1
1120193,"Nasdaq, Inc.",Financials,2022-02-23,0,2022,2,2021,20115000000.0,1187000000.0,5886000000.0,13710000000.0,0.05901068854088988,23.72473164234816,0.6815809097688292,5625000000.0,0.0464,0
1120193,"Nasdaq, Inc.",Financials,2023-02-23,19,2023,2,2022,20868000000.0,1125000000.0,6226000000.0,14704000000.0,0.053910293271995396,23.761482722106557,0.7046195131301515,5886000000.0,0.05776418620455326,1
1120193,"Nasdaq, Inc.",Financials,2024-02-21,35,2024,2,2023,32294000000.0,1059000000.0,6064000000.0,21467000000.0,0.0327924691893231,24.198147291405842,0.6647364835573172,6226000000.0,-0.02601991647928048,1
1120193,"Nasdaq, Inc.",Financials,2025-02-21,15,2025,2,2024,30395000000.0,1117000000.0,7400000000.0,19195000000.0,0.03674946537259418,24.137543958147095,0.6315183418325383,6064000000.0,0.22031662269129293,1
1120193,"Nasdaq, Inc.",Financials,2026-02-12,6,2026,2,2025,31053000000.0,1788000000.0,8262000000.0,18821000000.0,0.05757897787653367,24.158961259016134,0.6060928090683669,7400000000.0,0.11648648648648652,1
1121788,Garmin,Consumer Discretionary,2019-02-20,1,2019,2,2018,5382858000.0,694080000.0,3347444000.0,5382858000.0,0.12894265462696583,22.406485296834916,1.0,,,1
1121788,Garmin,Consumer Discretionary,2020-02-19,2,2020,2,2019,6166799000.0,952486000.0,3757505000.0,6166799000.0,0.15445387469252686,22.542445739591788,1.0,3347444000.0,0.12249973412549986,1
1121788,Garmin,Consumer Discretionary,2021-02-17,2,2021,2,2020,7031373000.0,992324000.0,4186573000.0,7031373000.0,0.14112805564432437,22.673647829531433,1.0,3757505000.0,0.11418960187677718,1
1121788,Garmin,Consumer Discretionary,2022-02-16,2,2022,2,2021,7854427000.0,1082200000.0,4982795000.0,7854427000.0,0.13778217048805724,22.784343158825813,1.0,4186573000.0,0.1901846689404436,1
1121788,Garmin,Consumer Discretionary,2023-02-22,2,2023,2,2022,7731170000.0,973585000.0,4860286000.0,7731170000.0,0.12592983985606318,22.76852604643634,1.0,4982795000.0,-0.02458640180862348,1
1121788,Garmin,Consumer Discretionary,2024-02-21,2,2024,2,2023,8603569000.0,1289636000.0,5228252000.0,8603569000.0,0.14989546779946789,22.87544295411719,1.0,4860286000.0,0.07570871343785113,1
1121788,Garmin,Consumer Discretionary,2025-02-19,8,2025,2,2024,9630527000.0,1411436000.0,6296903000.0,9630527000.0,0.14655854243490518,22.988203786077374,1.0,5228252000.0,0.20439929062332873,1
1121788,Garmin,Consumer Discretionary,2026-02-18,11,2026,2,2025,10993669000.0,1663887000.0,7245519000.0,10993669000.0,0.15134956309854336,23.120585398600372,1.0,6296903000.0,0.15064802491002327,1
1123360,Global Payments,Financials,2019-02-21,0,2019,2,2018,13230774000.0,452053000.0,3366366000.0,9044431000.0,0.03416678419569407,23.30581131676338,0.6835904687057612,,,0
1123360,Global Payments,Financials,2020-02-21,0,2020,2,2019,44480162000.0,430613000.0,4911892000.0,16425173000.0,0.009681012402787561,24.518309128968436,0.36926963080754965,3366366000.0,0.4591081302508402,0
1123360,Global Payments,Financials,2021-02-19,0,2021,2,2020,44201545000.0,584520000.0,7423558000.0,16714501000.0,0.013223972148484855,24.51202558017029,0.378142913330292,4911892000.0,0.5113438976264135,0
1123360,Global Payments,Financials,2022-02-18,2,2022,2,2021,45279713000.0,965460000.0,8523762000.0,19410296000.0,0.02132213161333421,24.53612493248203,0.42867533193065954,7423558000.0,0.14820440548858116,1
1123360,Global Payments,Financials,2023-02-17,4,2023,2,2022,44809014000.0,111493000.0,8975515000.0,22268804000.0,0.0024881824000858397,24.52567516148541,0.4969715245240612,8523762000.0,0.05299925080029211,1
1123360,Global Payments,Financials,2024-02-14,3,2024,2,2023,50570186000.0,986233000.0,7379784000.0,26782671000.0,0.019502261668564953,24.64662803010154,0.5296138519245311,8975515000.0,-0.17778712419287357,1
1123360,Global Payments,Financials,2025-02-14,3,2025,2,2024,46890255000.0,1570365000.0,7735970000.0,23873688000.0,0.03349022094249647,24.571075708292874,0.5091396495924366,7379784000.0,0.04826509827387904,1
1123360,Global Payments,Financials,2026-02-20,7,2026,2,2025,53338484000.0,1400107000.0,7705878000.0,29559003000.0,0.026249471207318152,24.699923933849064,0.5541777865302658,7735970000.0,-0.003889880648451305,1
1126328,Principal Financial Group,Financials,2019-02-13,1,2019,2,2018,243036100000.0,1546500000.0,14237200000.0,231188900000.0,0.006363252208211044,26.216475828923848,0.9512533323238811,,,1
1126328,Principal Financial Group,Financials,2020-02-14,1,2020,2,2019,276087800000.0,1394200000.0,16222100000.0,261137100000.0,0.005049842839850221,26.343984768017442,0.9458480237084,14237200000.0,0.13941645829236093,1
1126328,Principal Financial Group,Financials,2021-02-12,4,2021,2,2020,296627700000.0,1395800000.0,14741700000.0,279754800000.0,0.004705561887847966,26.415743654062936,0.9431175847704041,16222100000.0,-0.0912582218085205,1
1126328,Principal Financial Group,Financials,2022-02-11,3,2022,2,2021,304657200000.0,1580200000.0,14427800000.0,288198900000.0,0.005186813244525322,26.442453047039635,0.9459776430689969,14741700000.0,-0.021293337946098445,1
1126328,Principal Financial Group,Financials,2023-02-16,3,2023,2,2022,290867000000.0,4756900000.0,17536100000.0,280587200000.0,0.01635420999975934,26.396131954967615,0.9646580739650769,14427800000.0,0.21543825115402204,1
1126328,Principal Financial Group,Financials,2024-02-20,0,2024,2,2023,305046700000.0,623200000.0,13665800000.0,293836100000.0,0.002042965880306196,26.44373071658705,0.9632495614605895,17536100000.0,-0.22070471769663724,0
1126328,Principal Financial Group,Financials,2025-02-19,3,2025,2,2024,313663600000.0,1571000000.0,16127700000.0,302194600000.0,0.005008550561812082,26.471586910982733,0.9634353492085151,13665800000.0,0.18015044856503093,1
1126328,Principal Financial Group,Financials,2026-02-18,6,2026,2,2025,341376500000.0,1185100000.0,15625500000.0,328985200000.0,0.003471533629291999,26.5562518107255,0.9637019537080027,16127700000.0,-0.031138972079093774,1
1130310,CenterPoint Energy,Utilities,2019-02-28,0,2019,2,2018,27093000000.0,368000000.0,6277000000.0,27009000000.0,0.013582844277119551,24.022541228883185,0.9968995681541357,,,0
1130310,CenterPoint Energy,Utilities,2020-02-27,2,2020,2,2019,35529000000.0,791000000.0,7564000000.0,35529000000.0,0.02226350305384334,24.29361510135388,1.0,6277000000.0,0.20503425203122516,1
1130310,CenterPoint Energy,Utilities,2021-02-25,1,2021,2,2020,33471000000.0,-773000000.0,7418000000.0,33471000000.0,-0.023094619222610618,24.233945229225565,1.0,7564000000.0,-0.0193019566367002,1
1130310,CenterPoint Energy,Utilities,2022-02-22,0,2022,2,2021,37679000000.0,1486000000.0,8352000000.0,37679000000.0,0.03943841397064678,24.35236874702427,1.0,7418000000.0,0.12590994877325423,0
1130310,CenterPoint Energy,Utilities,2023-02-17,0,2023,2,2022,38546000000.0,1057000000.0,9321000000.0,38546000000.0,0.027421781767239143,24.37511817022327,1.0,8352000000.0,0.11602011494252884,0
1130310,CenterPoint Energy,Utilities,2024-02-20,5,2024,2,2023,39715000000.0,917000000.0,8696000000.0,39715000000.0,0.02308951277854715,24.404994787031505,1.0,9321000000.0,-0.06705289132067371,1
1130310,CenterPoint Energy,Utilities,2025-02-20,5,2025,2,2024,43768000000.0,1019000000.0,8643000000.0,43768000000.0,0.02328184975324438,24.502168793707934,1.0,8696000000.0,-0.0060947562097516395,1
1130310,CenterPoint Energy,Utilities,2026-02-19,2,2026,2,2025,46534000000.0,1052000000.0,9357000000.0,46534000000.0,0.02260712597240727,24.563449065151513,1.0,8643000000.0,0.08261020479000347,1
1133421,Northrop Grumman,Industrials,2019-01-31,1,2019,1,2018,37653000000.0,3229000000.0,30095000000.0,29466000000.0,0.08575677900831274,24.351678469292832,0.7825671261254084,,,1
1133421,Northrop Grumman,Industrials,2020-01-30,2,2020,1,2019,41089000000.0,2248000000.0,33841000000.0,32270000000.0,0.054710506461583396,24.439006282723973,0.7853683467594733,30095000000.0,0.12447250373816243,1
1133421,Northrop Grumman,Industrials,2021-01-28,2,2021,1,2020,44469000000.0,3189000000.0,36799000000.0,33890000000.0,0.0717128786345544,24.518058154146242,0.7621039375744901,33841000000.0,0.087408764516415,1
1133421,Northrop Grumman,Industrials,2022-01-27,7,2022,1,2021,42579000000.0,7005000000.0,35667000000.0,29653000000.0,0.16451772000281828,24.474627010931645,0.6964231193780972,36799000000.0,-0.03076170548112722,1
1133421,Northrop Grumman,Industrials,2023-01-26,7,2023,1,2022,43755000000.0,4896000000.0,36602000000.0,28443000000.0,0.11189578333904697,24.501871728934205,0.6500514226945492,35667000000.0,0.026214708273754495,1
1133421,Northrop Grumman,Industrials,2024-01-25,2,2024,1,2023,46544000000.0,2056000000.0,39290000000.0,31749000000.0,0.04417325541423169,24.563663938699257,0.682128738398075,36602000000.0,0.07343860991202678,1
1133421,Northrop Grumman,Industrials,2025-01-30,3,2025,1,2024,49359000000.0,4174000000.0,41033000000.0,34069000000.0,0.08456411191474705,24.622385957019034,0.6902287323487105,39290000000.0,0.0443624331891066,1
1133421,Northrop Grumman,Industrials,2026-01-27,7,2026,1,2025,51377000000.0,4182000000.0,41954000000.0,34703000000.0,0.08139829106409482,24.66245643844547,0.6754578897171887,41033000000.0,0.022445348865547166,1
1136869,Zimmer Biomet,Health Care,2019-02-26,0,2019,2,2018,24126800000.0,-379200000.0,7932900000.0,12850700000.0,-0.01571696205049986,23.906589092787133,0.532631762189764,,,0
1136869,Zimmer Biomet,Health Care,2020-02-21,0,2020,2,2019,24638700000.0,1131600000.0,7982200000.0,12245900000.0,0.04592774781136992,23.927584214479626,0.4970189173941807,7932900000.0,0.006214625168601717,0
1136869,Zimmer Biomet,Health Care,2021-02-22,2,2021,2,2020,24417700000.0,-138900000.0,6127500000.0,12218300000.0,-0.005688496459535501,23.91857411609909,0.5003870143379597,7982200000.0,-0.2323544887374408,1
1136869,Zimmer Biomet,Health Care,2022-02-25,2,2022,2,2021,23456400000.0,401600000.0,6827300000.0,10790000000.0,0.01712112685663614,23.87840921571125,0.46000238740812743,6127500000.0,0.11420644634842914,1
1136869,Zimmer Biomet,Health Care,2023-02-24,9,2023,2,2022,21066000000.0,231400000.0,6939900000.0,9039000000.0,0.010984524826735023,23.770926203360762,0.42908003417829677,6827300000.0,0.016492610548826114,1
1136869,Zimmer Biomet,Health Care,2024-02-23,15,2024,2,2023,21496900000.0,1024000000.0,7394200000.0,9008700000.0,0.04763477524666347,23.791174575637708,0.419069726332634,6939900000.0,0.06546203835790143,1
1136869,Zimmer Biomet,Health Care,2025-02-25,19,2025,2,2024,21365300000.0,903800000.0,7678600000.0,8889100000.0,0.04230223774063552,23.78503394760073,0.4160531328836946,7394200000.0,0.03846257877796111,1
1136869,Zimmer Biomet,Health Care,2026-02-20,28,2026,2,2025,23091700000.0,705100000.0,8231500000.0,10386000000.0,0.030534780895300043,23.862739082548497,0.44977199599856227,7678600000.0,0.07200531346860095,1
1136893,Fidelity National Information Services,Financials,2019-02-21,2,2019,2,2018,23770000000.0,846000000.0,8423000000.0,13548000000.0,0.03559108119478334,23.891690118318515,0.5699621371476651,,,1
1136893,Fidelity National Information Services,Financials,2020-02-20,8,2020,2,2019,83806000000.0,298000000.0,10333000000.0,34350000000.0,0.0035558313247261533,25.151770440916707,0.40987518793403815,8423000000.0,0.22676006173572372,1
1136893,Fidelity National Information Services,Financials,2021-02-18,6,2021,2,2020,83842000000.0,158000000.0,12552000000.0,34355000000.0,0.001884497030128098,25.15219991219645,0.40975883208892916,10333000000.0,0.21474886286654415,1
1136893,Fidelity National Information Services,Financials,2022-02-23,5,2022,2,2021,82931000000.0,417000000.0,9339000000.0,35399000000.0,0.005028276519033896,25.141274773699294,0.426848826132568,12552000000.0,-0.25597514340344163,1
1136893,Fidelity National Information Services,Financials,2023-02-27,6,2023,2,2022,63278000000.0,-16752000000.0,9720000000.0,35872000000.0,-0.2647365593097127,24.870803554343762,0.566895287461677,9339000000.0,0.04079665917121744,1
1136893,Fidelity National Information Services,Financials,2024-02-26,8,2024,2,2023,54973000000.0,-6655000000.0,9831000000.0,35917000000.0,-0.12105942917432194,24.730107992552654,0.653357102577629,9720000000.0,0.011419753086419737,1
1136893,Fidelity National Information Services,Financials,2025-02-13,9,2025,2,2024,33784000000.0,1450000000.0,10127000000.0,18084000000.0,0.04291972531375799,24.243253154578053,0.5352829741889652,9831000000.0,0.030108839385617037,1
1136893,Fidelity National Information Services,Financials,2026-02-24,8,2026,2,2025,33488000000.0,382000000.0,10677000000.0,19586000000.0,0.011407071189679886,24.234453002650056,0.584866220735786,10127000000.0,0.05431025970178727,1
1137774,Prudential Financial,Financials,2019-02-15,0,2019,2,2018,815078000000.0,4074000000.0,62992000000.0,766047000000.0,0.004998294641739809,27.426549651129264,0.9398450209673185,,,0
1137774,Prudential Financial,Financials,2020-02-14,0,2020,2,2019,896552000000.0,4186000000.0,64807000000.0,832833000000.0,0.004668998563385057,27.521822131655817,0.9289288295603602,62992000000.0,0.02881318262636534,0
1137774,Prudential Financial,Financials,2021-02-19,0,2021,2,2020,940722000000.0,-374000000.0,57033000000.0,872512000000.0,-0.00039756697515312705,27.569913502490436,0.927491862633169,64807000000.0,-0.11995617757341026,0
1137774,Prudential Financial,Financials,2022-02-17,1,2022,2,2021,937582000000.0,8868000000.0,71247000000.0,874974000000.0,0.00945837270766717,27.566570057632656,0.93322397400974,57033000000.0,0.24922413339645466,1
1137774,Prudential Financial,Financials,2023-02-16,4,2023,2,2022,689029000000.0,-1647000000.0,56881000000.0,657110000000.0,-0.0023903202913084934,27.258549197059796,0.95367538956996,71247000000.0,-0.2016365601358654,1
1137774,Prudential Financial,Financials,2024-02-21,6,2024,2,2023,721212000000.0,2488000000.0,53979000000.0,691336000000.0,0.003449748478949324,27.304198967072256,0.9585752871555104,56881000000.0,-0.05101879362177175,1
1137774,Prudential Financial,Financials,2025-02-13,7,2025,2,2024,735587000000.0,2727000000.0,70405000000.0,705461000000.0,0.0037072433308364613,27.323934656872236,0.9590449532142357,53979000000.0,0.30430352544508055,1
1137774,Prudential Financial,Financials,2026-02-12,6,2026,2,2025,773740000000.0,3576000000.0,60774000000.0,738159000000.0,0.004621707550339907,27.37450173679062,0.9540142683588803,70405000000.0,-0.13679426177118104,1
1137789,Seagate Technology,Information Technology,2019-08-02,9,2019,8,2019,8885000000.0,2012000000.0,10390000000.0,6723000000.0,0.22644907146876758,22.907630298553023,0.7566685424873382,,,1
1137789,Seagate Technology,Information Technology,2020-08-07,5,2020,8,2020,8930000000.0,1004000000.0,10509000000.0,7143000000.0,0.1124300111982083,22.91268223183482,0.7998880179171333,10390000000.0,0.011453320500481201,1
1137789,Seagate Technology,Information Technology,2021-08-06,5,2021,8,2021,8675000000.0,1314000000.0,10681000000.0,8044000000.0,0.15146974063400576,22.883711162779335,0.9272622478386167,10509000000.0,0.016366923589304472,1
1137789,Seagate Technology,Information Technology,2022-08-05,5,2022,8,2022,8944000000.0,1649000000.0,11661000000.0,8835000000.0,0.18436940966010734,22.914248753359153,0.9878130590339893,10681000000.0,0.09175170864151294,1
1137789,Seagate Technology,Information Technology,2023-08-04,6,2023,8,2023,7556000000.0,-529000000.0,7384000000.0,8755000000.0,-0.07001058761249339,22.745607786585676,1.158681842244574,11661000000.0,-0.36677814938684505,1
1137789,Seagate Technology,Information Technology,2024-08-02,6,2024,8,2024,7739000000.0,335000000.0,6551000000.0,9230000000.0,0.04328724641426541,22.769538317234733,1.1926605504587156,7384000000.0,-0.11281148429035748,1
1137789,Seagate Technology,Information Technology,2025-08-01,8,2025,8,2025,8023000000.0,1469000000.0,9097000000.0,8476000000.0,0.18309859154929578,22.80557825371793,1.0564626698242552,6551000000.0,0.38864295527400405,1
1137789,Seagate Technology,Information Technology,2026-08-04,7,2026,8,2026,9972000000.0,3184000000.0,12195000000.0,7805000000.0,0.3192940232651424,23.023047002607722,0.7826915363016446,9097000000.0,0.3405518302737167,1
1138118,CBRE Group,Real Estate,2019-03-01,0,2019,3,2018,13456793000.0,1063219000.0,21340088000.0,8446891000.0,0.07900983540431959,23.322749871258605,0.6277046098576384,,,0
1138118,CBRE Group,Real Estate,2020-03-02,0,2020,3,2019,16197196000.0,1282357000.0,23894091000.0,9924084000.0,0.07917154302510138,23.50810397778381,0.6127038284898201,21340088000.0,0.1196809966294421,0
1138118,CBRE Group,Real Estate,2021-02-24,0,2021,2,2020,18039143000.0,751989000.0,23826195000.0,10533483000.0,0.041686514708597855,23.61580984490923,0.5839236930490544,23894091000.0,-0.0028415393579943604,0
1138118,CBRE Group,Real Estate,2022-03-01,0,2022,3,2021,22073491000.0,1837000000.0,27746000000.0,12714374000.0,0.08322199691929111,23.817643223229034,0.5760019563738241,23826195000.0,0.16451661710986576,0
1138118,CBRE Group,Real Estate,2023-02-27,0,2023,2,2022,20513000000.0,1407000000.0,30828000000.0,11907000000.0,0.06859064983181397,23.74432466844641,0.580461170964754,27746000000.0,0.11107907446118359,0
1138118,CBRE Group,Real Estate,2024-02-20,0,2024,2,2023,22548000000.0,986000000.0,31949000000.0,13481000000.0,0.04372893383005145,23.83891220716574,0.5978800780557034,30828000000.0,0.03636304658103029,0
1138118,CBRE Group,Real Estate,2025-02-14,1,2025,2,2024,24383000000.0,968000000.0,35767000000.0,15191000000.0,0.03969979083787885,23.917152005111003,0.6230160357626215,31949000000.0,0.11950295783905607,1
1138118,CBRE Group,Real Estate,2026-02-12,3,2026,2,2025,30877000000.0,1157000000.0,40550000000.0,21251000000.0,0.037471256922628496,24.153277407124527,0.6882469151795835,35767000000.0,0.13372661950960385,1
1140536,Willis Towers Watson,Financials,2019-02-27,0,2019,2,2018,32385000000.0,695000000.0,8513000000.0,22388000000.0,0.02146055272502702,24.200961189581292,0.6913077041840359,,,0
1140536,Willis Towers Watson,Financials,2020-02-26,0,2020,2,2019,35426000000.0,1044000000.0,8370000000.0,25057000000.0,0.029469880878450854,24.290711850776816,0.7073053689380681,8513000000.0,-0.01679783859978856,0
1140536,Willis Towers Watson,Financials,2021-02-23,1,2021,2,2020,38531000000.0,996000000.0,8615000000.0,27599000000.0,0.025849316135060082,24.374728949049913,0.716280397601931,8370000000.0,0.029271206690561602,1
1140536,Willis Towers Watson,Financials,2022-02-24,4,2022,2,2021,34970000000.0,4222000000.0,8998000000.0,21662000000.0,0.12073205604804117,24.277756388021697,0.6194452387760938,8615000000.0,0.044457341845618004,1
1140536,Willis Towers Watson,Financials,2023-02-24,4,2023,2,2022,31769000000.0,1009000000.0,8866000000.0,21676000000.0,0.03176052126286632,24.181756808497006,0.6823003556926563,8998000000.0,-0.014669926650366705,1
1140536,Willis Towers Watson,Financials,2024-02-22,7,2024,2,2023,29090000000.0,1055000000.0,9483000000.0,19497000000.0,0.036266758336198,24.093660309453522,0.6702303196974906,8866000000.0,0.06959169862395664,1
1140536,Willis Towers Watson,Financials,2025-02-25,10,2025,2,2024,27681000000.0,-98000000.0,9930000000.0,19664000000.0,-0.003540334525486796,24.044012094210938,0.7103789602976771,9483000000.0,0.04713698196773164,1
1140536,Willis Towers Watson,Financials,2026-02-25,9,2026,2,2025,29530000000.0,1605000000.0,9708000000.0,21478000000.0,0.05435150694209279,24.10867253270224,0.7273281408736878,9930000000.0,-0.022356495468277893,1
1140859,Cencora,Health Care,2019-11-19,2,2019,11,2019,39171980000.0,855365000.0,179589121000.0,39171980000.0,0.021836144100961963,24.39122753223606,1.0,,,1
1140859,Cencora,Health Care,2020-11-19,2,2020,11,2020,44274830000.0,-3408716000.0,189893926000.0,44274830000.0,-0.07698992858922327,24.513682180969315,1.0,179589121000.0,0.057379895522736035,1
1140859,Cencora,Health Care,2021-11-23,2,2021,11,2021,57337805000.0,1539932000.0,213988843000.0,57337805000.0,0.02685718436553335,24.772226016236413,1.0,189893926000.0,0.1268861911886534,1
1140859,Cencora,Health Care,2022-11-22,2,2022,11,2022,56560616000.0,1698820000.0,238587006000.0,56560616000.0,0.03003538716763622,24.758578749564528,1.0,213988843000.0,0.1149506799286728,1
1140859,Cencora,Health Care,2023-11-21,3,2023,11,2023,62558746000.0,1745293000.0,262173411000.0,62558746000.0,0.02789846522818728,24.859371888225535,1.0,238587006000.0,0.09885871571731775,1
1140859,Cencora,Health Care,2024-11-26,3,2024,11,2024,67101667000.0,1509120000.0,293958599000.0,67101667000.0,0.022490052296316274,24.92947472413259,1.0,262173411000.0,0.12123726764954057,1
1140859,Cencora,Health Care,2025-11-25,8,2025,11,2025,76590112000.0,1554169000.0,321332819000.0,76590112000.0,0.020292031953158655,25.06173381919874,1.0,293958599000.0,0.09312270535076261,1
1141391,Mastercard,Financials,2019-02-13,5,2019,2,2018,24860000000.0,,14950000000.0,19371000000.0,,23.936525923028974,0.7792035398230088,,,1
1141391,Mastercard,Financials,2020-02-14,5,2020,2,2019,29236000000.0,,16883000000.0,23245000000.0,,24.098666663564554,0.7950814064851552,14950000000.0,0.12929765886287625,1
1141391,Mastercard,Financials,2021-02-12,7,2021,2,2020,33584000000.0,,15301000000.0,27067000000.0,,24.23731560002469,0.8059492615531205,16883000000.0,-0.09370372564117757,1
1141391,Mastercard,Financials,2022-02-11,14,2022,2,2021,37669000000.0,,18884000000.0,30257000000.0,,24.352103311974666,0.8032334280177335,15301000000.0,0.23416770145742105,1
1141391,Mastercard,Financials,2023-02-14,11,2023,2,2022,38724000000.0,,22237000000.0,32347000000.0,,24.379725399804236,0.8353217642805495,18884000000.0,0.17755772082185972,1
1141391,Mastercard,Financials,2024-02-13,8,2024,2,2023,42448000000.0,,25098000000.0,35451000000.0,,24.471545634341798,0.8351630229928383,22237000000.0,0.1286594414714215,1
1141391,Mastercard,Financials,2025-02-12,6,2025,2,2024,48081000000.0,,28167000000.0,41566000000.0,,24.596152925625958,0.8644994904432104,25098000000.0,0.12228065981353087,1
1141391,Mastercard,Financials,2026-02-11,6,2026,2,2025,54157000000.0,,32791000000.0,46411000000.0,,24.715153072583476,0.8569713979725613,28167000000.0,0.16416373770724602,1
1145197,Insulet Corporation,Health Care,2019-02-26,2,2019,2,2018,928700000.0,3300000.0,563800000.0,716600000.0,0.0035533541509637128,20.649296316746238,0.771616237751696,,,1
1145197,Insulet Corporation,Health Care,2020-02-26,2,2020,2,2019,1142900000.0,11600000.0,738200000.0,1067000000.0,0.010149619389272902,20.856834728867828,0.933589990375361,563800000.0,0.3093295494856332,1
1145197,Insulet Corporation,Health Care,2021-02-24,2,2021,2,2020,1872900000.0,6800000.0,904400000.0,1269300000.0,0.0036307330877249186,21.35075386870008,0.6777190453307704,738200000.0,0.22514223787591447,1
1145197,Insulet Corporation,Health Care,2022-02-24,3,2022,2,2021,2048800000.0,16800000.0,1098800000.0,1492500000.0,0.008199921905505662,21.44052009284959,0.7284752049980476,904400000.0,0.21494913754975675,1
1145197,Insulet Corporation,Health Care,2023-02-24,6,2023,2,2022,2251100000.0,4600000.0,1305300000.0,1774700000.0,0.0020434454266802897,21.534684822584392,0.7883701301585891,1098800000.0,0.187932289770659,1
1145197,Insulet Corporation,Health Care,2024-02-23,7,2024,2,2023,2588200000.0,206300000.0,1697100000.0,1855500000.0,0.07970790510779692,21.674228490351844,0.7169075032841357,1305300000.0,0.30016088255573425,1
1145197,Insulet Corporation,Health Care,2025-02-21,8,2025,2,2024,3087700000.0,418300000.0,2071600000.0,1876100000.0,0.13547300579719532,21.85069231413048,0.6076043657091038,1697100000.0,0.22067055565376226,1
1145197,Insulet Corporation,Health Care,2026-02-18,8,2026,2,2025,3190400000.0,247100000.0,2708100000.0,1675200000.0,0.07745110330992978,21.883412137731796,0.5250752256770311,2071600000.0,0.30725043444680433,1
1156039,Elevance Health,Health Care,2019-02-20,0,2019,2,2018,71571000000.0,3750000000.0,92105000000.0,43030000000.0,0.05239552332648698,24.99395580093408,0.601221164996996,,,0
1156039,Elevance Health,Health Care,2020-02-19,0,2020,2,2019,77453000000.0,4807000000.0,104213000000.0,45725000000.0,0.06206344492789175,25.072937137726647,0.5903580235755878,92105000000.0,0.1314586613104609,0
1156039,Elevance Health,Health Care,2021-02-18,2,2021,2,2020,86615000000.0,4572000000.0,121867000000.0,53416000000.0,0.052785314321999656,25.184738847677313,0.6167061132598279,104213000000.0,0.16940304952357188,1
1156039,Elevance Health,Health Care,2022-02-16,2,2022,2,2021,97460000000.0,6158000000.0,138639000000.0,61332000000.0,0.0631848963677406,25.30270787436177,0.6293043299815309,121867000000.0,0.1376254441317173,1
1156039,Elevance Health,Health Care,2023-02-15,1,2023,2,2022,102755000000.0,5894000000.0,156595000000.0,66425000000.0,0.0573597391854411,25.355613350939294,0.6464405625030412,138639000000.0,0.12951622559308706,1
1156039,Elevance Health,Health Care,2024-02-21,1,2024,2,2023,108928000000.0,5987000000.0,171340000000.0,69523000000.0,0.054962911280846065,25.413952950457265,0.6382472826086957,156595000000.0,0.09416009451131901,1
1156039,Elevance Health,Health Care,2025-02-20,5,2025,2,2024,116889000000.0,5980000000.0,177011000000.0,75463000000.0,0.05115964718664716,25.484490603477738,0.6455953939207282,171340000000.0,0.03309793393253191,1
1156039,Elevance Health,Health Care,2026-02-06,6,2026,2,2025,121494000000.0,5662000000.0,199125000000.0,77468000000.0,0.04660312443412844,25.5231307157916,0.63762819563106,177011000000.0,0.12493008909050851,1
1156375,CME Group,Financials,2019-02-28,0,2019,2,2018,77475700000.0,1962200000.0,4309400000.0,51510400000.0,0.025326650807930746,25.07323017575204,0.6648587879812639,,,0
1156375,CME Group,Financials,2020-02-28,2,2020,2,2019,75215300000.0,2116500000.0,4868000000.0,49056000000.0,0.028139221674313604,25.043620504654353,0.6522077290125812,4309400000.0,0.12962361349607843,1
1156375,CME Group,Financials,2021-02-26,2,2021,2,2020,124659600000.0,2106000000.0,4883600000.0,98308100000.0,0.016894005756476035,25.54885265959423,0.7886123491492031,4868000000.0,0.003204601479046776,1
1156375,CME Group,Financials,2022-02-25,0,2022,2,2021,196780300000.0,2637000000.0,4689700000.0,169381000000.0,0.013400731678933308,26.005353714928045,0.8607619766816089,4883600000.0,-0.03970431648783679,0
1156375,CME Group,Financials,2023-02-27,0,2023,2,2022,174175700000.0,2691000000.0,5019400000.0,147297000000.0,0.015449916377542906,25.88333039680098,0.8456805398227193,4689700000.0,0.07030300445657511,0
1156375,CME Group,Financials,2024-02-28,7,2024,2,2023,129706100000.0,3226000000.0,5578900000.0,102968200000.0,0.02487161359411778,25.58853695877427,0.7938578062249964,5019400000.0,0.11146750607642342,1
1156375,CME Group,Financials,2025-02-27,10,2025,2,2024,137447000000.0,3525800000.0,6130100000.0,110960100000.0,0.025652069524980538,25.646504225200886,0.8072937204886247,5578900000.0,0.09880083887504698,1
1156375,CME Group,Financials,2026-02-26,14,2026,2,2025,198424200000.0,4072200000.0,6520600000.0,169696000000.0,0.020522698340222613,26.01367300016519,0.8552182647076314,6130100000.0,0.06370206032528025,1
1163165,ConocoPhillips,Energy,2019-02-19,0,2019,2,2018,69980000000.0,6257000000.0,38727000000.0,37916000000.0,0.08941126036010288,24.971475323885954,0.541811946270363,,,0
1163165,ConocoPhillips,Energy,2020-02-18,2,2020,2,2019,70514000000.0,7189000000.0,36670000000.0,35464000000.0,0.10195138554046006,24.979077108610213,0.5029355872592677,38727000000.0,-0.0531153975262737,1
1163165,ConocoPhillips,Energy,2021-02-16,2,2021,2,2020,62618000000.0,-2701000000.0,18784000000.0,32769000000.0,-0.04313456194704398,24.860318613656883,0.5233159794308346,36670000000.0,-0.48775565857649306,1
1163165,ConocoPhillips,Energy,2022-02-17,0,2022,2,2021,90661000000.0,8079000000.0,45828000000.0,45255000000.0,0.08911218715875624,25.23039311262109,0.4991672273634749,18784000000.0,1.4397359454855194,0
1163165,ConocoPhillips,Energy,2023-02-16,0,2023,2,2022,93829000000.0,18680000000.0,78494000000.0,45826000000.0,0.19908557055920878,25.26473981361937,0.48839910901746797,45828000000.0,0.7127956707689622,0
1163165,ConocoPhillips,Energy,2024-02-15,1,2024,2,2023,95924000000.0,10957000000.0,56141000000.0,46645000000.0,0.11422584546098995,25.286822048214038,0.4862703807180685,78494000000.0,-0.28477335847325913,1
1163165,ConocoPhillips,Energy,2025-02-18,1,2025,2,2024,122780000000.0,9245000000.0,54745000000.0,57984000000.0,0.07529727968724548,25.533659972945763,0.47225932562306566,56141000000.0,-0.024865962487308768,1
1163165,ConocoPhillips,Energy,2026-02-17,1,2026,2,2025,121939000000.0,7988000000.0,58944000000.0,57452000000.0,0.06550816391802458,25.526786756637986,0.47115360959168107,54745000000.0,0.07670106859073877,1
1164727,Newmont,Materials,2019-02-21,0,2019,2,2018,20715000000.0,341000000.0,7253000000.0,9203000000.0,0.01646150132754043,23.754123912475777,0.4442674390538257,,,0
1164727,Newmont,Materials,2020-02-20,0,2020,2,2019,39974000000.0,2805000000.0,9740000000.0,17557000000.0,0.07017061089708311,24.41149507971876,0.43921048681643066,7253000000.0,0.3428925961671032,0
1164727,Newmont,Materials,2021-02-18,0,2021,2,2020,41369000000.0,2829000000.0,11497000000.0,17490000000.0,0.06838453914767097,24.445797645022193,0.4227803427687399,9740000000.0,0.18039014373716622,0
1164727,Newmont,Materials,2022-02-24,2,2022,2,2021,40564000000.0,1166000000.0,12222000000.0,18703000000.0,0.028744699733754066,24.42614681069616,0.46107385859382705,11497000000.0,0.06305992867704613,1
1164727,Newmont,Materials,2023-02-23,2,2023,2,2022,38482000000.0,-429000000.0,11915000000.0,18949000000.0,-0.011148069227171145,24.373456436445235,0.4924120367964243,12222000000.0,-0.025118638520700398,1
1164727,Newmont,Materials,2024-02-29,3,2024,2,2023,55506000000.0,-2494000000.0,11812000000.0,26301000000.0,-0.04493207941483804,24.73975695996365,0.47384066587395957,11915000000.0,-0.008644565673520788,1
1164727,Newmont,Materials,2025-02-21,2,2025,2,2024,56349000000.0,3348000000.0,18682000000.0,26240000000.0,0.05941542884523239,24.754830331045802,0.4656693109017019,11812000000.0,0.5816119200812733,1
1164727,Newmont,Materials,2026-02-19,2,2026,2,2025,57121000000.0,7085000000.0,22669000000.0,23079000000.0,0.12403494336583744,24.768437661827296,0.4040370441693948,18682000000.0,0.21341398137244405,1
1166691,Comcast,Communication Services,2019-01-31,12,2019,1,2018,251684000000.0,11731000000.0,94507000000.0,251684000000.0,0.046610034805549816,26.251440169327793,1.0,,,1
1166691,Comcast,Communication Services,2020-01-30,13,2020,1,2019,263414000000.0,13057000000.0,108942000000.0,263414000000.0,0.04956836007197795,26.29699277594411,1.0,94507000000.0,0.15274000867660598,1
1166691,Comcast,Communication Services,2021-02-04,7,2021,2,2020,273869000000.0,10534000000.0,103564000000.0,273869000000.0,0.0384636450273671,26.335915726817404,1.0,108942000000.0,-0.04936571753777241,1
1166691,Comcast,Communication Services,2022-02-02,4,2022,2,2021,275905000000.0,14159000000.0,116385000000.0,275905000000.0,0.0513183885757779,26.343322440513596,1.0,103564000000.0,0.12379784481093825,1
1166691,Comcast,Communication Services,2023-02-03,3,2023,2,2022,257275000000.0,5370000000.0,121427000000.0,257275000000.0,0.020872607132445826,26.273411388668563,1.0,116385000000.0,0.043321733900416826,1
1166691,Comcast,Communication Services,2024-01-31,4,2024,1,2023,264811000000.0,15388000000.0,121572000000.0,264811000000.0,0.058109368568526235,26.302282200931966,1.0,121427000000.0,0.0011941331005460576,1
1166691,Comcast,Communication Services,2025-01-31,4,2025,1,2024,266211000000.0,16192000000.0,123731000000.0,266211000000.0,0.0608239328953349,26.30755506436773,1.0,121572000000.0,0.01775902345934921,1
1166691,Comcast,Communication Services,2026-02-03,4,2026,2,2025,272631000000.0,19998000000.0,123707000000.0,272631000000.0,0.07335189321830606,26.331385069479122,1.0,123731000000.0,-0.00019396917506531164,1
1174922,Wynn Resorts,Consumer Discretionary,2019-02-28,0,2019,2,2018,13216269000.0,572430000.0,6717660000.0,11401480000.0,0.04331252640211848,23.304714407634112,0.8626852253082924,,,0
1174922,Wynn Resorts,Consumer Discretionary,2020-02-28,0,2020,2,2019,13871281000.0,122985000.0,,12329809000.0,0.008866160234227826,23.353086424614794,0.8888731329139681,6717660000.0,,0
1174922,Wynn Resorts,Consumer Discretionary,2021-02-26,0,2021,2,2020,13869547000.0,-2067245000.0,,14606864000.0,-0.14904920831228302,23.35296141032162,1.0531608566595578,,,0
1174922,Wynn Resorts,Consumer Discretionary,2022-02-28,0,2022,2,2021,12530826000.0,-755786000.0,,13367041000.0,-0.060314140504384946,23.251457525469352,1.0667326319908998,,,0
1174922,Wynn Resorts,Consumer Discretionary,2023-02-27,0,2023,2,2022,13415100000.0,-423856000.0,,15055465000.0,-0.03159544095832308,23.31964677513837,1.1222775081810796,,,0
1174922,Wynn Resorts,Consumer Discretionary,2024-02-23,0,2024,2,2023,13996223000.0,729994000.0,,15097157000.0,0.052156499649941276,23.36205334444867,1.078659364029853,,,0
1174922,Wynn Resorts,Consumer Discretionary,2025-02-13,0,2025,2,2024,12977963000.0,501078000.0,,13946566000.0,0.03860991127806421,23.286518602162744,1.0746344399348342,,,0
1174922,Wynn Resorts,Consumer Discretionary,2026-03-02,1,2026,3,2025,13108117000.0,327334000.0,,14139396000.0,0.02497185522527759,23.296497493589957,1.0786748394143872,,,1
1175454,Corpay,Financials,2019-03-01,1,2019,3,2018,11202477000.0,811483000.0,2433492000.0,11202477000.0,0.07243781888594818,23.13940075150932,1.0,,,1
1175454,Corpay,Financials,2020-03-02,5,2020,3,2019,12248541000.0,895073000.0,2648848000.0,12248541000.0,0.0730758871607647,23.228672664803117,1.0,2433492000.0,0.08849669528397874,1
1175454,Corpay,Financials,2021-02-26,14,2021,2,2020,11194579000.0,704216000.0,2388855000.0,11194579000.0,0.06290687662305121,23.138695480215862,1.0,2648848000.0,-0.09815323491570671,1
1175454,Corpay,Financials,2022-03-01,10,2022,3,2021,13404653000.0,839497000.0,2833736000.0,13404653000.0,0.06262728322769713,23.318867722435808,1.0,2388855000.0,0.18623189770831639,1
1175454,Corpay,Financials,2023-02-28,20,2023,2,2022,14089260000.0,954327000.0,3427129000.0,14089260000.0,0.06773435936308933,23.36867864196041,1.0,2833736000.0,0.20940306365871764,1
1175454,Corpay,Financials,2024-02-29,23,2024,2,2023,15476252000.0,981890000.0,3757719000.0,15476252000.0,0.06344494778193066,23.462572556929437,1.0,3427129000.0,0.09646266598076703,1
1175454,Corpay,Financials,2025-02-27,35,2025,2,2024,17957031000.0,1003746000.0,3974589000.0,17957031000.0,0.05589710236619851,23.611247574350955,1.0,3757719000.0,0.05771320314265127,1
1175454,Corpay,Financials,2026-02-27,36,2026,2,2025,26408135000.0,1069826000.0,4528403000.0,26408135000.0,0.040511228831570274,23.996937943571485,1.0,3974589000.0,0.13933868382366077,1
1176948,Ares Management,Financials,2019-02-26,1,2019,2,2018,10154692000.0,57020000.0,1218239000.0,8760351000.0,0.005615138302569886,23.041201701632044,0.8626899762198598,,,1
1176948,Ares Management,Financials,2020-02-28,4,2020,2,2019,12014196000.0,148884000.0,1433126000.0,10155598000.0,0.012392339861943321,23.209354787541287,0.8452998436183329,1218239000.0,0.1763914962499149,1
1176948,Ares Management,Financials,2021-02-25,2,2021,2,2020,15168992000.0,152142000.0,1753729000.0,12596852000.0,0.010029802903185657,23.442519181164418,0.8304343492303246,1433126000.0,0.22370887137627804,1
1176948,Ares Management,Financials,2022-02-28,2,2022,2,2021,21605164000.0,408837000.0,2288876000.0,16694730000.0,0.018923114862724487,23.79619819713695,0.7727194294845436,1753729000.0,0.3051480587935764,1
1176948,Ares Management,Financials,2023-02-24,2,2023,2,2022,22002839000.0,167541000.0,2880007000.0,17097810000.0,0.007614517381143406,23.814437327433623,0.7770729040920583,2288876000.0,0.2582625707989423,1
1176948,Ares Management,Financials,2024-02-27,7,2024,2,2023,24730500000.0,474326000.0,3236285000.0,19709151000.0,0.019179798224864035,23.931303136633616,0.7969572390368169,2880007000.0,0.12370733821133073,1
1176948,Ares Management,Financials,2025-02-27,18,2025,2,2024,24884308000.0,463742000.0,3690668000.0,17485922000.0,0.01863592107926007,23.937503240953866,0.7026886984359783,3236285000.0,0.14040265304199107,1
1176948,Ares Management,Financials,2026-02-25,27,2026,2,2025,28633369000.0,527362000.0,4755618000.0,19931981000.0,0.01841774190106655,24.077838622902192,0.6961102271968066,3690668000.0,0.2885520995115247,1
1260221,TransDigm Group,Industrials,2019-11-19,0,2019,11,2019,16255000000.0,890000000.0,5223000000.0,19139000000.0,0.0547523838818825,23.51166639070228,1.1774223315902799,,,0
1260221,TransDigm Group,Industrials,2020-11-12,0,2020,11,2020,18395000000.0,699000000.0,5103000000.0,22363000000.0,0.03799945637401468,23.635344725503145,1.2157107909758087,5223000000.0,-0.022975301550832827,0
1260221,TransDigm Group,Industrials,2021-11-16,0,2021,11,2021,19315000000.0,680000000.0,4798000000.0,22225000000.0,0.0352057986021227,23.684147833064657,1.1506601087237898,5103000000.0,-0.05976876347246718,0
1260221,TransDigm Group,Industrials,2022-11-10,0,2022,11,2022,18107000000.0,866000000.0,5429000000.0,21873000000.0,0.04782680731208925,23.619564440784917,1.207985861821395,4798000000.0,0.13151313047102953,0
1260221,TransDigm Group,Industrials,2023-11-09,0,2023,11,2023,19970000000.0,1298000000.0,6585000000.0,21948000000.0,0.06499749624436656,23.717496984374133,1.099048572859289,5429000000.0,0.2129305581138332,0
1260221,TransDigm Group,Industrials,2024-11-07,3,2024,11,2024,25586000000.0,1714000000.0,7940000000.0,31869000000.0,0.06698976002501368,23.965311163841253,1.2455639803017275,6585000000.0,0.20577069096431289,1
1260221,TransDigm Group,Industrials,2025-11-12,2,2025,11,2025,22909000000.0,2074000000.0,8831000000.0,32588000000.0,0.09053210528613209,23.854795683397622,1.4224977083242394,7940000000.0,0.1122166246851386,1
1262039,Fortinet,Information Technology,2019-02-27,1,2019,2,2018,3078000000.0,334900000.0,1804600000.0,2067800000.0,0.10880441845354126,21.847545872363096,0.671799870045484,,,1
1262039,Fortinet,Information Technology,2020-02-26,11,2020,2,2019,3879200000.0,331700000.0,2163000000.0,2536800000.0,0.08550732109713342,22.078894783755416,0.6539492678902866,1804600000.0,0.19860356865787443,1
1262039,Fortinet,Information Technology,2021-02-19,7,2021,2,2020,4044500000.0,488500000.0,2594400000.0,3188500000.0,0.12078130794906664,22.12062377042228,0.7883545555692917,2163000000.0,0.19944521497919565,1
1262039,Fortinet,Information Technology,2022-02-25,12,2022,2,2021,5919100000.0,606800000.0,3342200000.0,5120700000.0,0.10251558513963271,22.501450247258017,0.8651146289131794,2594400000.0,0.28823620104841186,1
1262039,Fortinet,Information Technology,2023-02-24,10,2023,2,2022,6228000000.0,857300000.0,4417400000.0,6509600000.0,0.13765253692999357,22.552321090918163,1.0452151573538857,3342200000.0,0.32170426665070906,1
1262039,Fortinet,Information Technology,2024-02-26,10,2024,2,2023,7258900000.0,1147800000.0,5304800000.0,7722300000.0,0.15812313160396202,22.70549413915202,1.0638388736585433,4417400000.0,0.200887399827953,1
1262039,Fortinet,Information Technology,2025-02-21,14,2025,2,2024,9763100000.0,1745200000.0,5955800000.0,8269300000.0,0.1787546988149256,23.00187580989074,0.846995319109709,5304800000.0,0.12271904690091984,1
1262039,Fortinet,Information Technology,2026-02-25,8,2026,2,2025,10389200000.0,1853400000.0,6799600000.0,9151700000.0,0.1783967966734686,23.06403264198051,0.8808859199938398,5955800000.0,0.14167702071929877,1
1267238,Assurant,Financials,2019-02-22,0,2019,2,2018,41089300000.0,251000000.0,8057600000.0,35955400000.0,0.006108646289910025,24.43901358392149,0.8750550629969359,,,0
1267238,Assurant,Financials,2020-02-19,0,2020,2,2019,44291200000.0,382600000.0,9569100000.0,38609100000.0,0.008638284806011127,24.514051848666657,0.8717104074850083,8057600000.0,0.18758687450357425,0
1267238,Assurant,Financials,2021-02-19,0,2021,2,2020,44649900000.0,440800000.0,9597600000.0,38695100000.0,0.009872362536086306,24.522117904624753,0.8666335198959012,9569100000.0,0.002978336520675917,0
1267238,Assurant,Financials,2022-02-22,0,2022,2,2021,33920600000.0,1361800000.0,10187600000.0,28456500000.0,0.040146695518357575,24.247288336392916,0.838914995607389,9597600000.0,0.06147370175877298,0
1267238,Assurant,Financials,2023-02-17,1,2023,2,2022,33117300000.0,276600000.0,10193000000.0,28888600000.0,0.008352130155538042,24.223321641401263,0.8723114505107602,10187600000.0,0.0005300561466881071,1
1267238,Assurant,Financials,2024-02-15,8,2024,2,2023,33635200000.0,642500000.0,11131600000.0,28825700000.0,0.01910201217771858,24.23883897459331,0.8570099181809533,10193000000.0,0.09208280192288831,1
1267238,Assurant,Financials,2025-02-20,16,2025,2,2024,35020600000.0,760200000.0,11877500000.0,29913900000.0,0.02170722374830814,24.279202296724165,0.8541801111345894,11131600000.0,0.06700743828380462,1
1267238,Assurant,Financials,2026-02-19,7,2026,2,2025,36289600000.0,872700000.0,12814300000.0,30418000000.0,0.024048212159957675,24.314797035790445,0.8382015784136502,11877500000.0,0.07887181645969266,1
1274494,First Solar,Information Technology,2019-02-22,0,2019,2,2018,7121362000.0,144326000.0,2244044000.0,1908959000.0,0.02026662877129403,22.68636483621112,0.2680609411514258,,,0
1274494,First Solar,Information Technology,2020-02-21,0,2020,2,2019,7515689000.0,-114933000.0,3063117000.0,2418922000.0,-0.015292410316605703,22.74025853924876,0.3218496667437942,2244044000.0,0.3649986363903739,0
1274494,First Solar,Information Technology,2021-02-26,0,2021,2,2020,7108931000.0,398355000.0,2711332000.0,1588003000.0,0.05603585124120631,22.684617717840183,0.22338140572752782,3063117000.0,-0.11484543358937971,0
1274494,First Solar,Information Technology,2022-03-01,0,2022,3,2021,7413746000.0,468693000.0,2923377000.0,1454195000.0,0.06321945747804146,22.726601681579044,0.1961484787852187,2711332000.0,0.07820694772901282,0
1274494,First Solar,Information Technology,2023-02-28,0,2023,2,2022,8251228000.0,-44166000.0,2619319000.0,2415173000.0,-0.005352657810449548,22.833627874701012,0.2927046737770426,2923377000.0,-0.10400916474337729,0
1274494,First Solar,Information Technology,2024-02-27,1,2024,2,2023,10365132000.0,830777000.0,3318602000.0,3677663000.0,0.08015112590944332,23.061713317919487,0.3548110144665789,2619319000.0,0.2669713005556025,1
1274494,First Solar,Information Technology,2025-02-25,2,2025,2,2024,12124361000.0,1292044000.0,4206289000.0,4146784000.0,0.10656594603212491,23.218482571350282,0.34202082897399705,3318602000.0,0.2674882375168821,1
1274494,First Solar,Information Technology,2026-02-24,2,2026,2,2025,13321310000.0,1528229000.0,5219376000.0,3783317000.0,0.11472062432298324,23.31263084557112,0.2840048763972913,4206289000.0,0.24085054545705242,1
1280452,Monolithic Power Systems,Information Technology,2019-03-01,0,2019,3,2018,793432000.0,105268000.0,582382000.0,153339000.0,0.1326742556387945,20.491878397976308,0.19326041803204308,,,0
1280452,Monolithic Power Systems,Information Technology,2020-02-28,0,2020,2,2019,956375000.0,108839000.0,627921000.0,182884000.0,0.11380368579270683,20.678660653516292,0.19122624493530258,582382000.0,0.07819438100765486,0
1280452,Monolithic Power Systems,Information Technology,2021-03-01,0,2021,3,2020,1208491000.0,164375000.0,844452000.0,241904000.0,0.13601673491982977,20.912638310831426,0.2001702950208152,627921000.0,0.34483796528544186,0
1280452,Monolithic Power Systems,Information Technology,2022-02-25,0,2022,2,2021,1585825000.0,242023000.0,1207798000.0,341840000.0,0.1526164614632762,21.184370613591916,0.2155597244336544,844452000.0,0.4302743080719804,0
1280452,Monolithic Power Systems,Information Technology,2023-02-24,1,2023,2,2022,2058885000.0,437672000.0,1794148000.0,390283000.0,0.2125771959094364,21.44543041107675,0.18956036884041605,1207798000.0,0.4854702524759935,1
1280452,Monolithic Power Systems,Information Technology,2024-02-29,1,2024,2,2023,2434353000.0,427374000.0,1821072000.0,384414000.0,0.1755595840044562,21.61294684975534,0.157912184469549,1794148000.0,0.015006565790559145,1
1280452,Monolithic Power Systems,Information Technology,2025-03-03,1,2025,3,2024,3515822000.0,1592058000.0,2207100000.0,564697000.0,0.4528266789388086,21.98053918977678,0.1606159242418985,1821072000.0,0.2119784390732491,1
1280452,Monolithic Power Systems,Information Technology,2026-02-27,2,2026,2,2025,4194199000.0,621483000.0,2790459000.0,662702000.0,0.1481768032465794,22.156968217036773,0.15800442468275827,2207100000.0,0.2643101807802093,1
1281761,Regions Financial Corporation,Financials,2019-02-22,0,2019,2,2018,125688000000.0,1759000000.0,,110598000000.0,0.013994971675895869,25.55706848259171,0.8799408058048501,,,0
1281761,Regions Financial Corporation,Financials,2020-02-21,0,2020,2,2019,126240000000.0,1582000000.0,,109945000000.0,0.012531685678073511,25.561450694043977,0.8709204689480355,,,0
1281761,Regions Financial Corporation,Financials,2021-02-24,1,2021,2,2020,147389000000.0,1094000000.0,,129278000000.0,0.007422534924587316,25.716341187051253,0.87712108773382,,,1
1281761,Regions Financial Corporation,Financials,2022-02-24,3,2022,2,2021,162938000000.0,2521000000.0,,144612000000.0,0.015472142778234665,25.81663559729672,0.8875277712995127,,,1
1281761,Regions Financial Corporation,Financials,2023-02-24,2,2023,2,2022,155220000000.0,2245000000.0,,139269000000.0,0.01446334235278959,25.7681093023724,0.8972361809045226,,,1
1281761,Regions Financial Corporation,Financials,2024-02-23,3,2024,2,2023,152194000000.0,2074000000.0,,134701000000.0,0.013627344047728557,25.748421859783534,0.8850611719253059,,,1
1281761,Regions Financial Corporation,Financials,2025-02-21,2,2025,2,2024,157302000000.0,1893000000.0,,139392000000.0,0.012034176297822025,25.78143336148798,0.8861425792424763,,,1
1281761,Regions Financial Corporation,Financials,2026-02-24,2,2026,2,2025,158814000000.0,2156000000.0,,139711000000.0,0.013575629352575969,25.790999543082542,0.8797146347299356,,,1
1283699,T-Mobile US,Communication Services,2019-02-07,0,2019,2,2018,72468000000.0,2888000000.0,43310000000.0,72468000000.0,0.03985207263895788,25.006410922060176,1.0,,,0
1283699,T-Mobile US,Communication Services,2020-02-06,0,2020,2,2019,86921000000.0,3468000000.0,44998000000.0,86921000000.0,0.03989829845491884,25.18826549710049,1.0,43310000000.0,0.038974832602170384,0
1283699,T-Mobile US,Communication Services,2021-02-23,0,2021,2,2020,200162000000.0,3064000000.0,68397000000.0,200162000000.0,0.015307600843316914,26.022392875621488,1.0,44998000000.0,0.5200008889283969,0
1283699,T-Mobile US,Communication Services,2022-02-11,0,2022,2,2021,206563000000.0,3024000000.0,80118000000.0,206563000000.0,0.014639601477515335,26.053871287564373,1.0,68397000000.0,0.17136716522654494,0
1283699,T-Mobile US,Communication Services,2023-02-14,0,2023,2,2022,211338000000.0,2590000000.0,79571000000.0,211338000000.0,0.01225524988407196,26.076724584490652,1.0,80118000000.0,-0.006827429541426344,0
1283699,T-Mobile US,Communication Services,2024-02-02,4,2024,2,2023,207682000000.0,8317000000.0,78558000000.0,207682000000.0,0.040046802322781946,26.059273900616077,1.0,79571000000.0,-0.012730768747407972,1
1283699,T-Mobile US,Communication Services,2025-01-31,4,2025,1,2024,208035000000.0,11339000000.0,81400000000.0,208035000000.0,0.05450525152017689,26.06097217172282,1.0,78558000000.0,0.036177092084829,1
1283699,T-Mobile US,Communication Services,2026-02-11,4,2026,2,2025,219237000000.0,10992000000.0,88309000000.0,219237000000.0,0.0501375224072579,26.11341917339633,1.0,81400000000.0,0.0848771498771499,1
1285785,Mosaic Company (The),Materials,2019-03-13,0,2019,3,2018,20119200000.0,470000000.0,9587300000.0,20119200000.0,0.02336076981192095,23.72494041995603,1.0,,,0
1285785,Mosaic Company (The),Materials,2020-02-20,0,2020,2,2019,19298500000.0,-1067400000.0,8906300000.0,19298500000.0,-0.05530999818638754,23.68329320962963,1.0,9587300000.0,-0.07103146871381938,0
1285785,Mosaic Company (The),Materials,2021-02-22,0,2021,2,2020,19789800000.0,666100000.0,8681700000.0,19789800000.0,0.033658753499277404,23.70843249039562,1.0,8906300000.0,-0.025218104038714162,0
1285785,Mosaic Company (The),Materials,2022-02-23,0,2022,2,2021,22036400000.0,1630600000.0,12357400000.0,22036400000.0,0.07399575248225664,23.815961468506853,1.0,8681700000.0,0.4233848209452067,0
1285785,Mosaic Company (The),Materials,2023-02-23,0,2023,2,2022,23386000000.0,3582800000.0,19125200000.0,23386000000.0,0.15320277088856582,23.875403389664537,1.0,12357400000.0,0.5476718403547671,0
1285785,Mosaic Company (The),Materials,2024-02-22,0,2024,2,2023,23032800000.0,1164900000.0,13696100000.0,23032800000.0,0.05057570073981452,23.860185123935803,1.0,19125200000.0,-0.2838715412126409,0
1285785,Mosaic Company (The),Materials,2025-03-03,0,2025,3,2024,22924000000.0,174900000.0,11122800000.0,22924000000.0,0.007629558541266794,23.855450233635903,1.0,13696100000.0,-0.18788560247077635,0
1285785,Mosaic Company (The),Materials,2026-02-27,0,2026,2,2025,24480100000.0,540700000.0,12052400000.0,24480100000.0,0.022087328074640217,23.921126379549513,1.0,11122800000.0,0.08357607796597977,0
1286681,Domino's,Consumer Discretionary,2019-02-21,0,2019,2,2018,907385000.0,361972000.0,3432867000.0,3947306000.0,0.3989177691938923,20.626077394310315,4.350199749830557,,,0
1286681,Domino's,Consumer Discretionary,2020-02-20,0,2020,2,2019,1382092000.0,400709000.0,3618774000.0,4797851000.0,0.2899293245312179,21.04686413026433,3.4714411196939134,3432867000.0,0.05415502552239859,0
1286681,Domino's,Consumer Discretionary,2021-02-25,0,2021,2,2020,,,,,,,,3618774000.0,,0
1286681,Domino's,Consumer Discretionary,2022-03-01,0,2022,3,2021,1567168000.0,491296000.0,4117411000.0,4867573000.0,0.3134928737697554,21.172536005805235,3.1059675797361868,,,0
1286681,Domino's,Consumer Discretionary,2023-02-23,0,2023,2,2022,1671816000.0,510467000.0,4357373000.0,5881352000.0,0.30533683132593537,21.237176297706323,3.5179421658842838,4117411000.0,0.05827982681350008,0
1286681,Domino's,Consumer Discretionary,2024-02-26,2,2024,2,2023,1674899000.0,519118000.0,4479358000.0,5745266000.0,0.3099398829421953,21.23901870189795,3.430216389167347,4357373000.0,0.027995078686171793,1
1286681,Domino's,Consumer Discretionary,2025-02-24,1,2025,2,2024,1737013000.0,584170000.0,4706416000.0,5699304000.0,0.33630721243882455,21.275432808345478,3.281094614720788,4479358000.0,0.05068985332273068,1
1286681,Domino's,Consumer Discretionary,2026-02-23,4,2026,2,2025,1716459000.0,601704000.0,4939994000.0,5617601000.0,0.3505495907563187,21.263529284762594,3.27278484368109,4706416000.0,0.04962969699236108,1
1289490,Extra Space Storage,Real Estate,2019-02-26,0,2019,2,2018,7847978000.0,415289000.0,1196604000.0,5062556000.0,0.05291668758500597,22.783521755943564,0.645077751237325,,,0
1289490,Extra Space Storage,Real Estate,2020-02-25,0,2020,2,2019,8532377000.0,419967000.0,1308454000.0,5610683000.0,0.049220398957992594,22.86713382317097,0.6575756087664668,1196604000.0,0.09347286153146728,0
1289490,Extra Space Storage,Real Estate,2021-02-26,0,2021,2,2020,9395848000.0,481779000.0,1356212000.0,6459724000.0,0.05127573370705869,22.96353372651559,0.6875083547541425,1308454000.0,0.03649956360712725,0
1289490,Extra Space Storage,Real Estate,2022-02-28,0,2022,2,2021,10474477000.0,827649000.0,1577362000.0,6688501000.0,0.07901578284051795,23.072207373107194,0.6385522637550305,1356212000.0,0.16306447664524426,0
1289490,Extra Space Storage,Real Estate,2023-02-28,0,2023,2,2022,12167458000.0,860688000.0,1924170000.0,8089184000.0,0.07073687864794767,23.22203084784756,0.6648211976568976,1577362000.0,0.2198658266143092,0
1289490,Extra Space Storage,Real Estate,2024-02-29,0,2024,2,2023,27456262000.0,803198000.0,2560244000.0,12042313000.0,0.029253727255370742,24.035860102747225,0.43859987204376183,1924170000.0,0.3305705836802362,0
1289490,Extra Space Storage,Real Estate,2025-02-28,0,2025,2,2024,28847926000.0,854681000.0,3256902000.0,13988564000.0,0.029627121201018056,24.08530393823492,0.48490709522757375,2560244000.0,0.272106096137712,0
1289490,Extra Space Storage,Real Estate,2026-02-20,5,2026,2,2025,29264046000.0,973999000.0,3377542000.0,14940010000.0,0.033283128382179276,24.099625500490898,0.5105244162068362,3256902000.0,0.03704133560051859,1
1297996,Digital Realty,Real Estate,2019-02-25,1,2019,2,2018,23766695000.0,331246000.0,3046478000.0,12892653000.0,0.013937402739421699,23.891551067843704,0.5424672214626393,,,1
1297996,Digital Realty,Real Estate,2020-03-02,3,2020,3,2019,23068131000.0,579761000.0,3209241000.0,12418566000.0,0.025132551917621763,23.861717891545947,0.5383429632855822,3046478000.0,0.05342661263268611,1
1297996,Digital Realty,Real Estate,2021-03-01,3,2021,3,2020,36076291000.0,356398000.0,3903609000.0,17587944000.0,0.009879008903659193,24.308901727521807,0.4875208485262523,3209241000.0,0.21636517793459564,1
1297996,Digital Realty,Real Estate,2022-02-25,3,2022,2,2021,36369560000.0,1709259000.0,4427882000.0,17845778000.0,0.04699696669412553,24.316997997989258,0.4906789633968627,3903609000.0,0.13430469086427466,1
1297996,Digital Realty,Real Estate,2023-02-27,3,2023,2,2022,41484998000.0,377684000.0,4691834000.0,21862854000.0,0.00910411035815887,24.448597704852464,0.5270062686275169,4427882000.0,0.05961134465642948,1
1297996,Digital Realty,Real Estate,2024-02-23,7,2024,2,2023,44113258000.0,948838000.0,5477061000.0,23116937000.0,0.021509134510083114,24.510026209138225,0.5240360392333752,4691834000.0,0.16736035418132866,1
1297996,Digital Realty,Real Estate,2025-02-25,13,2025,2,2024,45283616000.0,602490000.0,5554968000.0,22107836000.0,0.013304812053878384,24.53621112631005,0.4882082738268958,5477061000.0,0.014224234493645405,1
1297996,Digital Realty,Real Estate,2026-02-13,13,2026,2,2025,49410468000.0,1308589000.0,6112692000.0,24564494000.0,0.026484043826502515,24.623428141526063,0.4971516157264489,5554968000.0,0.1004009384032456,1
1300514,Las Vegas Sands,Consumer Discretionary,2019-02-22,0,2019,2,2018,22547000000.0,2413000000.0,13729000000.0,15802000000.0,0.10702088969707722,23.838867856350788,0.7008471193506897,,,0
1300514,Las Vegas Sands,Consumer Discretionary,2020-02-07,0,2020,2,2019,23199000000.0,2698000000.0,12127000000.0,16692000000.0,0.1162981162981163,23.86737501124142,0.7195137721453511,13729000000.0,-0.11668730424648555,0
1300514,Las Vegas Sands,Consumer Discretionary,2021-02-05,0,2021,2,2020,20807000000.0,-1685000000.0,2940000000.0,17269000000.0,-0.08098236170519536,23.758555305498856,0.8299610707934829,12127000000.0,-0.7575657623484786,0
1300514,Las Vegas Sands,Consumer Discretionary,2022-02-04,0,2022,2,2021,20059000000.0,-961000000.0,4234000000.0,17811000000.0,-0.04790866942519567,23.72194376778897,0.8879306047160875,2940000000.0,0.44013605442176873,0
1300514,Las Vegas Sands,Consumer Discretionary,2023-02-03,0,2023,2,2022,22039000000.0,1832000000.0,4110000000.0,18383000000.0,0.08312536866463996,23.816079448150965,0.8341122555469849,4234000000.0,-0.029286726499763827,0
1300514,Las Vegas Sands,Consumer Discretionary,2024-02-07,0,2024,2,2023,21778000000.0,1221000000.0,10372000000.0,17674000000.0,0.05606575443107723,23.80416612287028,0.8115529433373129,4110000000.0,1.5236009732360096,0
1300514,Las Vegas Sands,Consumer Discretionary,2025-02-07,1,2025,2,2024,20666000000.0,1446000000.0,11298000000.0,17506000000.0,0.06996999903222685,23.751755674738575,0.847091841672312,10372000000.0,0.08927882761280381,1
1300514,Las Vegas Sands,Consumer Discretionary,2026-02-06,1,2026,2,2025,21920000000.0,1627000000.0,13017000000.0,19986000000.0,0.07422445255474452,23.810665299026226,0.9117700729927007,11298000000.0,0.15215082315454054,1
1316835,Builders FirstSource,Industrials,2019-03-01,0,2019,3,2018,2932309000.0,205191000.0,7724771000.0,2335971000.0,0.06997591317968195,21.799056004230902,0.796631937493627,,,0
1316835,Builders FirstSource,Industrials,2020-02-21,0,2020,2,2019,3249490000.0,221809000.0,7280431000.0,2424537000.0,0.0682596345888124,21.90176389789742,0.7461284693905813,7724771000.0,-0.05752144626682132,0
1316835,Builders FirstSource,Industrials,2021-02-26,0,2021,2,2020,4173671000.0,313537000.0,8558874000.0,3020888000.0,0.07512259591136915,22.152061821220304,0.7237963893177014,7280431000.0,0.17559990610445997,0
1316835,Builders FirstSource,Industrials,2022-03-01,0,2022,3,2021,10714343000.0,1725416000.0,19893856000.0,5911862000.0,0.16103796565034365,23.094849148079785,0.5517708365319274,8558874000.0,1.3243543484808864,0
1316835,Builders FirstSource,Industrials,2023-02-28,0,2023,2,2022,10595160000.0,2749369000.0,22726418000.0,5632594000.0,0.2594929194084846,23.0836631300156,0.5316195319372242,19893856000.0,0.14238375908622247,0
1316835,Builders FirstSource,Industrials,2024-02-22,1,2024,2,2023,10499452000.0,1540555000.0,17097330000.0,5767101000.0,0.1467271815710001,23.074588902271728,0.5492763812816136,22726418000.0,-0.24768918709494825,1
1316835,Builders FirstSource,Industrials,2025-02-20,3,2025,2,2024,10583086000.0,1077898000.0,16400492000.0,6286616000.0,0.10185101018738768,23.082522903265176,0.5940248430372767,17097330000.0,-0.04075712406557053,1
1316835,Builders FirstSource,Industrials,2026-02-17,13,2026,2,2025,11237530000.0,435199000.0,15190638000.0,6885279000.0,0.038727282596798404,23.14252490637351,0.6127039482875686,16400492000.0,-0.07376937228468516,1
1318605,"Tesla, Inc.",Consumer Discretionary,2019-02-19,5,2019,2,2018,29740000000.0,-976000000.0,21461000000.0,23427000000.0,-0.032817753866845996,24.115758777978417,0.7877269670477471,,,1
1318605,"Tesla, Inc.",Consumer Discretionary,2020-02-13,6,2020,2,2019,34309000000.0,-862000000.0,24578000000.0,26199000000.0,-0.025124602873881487,24.25867354737045,0.7636188755137137,21461000000.0,0.14524020315921904,1
1318605,"Tesla, Inc.",Consumer Discretionary,2021-02-08,4,2021,2,2020,52148000000.0,721000000.0,31536000000.0,28418000000.0,0.013826033596686355,24.677351666746944,0.5449489913323617,24578000000.0,0.28309870615998056,1
1318605,"Tesla, Inc.",Consumer Discretionary,2022-02-07,7,2022,2,2021,62131000000.0,5519000000.0,53823000000.0,30548000000.0,0.08882844312822906,24.852510896176568,0.49167082454813216,31536000000.0,0.7067161339421613,1
1318605,"Tesla, Inc.",Consumer Discretionary,2023-01-31,8,2023,1,2022,82338000000.0,12556000000.0,81462000000.0,36440000000.0,0.1524933809419709,25.13409856346196,0.4425660084043819,53823000000.0,0.5135165263920629,1
1318605,"Tesla, Inc.",Consumer Discretionary,2024-01-29,9,2024,1,2023,106618000000.0,14997000000.0,96773000000.0,43009000000.0,0.1406610516047947,25.392518189958373,0.4033934232493575,81462000000.0,0.18795266504627928,1
1318605,"Tesla, Inc.",Consumer Discretionary,2025-01-30,12,2025,1,2024,122070000000.0,7091000000.0,97690000000.0,48390000000.0,0.05808962070942902,25.527860487628118,0.3964118948144507,96773000000.0,0.009475783534663496,1
1318605,"Tesla, Inc.",Consumer Discretionary,2026-01-29,12,2026,1,2025,137806000000.0,3794000000.0,94827000000.0,54941000000.0,0.02753145726601164,25.64911273594237,0.39868365673483014,97690000000.0,-0.02930699150373628,1
1321655,Palantir Technologies,Information Technology,2021-02-26,8,2021,2,2020,2690504000.0,-1166391000.0,1092673000.0,1167954000.0,-0.43352137740735563,21.71299437360515,0.4341023094557748,,,1
1321655,Palantir Technologies,Information Technology,2022-02-24,6,2022,2,2021,3247450000.0,-520379000.0,1541889000.0,956420000.0,-0.1602423439929791,21.90113590993169,0.2945141572618516,1092673000.0,0.41111659206368234,1
1321655,Palantir Technologies,Information Technology,2023-02-21,5,2023,2,2022,3461239000.0,-373705000.0,1905871000.0,818802000.0,-0.10796856270254669,21.96489245440178,0.23656326535093358,1541889000.0,0.23606238840798532,1
1321655,Palantir Technologies,Information Technology,2024-02-20,10,2024,2,2023,4522425000.0,209825000.0,2225012000.0,961460000.0,0.04639656821285041,22.232314191348287,0.21259832943608795,1905871000.0,0.1674515221649313,1
1321655,Palantir Technologies,Information Technology,2025-02-18,11,2025,2,2024,6340884000.0,462190000.0,2865507000.0,1246477000.0,0.0728904676382662,22.57028402785244,0.1965777957773711,2225012000.0,0.2878613688375613,1
1321655,Palantir Technologies,Information Technology,2026-02-17,11,2026,2,2025,8900392000.0,1625033000.0,4475446000.0,1412381000.0,0.18257993580507464,22.909361157658374,0.1586875049997798,2865507000.0,0.5618339093221549,1
1324404,CF Industries,Materials,2019-02-22,0,2019,2,2018,12661000000.0,,4429000000.0,12661000000.0,,23.261792239484528,1.0,,,0
1324404,CF Industries,Materials,2020-02-24,0,2020,2,2019,12172000000.0,,4590000000.0,12172000000.0,,23.222404068981135,1.0,4429000000.0,0.036351320839918655,0
1324404,CF Industries,Materials,2021-02-24,0,2021,2,2020,12023000000.0,,4124000000.0,12023000000.0,,23.21008731893918,1.0,4590000000.0,-0.10152505446623095,0
1324404,CF Industries,Materials,2022-02-24,0,2022,2,2021,12375000000.0,,6538000000.0,12375000000.0,,23.238944145401167,1.0,4124000000.0,0.5853540252182348,0
1324404,CF Industries,Materials,2023-02-23,0,2023,2,2022,13313000000.0,,11186000000.0,13313000000.0,,23.312006838396194,1.0,6538000000.0,0.7109207708779444,0
1324404,CF Industries,Materials,2024-02-22,0,2024,2,2023,14376000000.0,,6631000000.0,14376000000.0,,23.38882598642767,1.0,11186000000.0,-0.4072054353656356,0
1324404,CF Industries,Materials,2025-02-20,0,2025,2,2024,13466000000.0,,5936000000.0,13466000000.0,,23.3234338270695,1.0,6631000000.0,-0.10481073744533254,0
1324404,CF Industries,Materials,2026-02-25,0,2026,2,2025,14088000000.0,,7084000000.0,14088000000.0,,23.368589208140314,1.0,5936000000.0,0.19339622641509435,0
1324424,Expedia Group,Consumer Discretionary,2019-02-08,2,2019,2,2018,18033000000.0,406000000.0,11223000000.0,18033000000.0,0.022514279376698275,23.61546924967155,1.0,,,1
1324424,Expedia Group,Consumer Discretionary,2020-02-14,3,2020,2,2019,21416000000.0,565000000.0,12067000000.0,21416000000.0,0.026382144191258873,23.787404143164462,1.0,11223000000.0,0.07520270872315771,1
1324424,Expedia Group,Consumer Discretionary,2021-02-12,2,2021,2,2020,18690000000.0,-2612000000.0,5199000000.0,18690000000.0,-0.13975387907972178,23.651254458413884,1.0,12067000000.0,-0.5691555481892765,1
1324424,Expedia Group,Consumer Discretionary,2022-02-11,2,2022,2,2021,21548000000.0,12000000.0,8598000000.0,21548000000.0,0.0005568962316688324,23.793548841764697,1.0,5199000000.0,0.6537795729948066,1
1324424,Expedia Group,Consumer Discretionary,2023-02-10,2,2023,2,2022,21561000000.0,352000000.0,11667000000.0,21561000000.0,0.016325773387134177,23.794151964100823,1.0,8598000000.0,0.35694347522679704,1
1324424,Expedia Group,Consumer Discretionary,2024-02-09,3,2024,2,2023,21642000000.0,797000000.0,12839000000.0,21642000000.0,0.036826540985121524,23.797901708095868,1.0,11667000000.0,0.1004542727350648,1
1324424,Expedia Group,Consumer Discretionary,2025-02-07,4,2025,2,2024,22388000000.0,1234000000.0,13691000000.0,22388000000.0,0.05511881365016973,23.831790937975526,1.0,12839000000.0,0.06636030843523644,1
1324424,Expedia Group,Consumer Discretionary,2026-02-13,7,2026,2,2025,24452000000.0,1294000000.0,14733000000.0,24452000000.0,0.05292000654343203,23.91997784911289,1.0,13691000000.0,0.07610839237455269,1
1326160,Duke Energy,Utilities,2019-02-28,0,2019,2,2018,145392000000.0,2666000000.0,,145392000000.0,0.018336634752943767,25.702699379899403,1.0,,,0
1326160,Duke Energy,Utilities,2020-02-20,0,2020,2,2019,158838000000.0,3748000000.0,,158838000000.0,0.02359636862715471,25.79115065184336,1.0,,,0
1326160,Duke Energy,Utilities,2021-02-25,0,2021,2,2020,162388000000.0,1377000000.0,,162388000000.0,0.008479690617533316,25.81325437031825,1.0,,,0
1326160,Duke Energy,Utilities,2022-02-24,0,2022,2,2021,169587000000.0,3908000000.0,,169587000000.0,0.023044219191329523,25.856631906422983,1.0,,,0
1326160,Duke Energy,Utilities,2023-02-27,2,2023,2,2022,178086000000.0,2550000000.0,,178086000000.0,0.014318924564536236,25.905532416628432,1.0,,,1
1326160,Duke Energy,Utilities,2024-02-23,2,2024,2,2023,176893000000.0,2841000000.0,,176893000000.0,0.016060556381541385,25.898810866950477,1.0,,,1
1326160,Duke Energy,Utilities,2025-02-27,4,2025,2,2024,186343000000.0,4524000000.0,,186343000000.0,0.024277810274601137,25.950854898441968,1.0,,,1
1326160,Duke Energy,Utilities,2026-02-26,3,2026,2,2025,195736000000.0,4968000000.0,,195736000000.0,0.0253811255977439,26.000032649464003,1.0,,,1
1326801,Meta Platforms,Communication Services,2019-01-31,2,2019,1,2018,97334000000.0,22112000000.0,55838000000.0,13207000000.0,0.2271765261881768,25.301414199838195,0.1356874267984466,,,1
1326801,Meta Platforms,Communication Services,2020-01-30,9,2020,1,2019,133376000000.0,18485000000.0,70697000000.0,32322000000.0,0.13859315019193857,25.616438044197203,0.2423374520153551,55838000000.0,0.26610910132884413,1
1326801,Meta Platforms,Communication Services,2021-01-28,11,2021,1,2020,159316000000.0,29146000000.0,85965000000.0,31026000000.0,0.18294458811418815,25.794155488241188,0.19474503502473073,70697000000.0,0.21596390228722573,1
1326801,Meta Platforms,Communication Services,2022-02-03,14,2022,2,2021,165987000000.0,39370000000.0,117929000000.0,41108000000.0,0.23718724960388465,25.8351753089833,0.24765794911649708,85965000000.0,0.3718257430349561,1
1326801,Meta Platforms,Communication Services,2023-02-02,22,2023,2,2022,185727000000.0,23200000000.0,116609000000.0,60014000000.0,0.12491452508251358,25.947543690535802,0.3231301857026711,117929000000.0,-0.011193175554782941,1
1326801,Meta Platforms,Communication Services,2024-02-02,24,2024,2,2023,229623000000.0,39098000000.0,134902000000.0,76455000000.0,0.1702703997421861,26.15970467059075,0.33295880639134584,116609000000.0,0.15687468377226454,1
1326801,Meta Platforms,Communication Services,2025-01-30,27,2025,1,2024,276054000000.0,62360000000.0,164501000000.0,93417000000.0,0.22589783158367566,26.343862335700084,0.33840118237736094,134902000000.0,0.21941112807816054,1
1326801,Meta Platforms,Communication Services,2026-01-29,26,2026,1,2025,366021000000.0,60458000000.0,200966000000.0,148778000000.0,0.16517631502017643,26.62595654575096,0.4064739454840023,164501000000.0,0.22167038498246217,1
1327567,Palo Alto Networks,Information Technology,2019-09-09,7,2019,9,2019,6592200000.0,-81900000.0,2899600000.0,6592200000.0,-0.012423773550559753,22.609152968899167,1.0,,,1
1327567,Palo Alto Networks,Information Technology,2020-09-04,33,2020,9,2020,9065400000.0,-267000000.0,3408400000.0,9065400000.0,-0.029452644119399032,22.927730805938126,1.0,2899600000.0,0.17547247896261564,1
1327567,Palo Alto Networks,Information Technology,2021-09-03,28,2021,9,2021,10241600000.0,-498900000.0,4256100000.0,9478000000.0,-0.04871309170442118,23.04972369435201,0.9254413372910483,3408400000.0,0.24870907170519896,1
1327567,Palo Alto Networks,Information Technology,2022-09-06,29,2022,9,2022,12253600000.0,-267000000.0,5501500000.0,12043600000.0,-0.021789514918064894,23.229085608314616,0.9828621792779265,4256100000.0,0.2926153050915157,1
1327567,Palo Alto Networks,Information Technology,2023-09-01,33,2023,9,2023,14501100000.0,439700000.0,6892700000.0,12752700000.0,0.030321837653695238,23.397490345564524,0.8794298363572418,5501500000.0,0.2528764882304826,1
1327567,Palo Alto Networks,Information Technology,2024-09-06,30,2024,9,2024,19990900000.0,2577600000.0,8027500000.0,14821200000.0,0.12893866709352755,23.71854300695649,0.7413973357877834,6892700000.0,0.16463795029523998,1
1327567,Palo Alto Networks,Information Technology,2025-08-29,28,2025,8,2025,23576200000.0,1133900000.0,9221500000.0,15751800000.0,0.04809511286806186,23.88350356554908,0.6681229375387043,8027500000.0,0.1487387106820306,1
1327811,"Workday, Inc.",Information Technology,2019-03-18,3,2019,3,2018,4947424000.0,-321222000.0,2143050000.0,3367059000.0,-0.0649271216697821,22.32213287402943,0.6805681097880433,,,1
1327811,"Workday, Inc.",Information Technology,2020-03-03,14,2020,3,2019,5520746000.0,-418258000.0,2822180000.0,3562304000.0,-0.07576113807807858,22.4317788330317,0.6452577242278489,2143050000.0,0.3168988124402137,1
1327811,"Workday, Inc.",Information Technology,2021-03-02,6,2021,3,2020,6816365000.0,-480674000.0,3627206000.0,4329814000.0,-0.07051764393485384,22.642592175509137,0.6352086485978964,2822180000.0,0.2852497005860717,1
1327811,"Workday, Inc.",Information Technology,2022-02-28,7,2022,2,2021,8718411000.0,-282431000.0,4317996000.0,5440577000.0,-0.03239477927801293,22.888702833491706,0.6240330950215583,3627206000.0,0.1904468618545514,1
1327811,"Workday, Inc.",Information Technology,2023-02-27,8,2023,2,2022,10498505000.0,29000000.0,5139000000.0,5963423000.0,0.0027622980605333807,23.074498703020378,0.5680259236910398,4317996000.0,0.19013542393276883,1
1327811,"Workday, Inc.",Information Technology,2024-03-08,5,2024,3,2023,13486000000.0,-367000000.0,6216000000.0,7901000000.0,-0.027213406495625092,23.3249179472588,0.5858668248554056,5139000000.0,0.2095738470519557,1
1327811,"Workday, Inc.",Information Technology,2025-03-11,3,2025,3,2024,16452000000.0,1381000000.0,7259000000.0,8370000000.0,0.08394116216873329,23.52371288731459,0.5087527352297593,6216000000.0,0.1677927927927927,1
1327811,"Workday, Inc.",Information Technology,2026-03-06,6,2026,3,2025,17977000000.0,526000000.0,8446000000.0,8943000000.0,0.029259609501029092,23.61235900001069,0.49746898815152696,7259000000.0,0.16352114616338342,1
1335258,Live Nation Entertainment,Communication Services,2019-02-28,0,2019,2,2018,8496886000.0,60249000.0,10787800000.0,8496886000.0,0.0070907153514828845,22.862965580377875,1.0,,,0
1335258,Live Nation Entertainment,Communication Services,2020-02-27,0,2020,2,2019,10975615000.0,69889000.0,11547969000.0,10975615000.0,0.00636766140211733,23.11894183078413,1.0,10787800000.0,0.07046561856912437,0
1335258,Live Nation Entertainment,Communication Services,2021-03-01,0,2021,3,2020,10589303000.0,-1724535000.0,1861178000.0,10589303000.0,-0.16285632774886127,23.083110177585397,1.0,11547969000.0,-0.8388307069407617,0
1335258,Live Nation Entertainment,Communication Services,2022-02-23,0,2022,2,2021,14402318000.0,-650904000.0,6268447000.0,14402318000.0,-0.045194391625014804,23.390655002795953,1.0,1861178000.0,2.3679997292037624,0
1335258,Live Nation Entertainment,Communication Services,2023-02-23,0,2023,2,2022,16460841000.0,266440000.0,16681254000.0,16460841000.0,0.01618629327626699,23.52425012445025,1.0,6268447000.0,1.66114621372726,0
1335258,Live Nation Entertainment,Communication Services,2024-02-22,0,2024,2,2023,19029640000.0,556893000.0,22726317000.0,19029640000.0,0.02926450526652107,23.669263600576844,1.0,16681254000.0,0.3623866047480604,0
1335258,Live Nation Entertainment,Communication Services,2025-02-21,0,2025,2,2024,19638771000.0,896287000.0,23155625000.0,19638771000.0,0.045638650198630046,23.70077156154,1.0,22726317000.0,0.018890346376845946,0
1335258,Live Nation Entertainment,Communication Services,2026-02-19,0,2026,2,2025,22912533000.0,495972000.0,25201406000.0,22912533000.0,0.02164631906913129,23.854949890373064,1.0,23155625000.0,0.08834920240762223,0
1336920,Leidos,Industrials,2019-02-19,1,2019,2,2018,8770000000.0,581000000.0,10194000000.0,8770000000.0,0.06624857468643101,22.8946026433305,1.0,,,1
1336920,Leidos,Industrials,2020-02-18,10,2020,2,2019,,,,,,,,10194000000.0,,1
1336920,Leidos,Industrials,2021-02-23,17,2021,2,2020,9367000000.0,667000000.0,11094000000.0,9367000000.0,0.07120743034055728,22.960458711173402,1.0,,,1
1336920,Leidos,Industrials,2022-02-15,11,2022,2,2021,13261000000.0,753000000.0,13737000000.0,8917000000.0,0.056783048035593094,23.308093233641873,0.6724228942010406,11094000000.0,0.23823688480259597,1
1336920,Leidos,Industrials,2023-02-14,8,2023,2,2022,13071000000.0,685000000.0,14396000000.0,8718000000.0,0.052406089817152474,23.293661872749826,0.6669726876291026,13737000000.0,0.04797262866710339,1
1336920,Leidos,Industrials,2024-02-13,11,2024,2,2023,12695000000.0,199000000.0,15438000000.0,8437000000.0,0.015675462780622294,23.264474052103054,0.664592359196534,14396000000.0,0.07238121700472355,1
1336920,Leidos,Industrials,2025-02-11,16,2025,2,2024,,,,,,,,15438000000.0,,1
1336920,Leidos,Industrials,2026-02-17,18,2026,2,2025,13010000000.0,1254000000.0,16662000000.0,8550000000.0,0.09638739431206764,23.288984129470826,0.6571867794004612,,,1
1341439,Oracle Corporation,Information Technology,2019-06-21,8,2019,6,2018,137851000000.0,3587000000.0,39383000000.0,137851000000.0,0.02602084859739864,25.649439228651786,1.0,,,1
1341439,Oracle Corporation,Information Technology,2020-06-22,12,2020,6,2019,108709000000.0,11083000000.0,39506000000.0,108709000000.0,0.10195108040732598,25.41194042433425,1.0,39383000000.0,0.0031231749739735193,1
1341439,Oracle Corporation,Information Technology,2021-06-21,10,2021,6,2020,115438000000.0,10135000000.0,39068000000.0,115438000000.0,0.08779604636254959,25.471999426244622,1.0,39506000000.0,-0.01108692350529028,1
1341439,Oracle Corporation,Information Technology,2022-06-21,10,2022,6,2021,131107000000.0,13746000000.0,40479000000.0,131107000000.0,0.10484566041477572,25.59927962064609,1.0,39068000000.0,0.03611651479471689,1
1341439,Oracle Corporation,Information Technology,2023-06-20,7,2023,6,2022,109297000000.0,6717000000.0,42440000000.0,109297000000.0,0.0614563986202732,25.417334784359717,1.0,40479000000.0,0.04844487265001596,1
1341439,Oracle Corporation,Information Technology,2024-06-20,10,2024,6,2023,134384000000.0,8503000000.0,49954000000.0,134384000000.0,0.06327390165495893,25.62396721032968,1.0,42440000000.0,0.17704995287464653,1
1341439,Oracle Corporation,Information Technology,2025-06-18,14,2025,6,2024,140976000000.0,10467000000.0,52961000000.0,140976000000.0,0.07424668028600613,25.671855500070784,1.0,49954000000.0,0.060195379749369504,1
1341439,Oracle Corporation,Information Technology,2026-06-22,24,2026,6,2025,168361000000.0,12443000000.0,57399000000.0,168361000000.0,0.07390666484518386,25.849376320484264,1.0,52961000000.0,0.08379751137629587,1
1373715,ServiceNow,Information Technology,2019-02-27,3,2019,2,2018,3879140000.0,-26704000.0,2608816000.0,2767941000.0,-0.006884000061869383,22.07887931652918,0.713545012554329,,,1
1373715,ServiceNow,Information Technology,2020-02-20,8,2020,2,2019,6022430000.0,626698000.0,3460000000.0,3894489000.0,0.1040606532579042,22.518756669305635,0.6466640542106757,2608816000.0,0.32627214797824,1
1373715,ServiceNow,Information Technology,2021-02-12,16,2021,2,2020,8715000000.0,119000000.0,4519000000.0,5881000000.0,0.013654618473895583,22.888311515918396,0.6748135398737808,3460000000.0,0.3060693641618497,1
1373715,ServiceNow,Information Technology,2022-02-03,12,2022,2,2021,10798000000.0,230000000.0,5896000000.0,7103000000.0,0.021300240785330618,23.102626768742507,0.6578070012965364,4519000000.0,0.30471343217526003,1
1373715,ServiceNow,Information Technology,2023-01-31,17,2023,1,2022,13299000000.0,325000000.0,7245000000.0,8267000000.0,0.024437927663734114,23.31095468137744,0.6216256861418151,5896000000.0,0.22879918588873815,1
1373715,ServiceNow,Information Technology,2024-01-25,24,2024,1,2023,17387000000.0,1731000000.0,8971000000.0,9759000000.0,0.09955714039224708,23.578988637492063,0.5612814171507448,7245000000.0,0.23823326432022074,1
1373715,ServiceNow,Information Technology,2025-01-30,18,2025,1,2024,20383000000.0,1425000000.0,10984000000.0,10774000000.0,0.06991120051022912,23.737967057048003,0.5285777363489182,8971000000.0,0.22438970014491133,1
1373715,ServiceNow,Information Technology,2026-01-29,18,2026,1,2025,26038000000.0,1748000000.0,13278000000.0,13074000000.0,0.06713265227744067,23.982822846421616,0.5021122974114756,10984000000.0,0.20884923525127452,1
1374310,Cboe Global Markets,Financials,2019-02-22,0,2019,2,2018,5321000000.0,426500000.0,,2070600000.0,0.0801541063709829,22.394927092560643,0.3891373801916933,,,0
1374310,Cboe Global Markets,Financials,2020-02-21,0,2020,2,2019,5113900000.0,374900000.0,,1758300000.0,0.07330999824009073,22.355228159459184,0.34382760711003346,,,0
1374310,Cboe Global Markets,Financials,2021-02-19,3,2021,2,2020,6516500000.0,468200000.0,,3167600000.0,0.07184838486917824,22.59760325893505,0.4860891582904934,,,1
1374310,Cboe Global Markets,Financials,2022-02-18,3,2022,2,2021,6814500000.0,529000000.0,,3209700000.0,0.07762858610316238,22.642318531831844,0.47101034558661675,,,1
1374310,Cboe Global Markets,Financials,2023-02-17,3,2023,2,2022,6998900000.0,,,3533600000.0,,22.66901883079635,0.5048793381817143,,,1
1374310,Cboe Global Markets,Financials,2024-02-16,10,2024,2,2023,7487500000.0,761400000.0,,3502500000.0,0.10168948247078465,22.73650080038798,0.467779632721202,,,1
1374310,Cboe Global Markets,Financials,2025-02-21,5,2025,2,2024,7789100000.0,764900000.0,,3509500000.0,0.09820133263149786,22.77599115742037,0.45056553388709863,,,1
1374310,Cboe Global Markets,Financials,2026-02-20,5,2026,2,2025,9305300000.0,1100000000.0,,4167000000.0,0.11821220164852289,22.953849967251692,0.44780931297217713,,,1
1375365,Supermicro,Information Technology,2019-05-17,2,2019,5,2018,1769505000.0,46165000.0,3360492000.0,925853000.0,0.026089217040923873,21.293965683402767,0.5232271171881402,,,1
1375365,Supermicro,Information Technology,2019-12-19,4,2019,12,2019,1682594000.0,71918000.0,3500360000.0,741418000.0,0.04274233712945607,21.24360248716473,0.4406398691544128,3360492000.0,0.04162128640687146,1
1375365,Supermicro,Information Technology,2020-08-31,7,2020,8,2020,1918646000.0,84308000.0,3339281000.0,852939000.0,0.04394140451130641,21.374885565876404,0.44455256467321225,3500360000.0,-0.04601783816521732,1
1375365,Supermicro,Information Technology,2021-08-27,5,2021,8,2021,2241964000.0,111865000.0,3557422000.0,1145566000.0,0.04989598405683588,21.530618104375577,0.510965385706461,3339281000.0,0.06532573928339658,1
1375365,Supermicro,Information Technology,2022-08-29,6,2022,8,2022,3205077000.0,285163000.0,5196099000.0,1779330000.0,0.08897227742110408,21.88800195199145,0.5551598292334319,3557422000.0,0.46063610108668573,1
1375365,Supermicro,Information Technology,2023-08-28,1,2023,8,2023,3674729000.0,639998000.0,7123482000.0,1702559000.0,0.17416195860973693,22.024745225395574,0.4633155261245115,5196099000.0,0.37092884488921407,1
1375365,Supermicro,Information Technology,2025-02-25,3,2025,2,2024,9826092000.0,1152666000.0,14989251000.0,4408722000.0,0.11730665660366298,23.00830713356375,0.4486750174942388,7123482000.0,1.1042028322665796,1
1375365,Supermicro,Information Technology,2025-08-28,3,2025,8,2025,14018429000.0,1048854000.0,21972042000.0,7716558000.0,0.07481965347186907,23.363638658066037,0.5504581148144346,14989251000.0,0.46585323042492255,1
1381197,Interactive Brokers,Financials,2019-02-28,13,2019,2,2018,60547000000.0,,2366000000.0,53391000000.0,,24.826685759888186,0.88181082464862,,,1
1381197,Interactive Brokers,Financials,2020-02-28,12,2020,2,2019,71676000000.0,,2580000000.0,63736000000.0,,24.995421800484582,0.8892237290027345,2366000000.0,0.09044801352493659,1
1381197,Interactive Brokers,Financials,2021-03-01,12,2021,3,2020,95679000000.0,,1287000000.0,86676000000.0,,25.2842646755891,0.9059041168908538,2580000000.0,-0.5011627906976744,1
1381197,Interactive Brokers,Financials,2022-02-25,12,2022,2,2021,109113000000.0,,1568000000.0,98891000000.0,,25.415649879423775,0.9063173040792573,1287000000.0,0.2183372183372183,1
1381197,Interactive Brokers,Financials,2023-02-24,12,2023,2,2022,115143000000.0,,1506000000.0,103528000000.0,,25.469440671091746,0.899125435328244,1568000000.0,-0.039540816326530615,1
1381197,Interactive Brokers,Financials,2024-02-27,16,2024,2,2023,128251000000.0,,1557000000.0,114184000000.0,,25.577255118237847,0.8903166447045248,1506000000.0,0.03386454183266929,1
1381197,Interactive Brokers,Financials,2025-02-27,17,2025,2,2024,150142000000.0,,1977000000.0,133545000000.0,,25.734847349903035,0.8894579797791424,1557000000.0,0.2697495183044316,1
1381197,Interactive Brokers,Financials,2026-02-27,17,2026,2,2025,203240000000.0,,2440000000.0,182768000000.0,,26.03765338367194,0.899271796890376,1977000000.0,0.2341932220536167,1
1383312,Broadridge Financial Solutions,Industrials,2019-08-06,6,2019,8,2019,3880700000.0,482100000.0,4362200000.0,2753200000.0,0.12423016466101476,22.07928138668037,0.709459633571263,,,1
1383312,Broadridge Financial Solutions,Industrials,2020-08-11,5,2020,8,2020,4889800000.0,462500000.0,4529000000.0,3543200000.0,0.09458464558877663,22.31041723980127,0.7246104135138451,4362200000.0,0.03823758653890241,1
1383312,Broadridge Financial Solutions,Industrials,2021-08-12,4,2021,8,2021,8119800000.0,547500000.0,4993700000.0,6310600000.0,0.06742776915687579,22.81757136027479,0.7771866302125668,4529000000.0,0.1026054316626186,1
1383312,Broadridge Financial Solutions,Industrials,2022-08-12,4,2022,8,2022,8168800000.0,539100000.0,5709100000.0,6249800000.0,0.06599500538634806,22.823587856205602,0.7650817745568504,4993700000.0,0.14326050824038283,1
1383312,Broadridge Financial Solutions,Industrials,2023-08-08,3,2023,8,2023,8233200000.0,630600000.0,6060900000.0,5992600000.0,0.07659233347908469,22.83144059744912,0.7278579410192878,5709100000.0,0.061620920985794525,1
1383312,Broadridge Financial Solutions,Industrials,2024-08-06,5,2024,8,2024,8242400000.0,698100000.0,6506800000.0,6074200000.0,0.0846962049888382,22.83255740059513,0.7369455498398525,6060900000.0,0.07356993185830496,1
1383312,Broadridge Financial Solutions,Industrials,2025-08-05,5,2025,8,2025,8545000000.0,839500000.0,6889100000.0,5889900000.0,0.09824458747805734,22.868612153513965,0.6892802808660035,6506800000.0,0.05875391897707005,1
1383312,Broadridge Financial Solutions,Industrials,2026-08-04,6,2026,8,2026,8945300000.0,1124300000.0,7476800000.0,6104700000.0,0.12568611449588052,22.914394091634243,0.6824477658658737,6889100000.0,0.08530867602444436,1
1385157,TE Connectivity,Information Technology,2019-11-12,6,2019,11,2019,19694000000.0,1844000000.0,13448000000.0,9124000000.0,0.09363257845028942,23.703579857772024,0.46328831116075964,,,1
1385157,TE Connectivity,Information Technology,2020-11-10,6,2020,11,2020,19242000000.0,-241000000.0,12172000000.0,9747000000.0,-0.012524685583619166,23.680361226885484,0.5065481758652947,13448000000.0,-0.09488399762046396,1
1385157,TE Connectivity,Information Technology,2021-11-09,9,2021,11,2021,21462000000.0,2261000000.0,14923000000.0,10714000000.0,0.10534898891063274,23.789549766451348,0.4992079023390178,12172000000.0,0.22601051593821886,1
1385157,TE Connectivity,Information Technology,2022-11-15,10,2022,11,2022,20782000000.0,2428000000.0,16281000000.0,9885000000.0,0.11683187373688769,23.757353064376865,0.4756520065441247,14923000000.0,0.09100046907458292,1
1385157,TE Connectivity,Information Technology,2023-11-13,13,2023,11,2023,21712000000.0,1910000000.0,16034000000.0,10057000000.0,0.08796978629329404,23.801130940038924,0.4632000736919676,16281000000.0,-0.015171058288802941,1
1385157,TE Connectivity,Information Technology,2024-11-12,17,2024,11,2024,22854000000.0,3193000000.0,15845000000.0,10368000000.0,0.13971296053207316,23.852391993670935,0.4536623785770543,16034000000.0,-0.011787451665211446,1
1385157,TE Connectivity,Information Technology,2025-11-10,32,2025,11,2025,25081000000.0,1842000000.0,17262000000.0,12351000000.0,0.07344204776524062,23.94537642432454,0.49244447988517204,15845000000.0,0.08942884190596412,1
1389170,Targa Resources,Energy,2019-03-01,0,2019,3,2018,16938200000.0,1600000.0,10484000000.0,16938200000.0,9.446104072451618e-05,23.55283726314562,1.0,,,0
1389170,Targa Resources,Energy,2020-02-20,0,2020,2,2019,18815100000.0,-209200000.0,8671100000.0,18815100000.0,-0.011118729105877726,23.657925575886004,1.0,10484000000.0,-0.17292064097672644,0
1389170,Targa Resources,Energy,2021-02-18,0,2021,2,2020,15875700000.0,-1553900000.0,8260300000.0,15875700000.0,-0.09787914863596565,23.48805547524122,1.0,8671100000.0,-0.04737576547381528,0
1389170,Targa Resources,Energy,2022-02-24,0,2022,2,2021,15208200000.0,71200000.0,16949800000.0,15208200000.0,0.00468168488052498,23.445100593019237,1.0,8260300000.0,1.0519593719356441,0
1389170,Targa Resources,Energy,2023-02-22,0,2023,2,2022,19560000000.0,1195500000.0,20929800000.0,19560000000.0,0.06111963190184049,23.69675250155308,1.0,16949800000.0,0.2348110302186457,0
1389170,Targa Resources,Energy,2024-02-15,1,2024,2,2023,20671800000.0,1345900000.0,16060300000.0,20671800000.0,0.0651080215559361,23.752036289577198,1.0,20929800000.0,-0.2326586971686304,1
1389170,Targa Resources,Energy,2025-02-20,1,2025,2,2024,22734100000.0,1312000000.0,16381500000.0,22734100000.0,0.05771066371661953,23.84713183689924,1.0,16060300000.0,0.019999626407974924,1
1389170,Targa Resources,Energy,2026-02-19,1,2026,2,2025,25218400000.0,1923000000.0,17028300000.0,25218400000.0,0.07625384639786822,23.950839723757746,1.0,16381500000.0,0.039483563776210984,1
1390777,BNY Mellon,Financials,2019-02-27,0,2019,2,2018,362873000000.0,4266000000.0,16392000000.0,322005000000.0,0.01175617915909974,26.617318747736228,0.8873765752756474,,,0
1390777,BNY Mellon,Financials,2020-02-27,0,2020,2,2019,381508000000.0,4441000000.0,16462000000.0,339780000000.0,0.01164064711618105,26.66739765730689,0.89062352558793,16392000000.0,0.0042703757930697694,0
1390777,BNY Mellon,Financials,2021-02-25,0,2021,2,2020,469633000000.0,3617000000.0,15808000000.0,423513000000.0,0.007701758607252898,26.8752173755637,0.901795657460187,16462000000.0,-0.03972785809743651,0
1390777,BNY Mellon,Financials,2022-02-25,0,2022,2,2021,444438000000.0,3759000000.0,15931000000.0,401047000000.0,0.008457872639153268,26.820076399607093,0.902368834348098,15808000000.0,0.007780870445344146,0
1390777,BNY Mellon,Financials,2023-02-27,0,2023,2,2022,405560000000.0,2556000000.0,16529000000.0,364933000000.0,0.0063023966860637146,26.72853466503079,0.8998249334253872,15931000000.0,0.037536877785449674,0
1390777,BNY Mellon,Financials,2024-02-28,0,2024,2,2023,409877000000.0,3302000000.0,17697000000.0,368972000000.0,0.008056075359193124,26.739122951635764,0.9002017678474274,16529000000.0,0.07066368201343098,0
1390777,BNY Mellon,Financials,2025-02-27,4,2025,2,2024,416064000000.0,4530000000.0,18619000000.0,374300000000.0,0.010887748038763268,26.754104931528413,0.8996212121212122,17697000000.0,0.05209922585748994,1
1390777,BNY Mellon,Financials,2026-02-25,7,2026,2,2025,472300000000.0,5549000000.0,20080000000.0,427492000000.0,0.011748888418378149,26.880880213848485,0.9051280965488038,18619000000.0,0.07846823137655079,1
1393052,Veeva Systems,Health Care,2019-03-28,4,2019,3,2018,1230333000.0,151177000.0,690559000.0,324095000.0,0.12287486395959468,20.93055070139684,0.2634205536224746,,,1
1393052,Veeva Systems,Health Care,2020-03-30,13,2020,3,2019,1653766000.0,229832000.0,862210000.0,416017000.0,0.13897492148224114,21.226320948327743,0.2515573545471367,690559000.0,0.24856818895995847,1
1393052,Veeva Systems,Health Care,2021-03-30,6,2021,3,2020,2271777000.0,301118000.0,1104081000.0,606183000.0,0.13254734069409102,21.5438281815797,0.26683208783256457,862210000.0,0.28052446619733007,1
1393052,Veeva Systems,Health Care,2022-03-30,6,2022,3,2021,3046067000.0,379998000.0,1465069000.0,779747000.0,0.12475037482760556,21.83711708723788,0.25598484865894283,1104081000.0,0.3269578952993486,1
1393052,Veeva Systems,Health Care,2023-03-30,4,2023,3,2022,3816465000.0,427390000.0,1850777000.0,904828000.0,0.1119858298189555,22.062590438454603,0.23708536564595772,1465069000.0,0.2632695115383643,1
1393052,Veeva Systems,Health Care,2024-03-25,5,2024,3,2023,4804296000.0,487706000.0,2155060000.0,1088044000.0,0.10151456113445133,22.29277635458657,0.22647313987314688,1850777000.0,0.164408245834047,1
1393052,Veeva Systems,Health Care,2025-03-24,6,2025,3,2024,5910920000.0,525705000.0,2363673000.0,1266096000.0,0.08893793182787113,22.500067324608068,0.21419609806933607,2155060000.0,0.09680148116525755,1
1393052,Veeva Systems,Health Care,2026-03-20,6,2026,3,2025,7339756000.0,714138000.0,2746619000.0,1507383000.0,0.09729723985374991,22.71657143651348,0.20537235842717388,2363673000.0,0.1620131041815005,1
1393311,Public Storage,Real Estate,2019-02-27,0,2019,2,2018,10928270000.0,1711031000.0,2759523000.0,1783542000.0,0.15656924655046042,23.114618846643857,0.1632044230239553,,,0
1393311,Public Storage,Real Estate,2020-02-25,0,2020,2,2019,11365444000.0,1520534000.0,2855108000.0,2285777000.0,0.13378571043946896,23.153843360799733,0.20111638401456203,2759523000.0,0.03463823276703981,0
1393311,Public Storage,Real Estate,2021-02-24,0,2021,2,2020,11816546000.0,1357213000.0,2915068000.0,3239647000.0,0.11485699797555056,23.192766589638715,0.27416192515139365,2855108000.0,0.021000956881491062,0
1393311,Public Storage,Real Estate,2022-02-22,0,2022,2,2021,17380908000.0,1953263000.0,3415824000.0,7957370000.0,0.11237980202185065,23.57863819937756,0.45782245668638255,2915068000.0,0.1717819275570931,0
1393311,Public Storage,Real Estate,2023-02-21,0,2023,2,2022,17552307000.0,4349147000.0,4182163000.0,7385506000.0,0.2477820721800274,23.588451231210552,0.4207712410681969,3415824000.0,0.22434967375368275,0
1393311,Public Storage,Real Estate,2024-02-20,1,2024,2,2023,19809216000.0,2148327000.0,4517690000.0,9702270000.0,0.10845088467913117,23.709413120901992,0.4897856634003082,4182163000.0,0.08022810206106268,1
1393311,Public Storage,Real Estate,2025-02-24,3,2025,2,2024,19754934000.0,2072011000.0,4695616000.0,9941282000.0,0.10488574651780665,23.706669119877837,0.5032303322299128,4517690000.0,0.03938428710247943,1
1393311,Public Storage,Real Estate,2026-02-12,5,2026,2,2025,20208604000.0,1784348000.0,4824113000.0,10866770000.0,0.08829645036341946,23.729374291260683,0.5377298699108558,4695616000.0,0.027365312666112418,1
1393818,Blackstone Inc.,Financials,2019-03-01,2,2019,3,2018,28924650000.0,1541788000.0,6833259000.0,15170564000.0,0.053303600907876156,24.08796000969365,0.5244856549690317,,,1
1393818,Blackstone Inc.,Financials,2020-02-28,6,2020,2,2019,32585506000.0,2049682000.0,7338270000.0,17482454000.0,0.0629016471310895,24.20713342522765,0.5365101281532961,6833259000.0,0.07390485272108083,1
1393818,Blackstone Inc.,Financials,2021-02-26,2,2021,2,2020,26269252000.0,1045363000.0,6101927000.0,11678743000.0,0.03979416695991191,23.991664966694515,0.4445784371781884,7338270000.0,-0.16847881040081658,1
1393818,Blackstone Inc.,Financials,2022-02-25,2,2022,2,2021,41196408000.0,5857397000.0,22577148000.0,19490362000.0,0.1421822261785542,24.441616905035087,0.4731082865282818,6101927000.0,2.700002966276063,1
1393818,Blackstone Inc.,Financials,2023-02-24,3,2023,2,2022,42524227000.0,1747631000.0,8517673000.0,22843160000.0,0.041097302015625115,24.473339797520502,0.5371798998251044,22577148000.0,-0.6227303377733981,1
1393818,Blackstone Inc.,Financials,2024-02-23,6,2024,2,2023,40287530000.0,1390880000.0,8022841000.0,22212316000.0,0.03452383404989087,24.419307828735533,0.5513446964854882,8517673000.0,-0.058094740194886585,1
1393818,Blackstone Inc.,Financials,2025-02-28,8,2025,2,2024,43469875000.0,2776508000.0,13229968000.0,23974860000.0,0.06387200331263893,24.495334006396625,0.5515281559930871,8022841000.0,0.6490377909770366,1
1393818,Blackstone Inc.,Financials,2026-02-27,25,2026,2,2025,47708975000.0,3019214000.0,14450265000.0,25827803000.0,0.06328398377873345,24.58838537227802,0.5413615153123704,13229968000.0,0.09223733572144699,1
1396009,Vulcan Materials Company,Materials,2019-02-26,0,2019,2,2018,9832130000.0,515805000.0,4382869000.0,4629227000.0,0.052461165586704,23.008921431254546,0.4708264638486269,,,0
1396009,Vulcan Materials Company,Materials,2020-02-26,0,2020,2,2019,10648800000.0,617700000.0,4929100000.0,5026936000.0,0.05800653594771242,23.088713046697084,0.4720659604838104,4382869000.0,0.12462863936841373,0
1396009,Vulcan Materials Company,Materials,2021-02-25,0,2021,2,2020,11686900000.0,584500000.0,4856800000.0,5659600000.0,0.05001326271295211,23.181734393345035,0.48426871112099873,4929100000.0,-0.014667992128380436,0
1396009,Vulcan Materials Company,Materials,2022-02-25,0,2022,2,2021,13682600000.0,670800000.0,5552200000.0,7114900000.0,0.04902576995600252,23.339390789561524,0.5199961995527166,4856800000.0,0.14318069510789,0
1396009,Vulcan Materials Company,Materials,2023-02-24,0,2023,2,2022,14234600000.0,575600000.0,7315200000.0,7282400000.0,0.0404366824498054,23.378941457527482,0.511598499430964,5552200000.0,0.31753178920067726,0
1396009,Vulcan Materials Company,Materials,2024-02-22,3,2024,2,2023,14545700000.0,933200000.0,7781900000.0,7037800000.0,0.06415641736045705,23.400561254239488,0.4838405851901249,7315200000.0,0.06379866579177595,1
1396009,Vulcan Materials Company,Materials,2025-02-20,2,2025,2,2024,17104800000.0,911900000.0,7417700000.0,8962300000.0,0.05331252046209251,23.562624962820042,0.523964033487676,7781900000.0,-0.046800909803518476,1
1396009,Vulcan Materials Company,Materials,2026-02-19,2,2026,2,2025,16700400000.0,1076700000.0,7941100000.0,8151500000.0,0.06447150966443918,23.538698508178083,0.4881020813872722,7417700000.0,0.07056095555226016,1
1397187,Lululemon Athletica,Consumer Discretionary,2019-03-27,0,2019,3,2018,1998483000.0,258662000.0,2649181000.0,401523000.0,0.12942917202698245,21.415654229699687,0.20091389318798308,,,0
1397187,Lululemon Athletica,Consumer Discretionary,2020-03-26,0,2020,3,2019,2084711000.0,483801000.0,3288319000.0,638736000.0,0.23207101607848762,21.457896073477336,0.3063906699777571,2649181000.0,0.24125871354203432,0
1397187,Lululemon Athletica,Consumer Discretionary,2021-03-30,0,2021,3,2020,3281354000.0,645596000.0,3979296000.0,1329136000.0,0.19674683072902222,21.91152197904002,0.4050571806638357,3288319000.0,0.2101307689430374,0
1397187,Lululemon Athletica,Consumer Discretionary,2022-03-29,0,2022,3,2021,4185215000.0,588913000.0,4401879000.0,1626649000.0,0.1407127232412194,22.154823913522854,0.3886655763204519,3979296000.0,0.10619541748088102,0
1397187,Lululemon Athletica,Consumer Discretionary,2023-03-28,0,2023,3,2022,4942478000.0,975322000.0,6256617000.0,2202432000.0,0.19733461636045724,22.32113266181047,0.4456129091520488,4401879000.0,0.4213514274245158,0
1397187,Lululemon Athletica,Consumer Discretionary,2024-03-21,0,2024,3,2023,5607038000.0,854800000.0,8110518000.0,2458239000.0,0.15245125857895023,22.447288431307715,0.4384202496933318,6256617000.0,0.2963104502001641,0
1397187,Lululemon Athletica,Consumer Discretionary,2025-03-27,2,2025,3,2024,7091941000.0,1550190000.0,9619278000.0,2859860000.0,0.2185847287787645,22.68222490589083,0.4032549058149243,8110518000.0,0.18602510961691965,1
1397187,Lululemon Athletica,Consumer Discretionary,2026-03-17,1,2026,3,2025,7603292000.0,1814616000.0,10588126000.0,3279245000.0,0.23866188487828693,22.751847148347633,0.431292787387358,9619278000.0,0.1007194095024595,1
1402057,CDW Corporation,Information Technology,2019-02-27,3,2019,2,2018,7167700000.0,643000000.0,16240500000.0,7167700000.0,0.08970799559133334,22.69285065906462,1.0,,,1
1402057,CDW Corporation,Information Technology,2020-02-28,3,2020,2,2019,7999400000.0,736800000.0,18032400000.0,7999400000.0,0.09210690801810135,22.802632375813605,1.0,16240500000.0,0.1103352729287892,1
1402057,CDW Corporation,Information Technology,2021-02-26,3,2021,2,2020,9344700000.0,788500000.0,18467500000.0,9344700000.0,0.08437938082549466,22.9580751746099,1.0,18032400000.0,0.02412879039950311,1
1402057,CDW Corporation,Information Technology,2022-02-28,5,2022,2,2021,13199400000.0,988600000.0,20820800000.0,13199400000.0,0.07489734381865842,23.30343721096019,1.0,18467500000.0,0.12742926763232698,1
1402057,CDW Corporation,Information Technology,2023-02-24,4,2023,2,2022,13131500000.0,1114500000.0,23748700000.0,13131500000.0,0.08487225374100446,23.298279760929425,1.0,20820800000.0,0.14062379927764534,1
1402057,CDW Corporation,Information Technology,2024-02-26,5,2024,2,2023,13284600000.0,1104300000.0,21376000000.0,13284600000.0,0.08312632672417687,23.309871306559245,1.0,23748700000.0,-0.0999086265774548,1
1402057,CDW Corporation,Information Technology,2025-02-21,15,2025,2,2024,14678400000.0,1077800000.0,20998700000.0,14678400000.0,0.07342762153913233,23.409642862367125,1.0,21376000000.0,-0.017650636227544925,1
1402057,CDW Corporation,Information Technology,2026-02-20,9,2026,2,2025,16028200000.0,1066600000.0,22424100000.0,16028200000.0,0.06654521406021886,23.497615507805673,1.0,20998700000.0,0.06788039259573209,1
1403161,Visa Inc.,Financials,2019-11-14,5,2019,11,2019,72574000000.0,12080000000.0,22977000000.0,37890000000.0,0.16645079505056906,25.00787256791271,0.5220878000385814,,,1
1403161,Visa Inc.,Financials,2020-11-19,6,2020,11,2020,80919000000.0,10866000000.0,21846000000.0,44709000000.0,0.13428243057872688,25.116714491285265,0.5525154784414044,22977000000.0,-0.0492231361796579,1
1403161,Visa Inc.,Financials,2021-11-18,1,2021,11,2021,82896000000.0,12311000000.0,24105000000.0,45307000000.0,0.14851138776298012,25.140852647018843,0.5465523065045358,21846000000.0,0.10340565778632249,1
1403161,Visa Inc.,Financials,2022-11-16,1,2022,11,2022,85501000000.0,14957000000.0,29310000000.0,49920000000.0,0.1749336265072923,25.17179390872716,0.5838528204348488,24105000000.0,0.21593030491599263,1
1403161,Visa Inc.,Financials,2023-11-15,3,2023,11,2023,90499000000.0,17273000000.0,32653000000.0,51766000000.0,0.19086398744737512,25.228604637867484,0.5720063205118289,29310000000.0,0.11405663596042315,1
1403161,Visa Inc.,Financials,2024-11-13,7,2024,11,2024,94511000000.0,19743000000.0,35926000000.0,55374000000.0,0.2088963189470009,25.271982066788308,0.5859000539619726,32653000000.0,0.10023581294214923,1
1403161,Visa Inc.,Financials,2025-11-06,11,2025,11,2025,99627000000.0,20058000000.0,40000000000.0,61718000000.0,0.20133096449757595,25.324699049137593,0.6194907003121644,35926000000.0,0.11339976618604908,1
1403568,Ulta Beauty,Consumer Discretionary,2019-04-02,4,2019,4,2018,2908687000.0,555234000.0,5884506000.0,1134470000.0,0.19088819113228753,21.79096761355808,0.3900282154800431,,,1
1403568,Ulta Beauty,Consumer Discretionary,2020-03-27,6,2020,3,2019,3191172000.0,658559000.0,6716615000.0,1370954000.0,0.20636900800082228,21.883654084388127,0.4296083069167065,5884506000.0,0.1414067722932053,1
1403568,Ulta Beauty,Consumer Discretionary,2021-03-26,6,2021,3,2020,4863872000.0,705945000.0,7398068000.0,2961778000.0,0.14514053823784837,22.305100665474537,0.6089341989262875,6716615000.0,0.10145780277714289,1
1403568,Ulta Beauty,Consumer Discretionary,2022-03-25,6,2022,3,2021,5089969000.0,175835000.0,6151953000.0,3090420000.0,0.03454539703483459,22.350537577117013,0.6071589041112038,7398068000.0,-0.16843789486660576,1
1403568,Ulta Beauty,Consumer Discretionary,2023-03-24,6,2023,3,2022,4764379000.0,985837000.0,8630889000.0,3229006000.0,0.20691825734266733,22.284433040270937,0.6777391135339988,6151953000.0,0.40295106285759985,1
1403568,Ulta Beauty,Consumer Discretionary,2024-03-26,6,2024,3,2023,5370411000.0,1242408000.0,10208580000.0,3410600000.0,0.23134318770015927,22.40417027885128,0.6350724367278408,8630889000.0,0.18279588580040818,1
1403568,Ulta Beauty,Consumer Discretionary,2025-03-27,6,2025,3,2024,5707011000.0,1291005000.0,11207303000.0,3427683000.0,0.22621386221263634,22.464961255956634,0.600609145487892,10208580000.0,0.09783172586197098,1
1403568,Ulta Beauty,Consumer Discretionary,2026-03-26,0,2026,3,2025,6001693000.0,1201118000.0,11295654000.0,3513340000.0,0.20012986335688945,22.515307433039606,0.5853914887016047,11207303000.0,0.007883341781693698,0
1404912,KKR & Co.,Financials,2019-02-15,0,2019,2,2018,50743375000.0,1131063000.0,2395836000.0,25360766000.0,0.022289865425782183,24.650046904475055,0.4997847699330208,,,0
1404912,KKR & Co.,Financials,2020-02-18,0,2020,2,2019,60899319000.0,2005049000.0,4220900000.0,30396945000.0,0.03292399706472908,24.832487829333733,0.49913439918761654,2395836000.0,0.7617649956007007,0
1404912,KKR & Co.,Financials,2021-02-19,0,2021,2,2020,79806502000.0,2002509000.0,4230891000.0,39006586000.0,0.02509205327656135,25.102870816779706,0.4887645119441521,4220900000.0,0.002367030728043673,0
1404912,KKR & Co.,Financials,2022-02-28,0,2022,2,2021,,,,,,,,4230891000.0,,0
1404912,KKR & Co.,Financials,2023-02-27,1,2023,2,2022,275346636000.0,-521664000.0,5704180000.0,219975946000.0,-0.001894571902450989,26.341296635402134,0.7989055148652697,,,1
1404912,KKR & Co.,Financials,2024-02-29,12,2024,2,2023,317294194000.0,3732261000.0,14499312000.0,258915282000.0,0.01176277748088892,26.483095237227587,0.8160101473523969,5704180000.0,1.5418749057708556,1
1404912,KKR & Co.,Financials,2025-02-28,12,2025,2,2024,360099411000.0,3076245000.0,21878698000.0,298114719000.0,0.008542765986362583,26.60964597194314,0.8278678328635201,14499312000.0,0.5089473210866833,1
1404912,KKR & Co.,Financials,2026-02-27,29,2026,2,2025,410144072000.0,2370463000.0,19464307000.0,328512161000.0,0.0057795861547890424,26.73977433004191,0.8009677170221298,21878698000.0,-0.11035350458240245,1
1408198,MSCI Inc.,Financials,2019-02-22,5,2019,2,2018,3387952000.0,507885000.0,1433984000.0,3554446000.0,0.149909148653818,21.943491445985323,1.0491429630644118,,,1
1408198,MSCI Inc.,Financials,2020-02-18,6,2020,2,2019,4204439000.0,563648000.0,1557796000.0,4281153000.0,0.13406021588135777,22.159406708867028,1.0182459538597182,1433984000.0,0.08634127019548332,1
1408198,MSCI Inc.,Financials,2021-02-12,9,2021,2,2020,4198647000.0,601822000.0,1695390000.0,4641881000.0,0.14333712741271176,22.158028167479436,1.1055659120664347,1557796000.0,0.08832607093611733,1
1408198,MSCI Inc.,Financials,2022-02-11,10,2022,2,2021,5506703000.0,725983000.0,2043544000.0,5670170000.0,0.1318362366737411,22.429231914412323,1.0296850946927771,1695390000.0,0.20535334052931775,1
1408198,MSCI Inc.,Financials,2023-02-10,7,2023,2,2022,4997535000.0,870573000.0,2248598000.0,6005460000.0,0.17420048083705267,22.332210627816053,1.2016844304241991,2043544000.0,0.10034234643345097,1
1408198,MSCI Inc.,Financials,2024-02-09,7,2024,2,2023,5518219000.0,1148592000.0,2528920000.0,6257983000.0,0.20814541793285116,22.431321000246808,1.1340584706768615,2248598000.0,0.12466523584918243,1
1408198,MSCI Inc.,Financials,2025-02-07,6,2025,2,2024,5445439000.0,1109128000.0,2856128000.0,6385436000.0,0.20368018078983163,22.41804421450744,1.1726209769313365,2528920000.0,0.12938645746010158,1
1408198,MSCI Inc.,Financials,2026-02-06,8,2026,2,2025,5702459000.0,1202305000.0,3134459000.0,8356999000.0,0.21083974474871278,22.464163322267947,1.4655079501667614,2856128000.0,0.09745046440495675,1
1410636,American Water Works,Utilities,2019-02-19,2,2019,2,2018,21223000000.0,567000000.0,3417000000.0,21223000000.0,0.02671629835555765,23.778351336199915,1.0,,,1
1410636,American Water Works,Utilities,2020-02-18,3,2020,2,2019,22682000000.0,621000000.0,3587000000.0,22682000000.0,0.0273785380477912,23.844837495339547,1.0,3417000000.0,0.04975124378109452,1
1410636,American Water Works,Utilities,2021-02-24,2,2021,2,2020,24766000000.0,709000000.0,3743000000.0,24766000000.0,0.028627957683921505,23.932737581739318,1.0,3587000000.0,0.04349038193476451,1
1410636,American Water Works,Utilities,2022-02-16,2,2022,2,2021,26075000000.0,1263000000.0,3914000000.0,26075000000.0,0.048437200383509106,23.984242837833246,1.0,3743000000.0,0.045685279187817285,1
1410636,American Water Works,Utilities,2023-02-15,3,2023,2,2022,27787000000.0,820000000.0,3763000000.0,27787000000.0,0.029510202612732572,24.04783412237263,1.0,3914000000.0,-0.038579458354624396,1
1410636,American Water Works,Utilities,2024-02-14,3,2024,2,2023,30298000000.0,944000000.0,4217000000.0,30298000000.0,0.031157172090567033,24.134347540682544,1.0,3763000000.0,0.1206484188147754,1
1410636,American Water Works,Utilities,2025-02-19,3,2025,2,2024,32830000000.0,1051000000.0,4653000000.0,32830000000.0,0.03201340237587572,24.214608568459912,1.0,4217000000.0,0.10339103628171675,1
1410636,American Water Works,Utilities,2026-02-18,3,2026,2,2025,35442000000.0,1111000000.0,5121000000.0,35442000000.0,0.03134698944754811,24.291163394499563,1.0,4653000000.0,0.10058027079303677,1
1413329,Philip Morris International,Consumer Staples,2019-02-07,0,2019,2,2018,39801000000.0,7911000000.0,29625000000.0,50540000000.0,0.19876385015451872,24.407157874549302,1.2698173412728324,,,0
1413329,Philip Morris International,Consumer Staples,2020-02-07,0,2020,2,2019,42875000000.0,7185000000.0,29805000000.0,52474000000.0,0.1675801749271137,24.481554742432518,1.2238833819241983,29625000000.0,0.006075949367088551,0
1413329,Philip Morris International,Consumer Staples,2021-02-09,0,2021,2,2020,44815000000.0,8056000000.0,28694000000.0,55446000000.0,0.17976124065603036,24.525808741755736,1.2372196809104095,29805000000.0,-0.03727562489515179,0
1413329,Philip Morris International,Consumer Staples,2022-02-11,1,2022,2,2021,41290000000.0,9109000000.0,31405000000.0,49498000000.0,0.22061031726810365,24.44388617684441,1.198789053039477,28694000000.0,0.09447968216351854,1
1413329,Philip Morris International,Consumer Staples,2023-02-10,3,2023,2,2022,61681000000.0,9048000000.0,31762000000.0,67992000000.0,0.14669022875764012,24.845241778780824,1.1023167588074123,31405000000.0,0.011367616621557053,1
1413329,Philip Morris International,Consumer Staples,2024-02-08,3,2024,2,2023,65304000000.0,7813000000.0,35174000000.0,74750000000.0,0.11964045081465148,24.902319127095467,1.1446465760137206,31762000000.0,0.10742396574523005,1
1413329,Philip Morris International,Consumer Staples,2025-02-06,4,2025,2,2024,61784000000.0,7057000000.0,37878000000.0,71654000000.0,0.11422051016444387,24.846910268213374,1.159750097112521,35174000000.0,0.07687496446238695,1
1413329,Philip Morris International,Consumer Staples,2026-02-06,6,2026,2,2025,69185000000.0,11348000000.0,40648000000.0,77213000000.0,0.16402399364023992,24.96004991306776,1.1160367131603672,37878000000.0,0.07312952109403881,1
1413447,NXP Semiconductors,Information Technology,2020-02-27,4,2020,2,2019,20016000000.0,243000000.0,8877000000.0,20016000000.0,0.012140287769784174,23.719797790670963,1.0,,,1
1413447,NXP Semiconductors,Information Technology,2021-02-25,7,2021,2,2020,19847000000.0,52000000.0,8612000000.0,19847000000.0,0.002620043331485867,23.711318699156532,1.0,8877000000.0,-0.0298524276219444,1
1413447,NXP Semiconductors,Information Technology,2022-02-24,7,2022,2,2021,20864000000.0,1871000000.0,11063000000.0,20864000000.0,0.08967599693251534,23.761291022690653,1.0,8612000000.0,0.28460287970274045,1
1413447,NXP Semiconductors,Information Technology,2023-03-01,7,2023,3,2022,23236000000.0,2787000000.0,13205000000.0,23236000000.0,0.11994319159924255,23.868968637076698,1.0,11063000000.0,0.19361836753141093,1
1413447,NXP Semiconductors,Information Technology,2024-02-22,10,2024,2,2023,24353000000.0,2797000000.0,13276000000.0,24353000000.0,0.1148523795836242,23.915920882171527,1.0,13205000000.0,0.005376751230594445,1
1413447,NXP Semiconductors,Information Technology,2025-02-20,7,2025,2,2024,24385000000.0,2510000000.0,12614000000.0,24385000000.0,0.10293213040803773,23.917234026108424,1.0,13276000000.0,-0.049864416993070204,1
1413447,NXP Semiconductors,Information Technology,2026-02-19,6,2026,2,2025,26560000000.0,2021000000.0,12269000000.0,26560000000.0,0.07609186746987952,24.002672161554646,1.0,12614000000.0,-0.027350562866656047,1
1415404,EchoStar,Communication Services,2019-02-21,0,2019,2,2018,8661294000.0,-40475000.0,1762638000.0,4505820000.0,-0.004673089263567315,22.8821299709911,0.5202248070553892,,,0
1415404,EchoStar,Communication Services,2020-02-20,0,2020,2,2019,7154298000.0,-62917000.0,1886081000.0,3408745000.0,-0.00879429400340886,22.69097913193386,0.4764611426585809,1762638000.0,0.07003309811770775,0
1415404,EchoStar,Communication Services,2021-02-23,0,2021,2,2020,7073352000.0,,1887907000.0,3466102000.0,,22.67960032048045,0.4900225522496265,1886081000.0,0.0009681450584571039,0
1415404,EchoStar,Communication Services,2022-02-24,0,2022,2,2021,6045204000.0,,19818678000.0,2631124000.0,,22.522531067342015,0.43524155677790194,1887907000.0,,0
1415404,EchoStar,Communication Services,2023-02-23,0,2023,2,2022,58748281000.0,,18634246000.0,36698089000.0,,24.79652772996814,0.6246666008831816,19818678000.0,-0.059763421152510765,0
1415404,EchoStar,Communication Services,2024-02-29,6,2024,2,2023,57108894000.0,-1702057000.0,17015598000.0,36720602000.0,-0.02980371148493963,24.76822570330013,0.6429927009267593,18634246000.0,-0.08686415323700247,1
1415404,EchoStar,Communication Services,2025-02-27,6,2025,2,2024,60938687000.0,-119546000.0,15825516000.0,40693462000.0,-0.0019617423000925505,24.833134064489123,0.6677771380272765,17015598000.0,-0.06994065092511004,1
1415404,EchoStar,Communication Services,2026-03-02,6,2026,3,2025,43016355000.0,-14497180000.0,15004989000.0,37204357000.0,-0.33701553746243723,24.4848462291629,0.8648886452606224,15825516000.0,-0.051848356792915995,1
1418135,Keurig Dr Pepper,Consumer Staples,2019-02-28,0,2019,2,2018,48918000000.0,586000000.0,7442000000.0,26385000000.0,0.011979230549082138,24.613411263855237,0.539372010302956,,,0
1418135,Keurig Dr Pepper,Consumer Staples,2020-02-27,0,2020,2,2019,49518000000.0,1254000000.0,11120000000.0,26261000000.0,0.02532412456076578,24.625602076785015,0.530332404378206,7442000000.0,0.4942219833378123,0
1418135,Keurig Dr Pepper,Consumer Staples,2021-02-25,0,2021,2,2020,49779000000.0,1325000000.0,11618000000.0,25949000000.0,0.026617650013057714,24.63085904529517,0.5212840756142149,11120000000.0,0.044784172661870514,0
1418135,Keurig Dr Pepper,Consumer Staples,2022-02-24,2,2022,2,2021,50598000000.0,2146000000.0,12683000000.0,25626000000.0,0.04241274358670303,24.647177886766972,0.5064627060358117,11618000000.0,0.09166810122224134,1
1418135,Keurig Dr Pepper,Consumer Staples,2023-02-23,2,2023,2,2022,51837000000.0,1436000000.0,14057000000.0,26712000000.0,0.027702220421706503,24.671370016945506,0.5153075988193762,12683000000.0,0.1083339903808247,1
1418135,Keurig Dr Pepper,Consumer Staples,2024-02-22,1,2024,2,2023,52130000000.0,2181000000.0,14814000000.0,26454000000.0,0.041837713408785726,24.677006435726426,0.5074621139459045,14057000000.0,0.05385217329444414,1
1418135,Keurig Dr Pepper,Consumer Staples,2025-02-25,1,2025,2,2024,53430000000.0,1441000000.0,15351000000.0,29187000000.0,0.026969867115852517,24.701638222916092,0.5462661426165076,14814000000.0,0.03624949372215469,1
1418135,Keurig Dr Pepper,Consumer Staples,2026-02-24,1,2026,2,2025,55459000000.0,2079000000.0,16603000000.0,29943000000.0,0.0374871526713428,24.73890984595814,0.539912367695054,15351000000.0,0.08155820467721964,1
1437107,Warner Bros. Discovery,Communication Services,2019-03-01,0,2019,3,2018,32550000000.0,594000000.0,10553000000.0,22033000000.0,0.01824884792626728,24.206043205600988,0.6768970814132105,,,0
1437107,Warner Bros. Discovery,Communication Services,2020-02-27,0,2020,2,2019,33735000000.0,2069000000.0,11144000000.0,21769000000.0,0.06133096190899659,24.2418017110258,0.6452942048317771,10553000000.0,0.05600303231308623,0
1437107,Warner Bros. Discovery,Communication Services,2021-02-22,0,2021,2,2020,34087000000.0,1219000000.0,10671000000.0,21704000000.0,0.03576143397776278,24.25218191687706,0.6367236776483703,11144000000.0,-0.04244436468054558,0
1437107,Warner Bros. Discovery,Communication Services,2022-02-24,0,2022,2,2021,34427000000.0,1006000000.0,12191000000.0,21031000000.0,0.029221250762482935,24.262106977186548,0.6108868039620066,10671000000.0,0.14244213288351615,0
1437107,Warner Bros. Discovery,Communication Services,2023-02-24,0,2023,2,2022,134001000000.0,-7371000000.0,33817000000.0,85334000000.0,-0.05500705218617771,25.62111309955604,0.6368161431631107,12191000000.0,1.7739315888770406,0
1437107,Warner Bros. Discovery,Communication Services,2024-02-23,1,2024,2,2023,122757000000.0,-3126000000.0,41321000000.0,76285000000.0,-0.02546494293604438,25.53347262847167,0.6214309570940965,33817000000.0,0.22190022769612927,1
1437107,Warner Bros. Discovery,Communication Services,2025-02-27,1,2025,2,2024,104560000000.0,-11311000000.0,39321000000.0,69622000000.0,-0.10817712318286152,25.37302690626238,0.6658569242540169,41321000000.0,-0.04840153916894552,1
1437107,Warner Bros. Discovery,Communication Services,2026-02-27,1,2026,2,2025,100085000000.0,727000000.0,37296000000.0,62919000000.0,0.007263825748114103,25.32928566188908,0.6286556427037019,39321000000.0,-0.05149919890135046,1
1442145,Verisk Analytics,Industrials,2019-02-19,5,2019,2,2018,5900300000.0,598700000.0,2395100000.0,3829700000.0,0.10146941680931477,22.498269034023025,0.64906869142247,,,1
1442145,Verisk Analytics,Industrials,2020-02-18,3,2020,2,2019,7055200000.0,449900000.0,2607100000.0,4794400000.0,0.06376856786483728,22.677030770538245,0.6795555051593151,2395100000.0,0.08851404951776543,1
1442145,Verisk Analytics,Industrials,2021-02-23,4,2021,2,2020,7561800000.0,712700000.0,2269400000.0,4863600000.0,0.09425004628527599,22.746375094035777,0.6431801951916211,2607100000.0,-0.12953089639829696,1
1442145,Verisk Analytics,Industrials,2022-02-22,3,2022,2,2021,7808100000.0,666200000.0,2462500000.0,4965600000.0,0.08532165315505692,22.778427493352236,0.6359549698390133,2269400000.0,0.0850885696659911,1
1442145,Verisk Analytics,Industrials,2023-02-28,3,2023,2,2022,6961100000.0,953900000.0,2497000000.0,5193400000.0,0.13703294019623335,22.6636033447818,0.7460602490985621,2462500000.0,0.014010152284263944,1
1442145,Verisk Analytics,Industrials,2024-02-21,8,2024,2,2023,4366100000.0,614600000.0,2681400000.0,4043900000.0,0.1407663589931518,22.197135999072056,0.926204163899132,2497000000.0,0.0738486183420104,1
1442145,Verisk Analytics,Industrials,2025-02-26,8,2025,2,2024,4264700000.0,958200000.0,2881700000.0,4159700000.0,0.22468168921612305,22.173637675439526,0.9753792763852088,2681400000.0,0.07469978369508468,1
1442145,Verisk Analytics,Industrials,2026-02-18,8,2026,2,2025,6195500000.0,908300000.0,3072700000.0,5885700000.0,0.1466064078766847,22.54708905902082,0.9499959648131708,2881700000.0,0.0662803206440643,1
1466258,Trane Technologies,Industrials,2019-02-12,4,2019,2,2018,17914900000.0,1337600000.0,12343800000.0,10850100000.0,0.07466410641421387,23.608898605773152,0.6056466963254051,,,1
1466258,Trane Technologies,Industrials,2020-02-18,5,2020,2,2019,20492300000.0,1410900000.0,13075900000.0,13179900000.0,0.06885025106991406,23.743315042775663,0.6431635297160396,12343800000.0,0.059309126849106386,1
1466258,Trane Technologies,Industrials,2021-02-09,1,2021,2,2020,18156700000.0,854900000.0,12454700000.0,11729600000.0,0.04708454730209785,23.622305475545158,0.6460204772893753,13075900000.0,-0.04750724615514035,1
1466258,Trane Technologies,Industrials,2022-02-07,1,2022,2,2021,18059800000.0,1423400000.0,14136400000.0,11786700000.0,0.07881593373127056,23.61695431067681,0.6526484235705822,12454700000.0,0.13502533180245213,1
1466258,Trane Technologies,Industrials,2023-02-10,1,2023,2,2022,18081600000.0,1756500000.0,15991700000.0,11976400000.0,0.09714295195115477,23.61816068357016,0.6623528891248562,14136400000.0,0.13124274921479295,1
1466258,Trane Technologies,Industrials,2024-02-08,1,2024,2,2023,19391900000.0,2023900000.0,17677600000.0,12374900000.0,0.10436831873101655,23.688121290054344,0.6381478864886886,15991700000.0,0.10542343840867452,1
1466258,Trane Technologies,Industrials,2025-02-06,5,2025,2,2024,20146700000.0,2567900000.0,19838200000.0,12659800000.0,0.1274600803109194,23.72630634021489,0.6283808266366204,17677600000.0,0.12222247363895544,1
1466258,Trane Technologies,Industrials,2026-02-05,7,2026,2,2025,21420700000.0,2918600000.0,21321900000.0,12819800000.0,0.13625138300802495,23.787623581170603,0.5984771739485638,19838200000.0,0.07479005151677076,1
1467373,Accenture,Information Technology,2019-10-29,9,2019,10,2019,29789880000.0,4779112000.0,43215013000.0,29789880000.0,0.1604273666090632,24.117434575466106,1.0,,,1
1467373,Accenture,Information Technology,2020-10-22,6,2020,10,2020,37078593000.0,5107839000.0,44327039000.0,37078593000.0,0.13775708803190023,24.336305631940316,1.0,43215013000.0,0.025732399987939303,1
1467373,Accenture,Information Technology,2021-10-15,9,2021,10,2021,43175843000.0,5906809000.0,50533389000.0,43175843000.0,0.1368081915621196,24.48854698597673,1.0,44327039000.0,0.14001273579315776,1
1467373,Accenture,Information Technology,2022-10-12,11,2022,10,2022,47263390000.0,6877169000.0,61594305000.0,47263390000.0,0.14550731549302748,24.579001836983252,1.0,50533389000.0,0.21888332088710705,1
1467373,Accenture,Information Technology,2023-10-12,11,2023,10,2023,51245305000.0,6871557000.0,64111745000.0,51245305000.0,0.1340914450601865,24.659889841012404,1.0,61594305000.0,0.04087131107332076,1
1467373,Accenture,Information Technology,2024-10-10,9,2024,10,2024,55932363000.0,7264787000.0,64896464000.0,55932363000.0,0.1298852151124028,24.747408994127554,1.0,64111745000.0,0.012239863382286664,1
1467373,Accenture,Information Technology,2025-10-10,8,2025,10,2025,65394897000.0,7678433000.0,69672977000.0,65394897000.0,0.11741639412628786,24.903710064842326,1.0,64896464000.0,0.07360205326441216,1
1467858,General Motors,Consumer Discretionary,2019-02-06,2,2019,2,2018,227339000000.0,8014000000.0,147049000000.0,184562000000.0,0.03525132071487954,26.149708132497317,0.8118360686023955,,,1
1467858,General Motors,Consumer Discretionary,2020-02-05,4,2020,2,2019,228037000000.0,6732000000.0,137237000000.0,182080000000.0,0.02952152501567728,26.15277373343652,0.7984669154567022,147049000000.0,-0.06672605730062764,1
1467858,General Motors,Consumer Discretionary,2021-02-10,1,2021,2,2020,235194000000.0,6427000000.0,122485000000.0,185517000000.0,0.027326377373572457,26.18367654244141,0.7887828771142121,137237000000.0,-0.10749287728528023,1
1467858,General Motors,Consumer Discretionary,2022-02-02,1,2022,2,2021,244718000000.0,10019000000.0,127004000000.0,178903000000.0,0.04094100147925367,26.223372364150237,0.731057788965258,122485000000.0,0.03689431358941908,1
1467858,General Motors,Consumer Discretionary,2023-01-31,1,2023,1,2022,264037000000.0,9934000000.0,156735000000.0,191752000000.0,0.03762351488617126,26.29935508178757,0.7262315508811266,127004000000.0,0.23409498913420057,1
1467858,General Motors,Consumer Discretionary,2024-01-30,0,2024,1,2023,273064000000.0,10127000000.0,171842000000.0,204757000000.0,0.03708654381390443,26.332972036890858,0.7498498520493364,156735000000.0,0.0963856190385044,0
1467858,General Motors,Consumer Discretionary,2025-01-28,4,2025,1,2024,279761000000.0,6008000000.0,187442000000.0,214171000000.0,0.02147547370791497,26.357201504187568,0.765549880076208,171842000000.0,0.09078106632837146,1
1467858,General Motors,Consumer Discretionary,2026-01-27,6,2026,1,2025,281284000000.0,2697000000.0,185019000000.0,218116000000.0,0.009588174229604243,26.36263067204746,0.7754298147068444,187442000000.0,-0.012926665315137531,1
1474735,Generac,Industrials,2019-02-26,1,2019,2,2018,2426314000.0,238257000.0,2023464000.0,1604049000.0,0.09819710062259047,21.609639070255188,0.6611052815093182,,,1
1474735,Generac,Industrials,2020-02-25,1,2020,2,2019,2665669000.0,252007000.0,2204336000.0,1571591000.0,0.09453799402701536,21.70372089495592,0.5895671968275131,2023464000.0,0.08938730810135498,1
1474735,Generac,Industrials,2021-02-23,1,2021,2,2020,3235423000.0,350576000.0,2485200000.0,1779012000.0,0.10835553805483858,21.897425513692856,0.5498545321585462,2204336000.0,0.12741433247925915,1
1474735,Generac,Industrials,2022-02-22,1,2022,2,2021,4877780000.0,550494000.0,3737184000.0,2605643000.0,0.11285748844761347,22.307956035272078,0.5341862486623012,2485200000.0,0.5037759536455819,1
1474735,Generac,Industrials,2023-02-22,1,2023,2,2022,5169462000.0,399502000.0,4564737000.0,2799736000.0,0.07728115614352132,22.36603445815638,0.5415913686956205,3737184000.0,0.22143758509080635,1
1474735,Generac,Industrials,2024-02-21,1,2024,2,2023,5093312000.0,214606000.0,4022667000.0,2743693000.0,0.04213486234497317,22.35119414352623,0.5386854369023535,4564737000.0,-0.11875163892246143,1
1474735,Generac,Industrials,2025-02-19,6,2025,2,2024,5109331000.0,316315000.0,4295834000.0,2611888000.0,0.0619092793166072,22.35433431282612,0.5111996071501338,4022667000.0,0.06790693835706518,1
1474735,Generac,Industrials,2026-02-18,8,2026,2,2025,5573679000.0,159554000.0,4209147000.0,2934633000.0,0.028626334598745282,22.441321175542704,0.5265163279047824,4295834000.0,-0.020179317915915762,1
1478242,IQVIA,Health Care,2019-02-19,4,2019,2,2018,22549000000.0,259000000.0,10412000000.0,15595000000.0,0.011486096944432126,23.838956556013784,0.691604949221695,,,1
1478242,IQVIA,Health Care,2020-02-18,3,2020,2,2019,23251000000.0,191000000.0,11088000000.0,16988000000.0,0.008214700442991699,23.86961397880753,0.7306352414949895,10412000000.0,0.06492508643872452,1
1478242,IQVIA,Health Care,2021-02-12,3,2021,2,2020,24564000000.0,279000000.0,11359000000.0,18284000000.0,0.011358085002442599,23.924547793413563,0.7443413124898225,11088000000.0,0.024440836940836874,1
1478242,IQVIA,Health Care,2022-02-16,3,2022,2,2021,24689000000.0,966000000.0,13874000000.0,18647000000.0,0.03912673660334562,23.92962363725564,0.7552756288225525,11359000000.0,0.22141033541685018,1
1478242,IQVIA,Health Care,2023-02-15,3,2023,2,2022,25337000000.0,1091000000.0,14410000000.0,19572000000.0,0.04305955716935707,23.955531614933374,0.7724671429135257,13874000000.0,0.03863341502090245,1
1478242,IQVIA,Health Care,2024-02-15,5,2024,2,2023,26681000000.0,1358000000.0,14984000000.0,20569000000.0,0.05089764251714703,24.007217538550798,0.7709231288182602,14410000000.0,0.039833448993754406,1
1478242,IQVIA,Health Care,2025-02-13,9,2025,2,2024,26899000000.0,1373000000.0,15405000000.0,20832000000.0,0.051042789694784194,24.01535494814202,0.7744525818803673,14984000000.0,0.02809663641217308,1
1478242,IQVIA,Health Care,2026-02-17,18,2026,2,2025,29944000000.0,1360000000.0,16310000000.0,23314000000.0,0.04541811381244991,24.12259480754854,0.7785866951643067,15405000000.0,0.058747160012982746,1
1489393,LyondellBasell,Materials,2019-02-21,0,2019,2,2018,28278000000.0,4690000000.0,39004000000.0,28278000000.0,0.1658533135299526,24.065349954116062,1.0,,,0
1489393,LyondellBasell,Materials,2020-02-20,0,2020,2,2019,30435000000.0,3397000000.0,34727000000.0,30435000000.0,0.11161491703630688,24.138859098892297,1.0,39004000000.0,-0.10965541995692751,0
1489393,LyondellBasell,Materials,2021-02-25,0,2021,2,2020,35403000000.0,,27753000000.0,35403000000.0,,24.290062399258133,1.0,34727000000.0,-0.20082356667722523,0
1489393,LyondellBasell,Materials,2022-02-24,0,2022,2,2021,36742000000.0,,46173000000.0,36742000000.0,,24.327186351833156,1.0,27753000000.0,0.6637120311317695,0
1489393,LyondellBasell,Materials,2023-02-23,0,2023,2,2022,36365000000.0,,50451000000.0,36365000000.0,,24.316872610552913,1.0,46173000000.0,0.09265154960691313,0
1489393,LyondellBasell,Materials,2024-02-22,0,2024,2,2023,37000000000.0,,33336000000.0,37000000000.0,,24.334183749590636,1.0,50451000000.0,-0.33924005470654695,0
1489393,LyondellBasell,Materials,2025-02-27,2,2025,2,2024,35746000000.0,,33394000000.0,35746000000.0,,24.299704211714598,1.0,33336000000.0,0.0017398608111351965,1
1489393,LyondellBasell,Materials,2026-02-20,2,2026,2,2025,34003000000.0,,30153000000.0,34003000000.0,,24.24971459296419,1.0,33394000000.0,-0.09705336287955924,1
1501585,Huntington Ingalls Industries,Industrials,2019-02-14,2,2019,2,2018,6383000000.0,836000000.0,8176000000.0,4867000000.0,0.13097289675701082,22.57690404322033,0.7624941250195832,,,1
1501585,Huntington Ingalls Industries,Industrials,2020-02-13,4,2020,2,2019,7031000000.0,549000000.0,8899000000.0,5443000000.0,0.07808277627648984,22.673594780163437,0.7741430806428673,8176000000.0,0.08842954990215257,1
1501585,Huntington Ingalls Industries,Industrials,2021-02-11,1,2021,2,2020,8157000000.0,696000000.0,9361000000.0,6256000000.0,0.08532548731151159,22.822142291264853,0.7669486330758858,8899000000.0,0.05191594561186652,1
1501585,Huntington Ingalls Industries,Industrials,2022-02-10,4,2022,2,2021,10627000000.0,544000000.0,9524000000.0,7819000000.0,0.051190364166745085,23.086663769336973,0.7357673849628306,9361000000.0,0.017412669586582608,1
1501585,Huntington Ingalls Industries,Industrials,2023-02-09,6,2023,2,2022,10857000000.0,579000000.0,10676000000.0,7368000000.0,0.053329649074329924,23.108075870196128,0.6786405084277425,9524000000.0,0.12095758084838293,1
1501585,Huntington Ingalls Industries,Industrials,2024-02-01,5,2024,2,2023,11215000000.0,681000000.0,11454000000.0,7122000000.0,0.06072224699063754,23.140518004918583,0.6350423539901917,10676000000.0,0.0728737354814537,1
1501585,Huntington Ingalls Industries,Industrials,2025-02-06,10,2025,2,2024,12141000000.0,550000000.0,11535000000.0,7475000000.0,0.04530104604233589,23.21985399150825,0.6156823984844741,11454000000.0,0.007071765322158141,1
1501585,Huntington Ingalls Industries,Industrials,2026-02-05,7,2026,2,2025,12749000000.0,605000000.0,12484000000.0,7676000000.0,0.04745470232959448,23.268718674102395,0.6020864381520119,11535000000.0,0.08227134807108794,1
1506307,Kinder Morgan,Energy,2019-02-08,0,2019,2,2018,78866000000.0,1609000000.0,14144000000.0,43669000000.0,0.020401694012629017,25.091016046701483,0.5537113585068344,,,0
1506307,Kinder Morgan,Energy,2020-02-12,0,2020,2,2019,74157000000.0,2190000000.0,13209000000.0,39268000000.0,0.029531938994295886,25.02945030431133,0.5295251965424707,14144000000.0,-0.06610576923076927,0
1506307,Kinder Morgan,Energy,2021-02-05,0,2021,2,2020,71973000000.0,119000000.0,11700000000.0,39407000000.0,0.0016533978019535104,24.999556885632384,0.5475247662317814,13209000000.0,-0.11424029071087893,0
1506307,Kinder Morgan,Energy,2022-02-07,0,2022,2,2021,70416000000.0,1784000000.0,16610000000.0,38495000000.0,0.02533515110202227,24.977686347015148,0.5466797318791183,11700000000.0,0.4196581196581197,0
1506307,Kinder Morgan,Energy,2023-02-08,0,2023,2,2022,70078000000.0,2548000000.0,19200000000.0,37964000000.0,0.03635948514512401,24.972874744354524,0.5417392048859841,16610000000.0,0.15593016255267922,0
1506307,Kinder Morgan,Energy,2024-02-20,3,2024,2,2023,71020000000.0,2391000000.0,15334000000.0,39291000000.0,0.03366657279639538,24.986227364461353,0.5532385243593354,19200000000.0,-0.2013541666666666,1
1506307,Kinder Morgan,Energy,2025-02-13,3,2025,2,2024,71407000000.0,2613000000.0,15100000000.0,39540000000.0,0.036593051101432635,24.991661740702106,0.5537272256221378,15334000000.0,-0.015260206077996608,1
1506307,Kinder Morgan,Energy,2026-02-13,3,2026,2,2025,72748000000.0,3056000000.0,16937000000.0,40299000000.0,0.042008027712102054,25.010267251211182,0.5539533732886127,15100000000.0,0.12165562913907291,1
1510295,Marathon Petroleum,Energy,2019-02-28,0,2019,2,2018,92940000000.0,2780000000.0,32333000000.0,47887000000.0,0.029911771035076393,25.255219960603245,0.515246395523994,,,0
1510295,Marathon Petroleum,Energy,2020-02-28,0,2020,2,2019,98556000000.0,2637000000.0,31092000000.0,55449000000.0,0.026756361865335445,25.31389075149247,0.5626141483014733,32333000000.0,-0.038381838988030825,0
1510295,Marathon Petroleum,Energy,2021-02-26,0,2021,2,2020,85158000000.0,-9826000000.0,69779000000.0,54938000000.0,-0.11538551868291881,25.16777419149159,0.6451302285164048,31092000000.0,1.2442750546764443,0
1510295,Marathon Petroleum,Energy,2022-02-24,0,2022,2,2021,85373000000.0,9738000000.0,119983000000.0,51792000000.0,0.11406416548557506,25.17029572850148,0.6066554999824301,69779000000.0,0.71947147422577,0
1510295,Marathon Petroleum,Energy,2023-02-23,0,2023,2,2022,89904000000.0,14516000000.0,177453000000.0,54817000000.0,0.16146111407723795,25.222008271316255,0.6097281544758854,119983000000.0,0.4789845228073977,0
1510295,Marathon Petroleum,Energy,2024-02-28,2,2024,2,2023,85987000000.0,9681000000.0,148379000000.0,54588000000.0,0.11258678637468454,25.177461958982974,0.6348401502552712,177453000000.0,-0.16384056623443954,1
1510295,Marathon Petroleum,Energy,2025-02-27,3,2025,2,2024,78858000000.0,3445000000.0,138864000000.0,54352000000.0,0.043686119353775144,25.09091460367434,0.6892388850845824,148379000000.0,-0.0641263251538291,1
1510295,Marathon Petroleum,Energy,2026-02-26,3,2026,2,2025,83955000000.0,4047000000.0,132699000000.0,59869000000.0,0.04820439521172056,25.153546777957846,0.7131082127330117,138864000000.0,-0.04439595575527133,1
1512673,"Block, Inc.",Financials,2019-02-27,2,2019,2,2018,3281023000.0,-38453000.0,3298177000.0,2160522000.0,-0.011719820312140451,21.911421100958716,0.6584903549898918,,,1
1512673,"Block, Inc.",Financials,2020-02-26,3,2020,2,2019,4551258000.0,375446000.0,4713500000.0,2836208000.0,0.0824927964971443,22.23866951521123,0.6231701213159087,3298177000.0,0.42912281542197395,1
1512673,"Block, Inc.",Financials,2021-02-23,5,2021,2,2020,9869550000.0,213105000.0,9497578000.0,7187981000.0,0.0215921698557685,23.012720096647254,0.7282987572888329,4713500000.0,1.014973586506842,1
1512673,"Block, Inc.",Financials,2022-02-24,5,2022,2,2021,15026360000.0,166284000.0,17661203000.0,11712771000.0,0.011066153080320183,23.43307182907836,0.7794815910173855,9497578000.0,0.8595480868912053,1
1512673,"Block, Inc.",Financials,2023-02-23,3,2023,2,2022,31364340000.0,-540747000.0,17531587000.0,14112985000.0,-0.017240821901560816,24.168937415710353,0.44996913692429047,17661203000.0,-0.0073390244141353644,1
1512673,"Block, Inc.",Financials,2024-02-22,5,2024,2,2023,33031308000.0,9772000.0,21915623000.0,14338472000.0,0.0002958405401324101,24.220721675928342,0.4340873210349405,17531587000.0,0.25006498270806854,1
1512673,"Block, Inc.",Financials,2025-02-24,4,2025,2,2024,36777595000.0,2897047000.0,24121053000.0,15542633000.0,0.07877206217535432,24.328154665186386,0.4226114567850345,21915623000.0,0.10063277690075245,1
1512673,"Block, Inc.",Financials,2026-02-26,19,2026,2,2025,39549887000.0,1305636000.0,24193683000.0,17380005000.0,0.03301238256382376,24.400828674013134,0.43944512407835706,24121053000.0,0.00301106257674566,1
1513761,Norwegian Cruise Line Holdings,Consumer Discretionary,2019-02-27,0,2019,2,2018,15205970000.0,954843000.0,,9242969000.0,0.06279395526888452,23.444953950845278,0.6078513241838568,,,0
1513761,Norwegian Cruise Line Holdings,Consumer Discretionary,2020-02-27,0,2020,2,2019,16684599000.0,930228000.0,,10169020000.0,0.055753692372229026,23.537751915297857,0.609485430246181,,,0
1513761,Norwegian Cruise Line Holdings,Consumer Discretionary,2021-02-26,0,2021,2,2020,18399317000.0,-4012514000.0,,14045212000.0,-0.21807950806000026,23.635579381307185,0.7633550745389082,,,0
1513761,Norwegian Cruise Line Holdings,Consumer Discretionary,2022-03-01,0,2022,3,2021,18729837000.0,-4506587000.0,,16297187000.0,-0.24061004908905506,23.653383650748417,0.8701189978321755,,,0
1513761,Norwegian Cruise Line Holdings,Consumer Discretionary,2023-02-28,0,2023,2,2022,18557694000.0,-2269909000.0,,18489103000.0,-0.1223163287421379,23.644150310895675,0.9963039050002657,,,0
1513761,Norwegian Cruise Line Holdings,Consumer Discretionary,2024-02-28,0,2024,2,2023,19492990000.0,166178000.0,,19192183000.0,0.008525013350953342,23.69332075070562,0.9845684525565345,,,0
1513761,Norwegian Cruise Line Holdings,Consumer Discretionary,2025-02-27,3,2025,2,2024,19969811000.0,910257000.0,,18544372000.0,0.04558165322646268,23.71748752013305,0.9286203059207722,,,1
1513761,Norwegian Cruise Line Holdings,Consumer Discretionary,2026-03-02,3,2026,3,2025,22541401000.0,423246000.0,,20331513000.0,0.018776383952355046,23.838619499793243,0.9019631477209424,,,1
1521332,Aptiv,Consumer Discretionary,2019-02-04,4,2019,2,2018,12480000000.0,1067000000.0,14435000000.0,8810000000.0,0.08549679487179487,23.247393199887693,0.7059294871794872,,,1
1521332,Aptiv,Consumer Discretionary,2020-02-03,6,2020,2,2019,13459000000.0,990000000.0,14357000000.0,9448000000.0,0.07355672784010699,23.32291386419799,0.7019838026599302,14435000000.0,-0.005403533079321066,1
1521332,Aptiv,Consumer Discretionary,2021-02-08,6,2021,2,2020,17522000000.0,1804000000.0,13066000000.0,9422000000.0,0.10295628352927748,23.586723071190583,0.5377240041091199,14357000000.0,-0.08992129274918159,1
1521332,Aptiv,Consumer Discretionary,2022-02-07,6,2022,2,2021,18007000000.0,590000000.0,15618000000.0,9446000000.0,0.032765035819403564,23.614026408133782,0.5245737768645526,13066000000.0,0.19531608755548757,1
1521332,Aptiv,Consumer Discretionary,2023-02-08,6,2023,2,2022,21884000000.0,594000000.0,17489000000.0,12790000000.0,0.02714311825991592,23.80902161314799,0.5844452568086274,15618000000.0,0.11979766935587133,1
1521332,Aptiv,Consumer Discretionary,2024-02-06,7,2024,2,2023,24427000000.0,2938000000.0,20051000000.0,12583000000.0,0.1202767429483768,23.918954914839276,0.5151267040569861,17489000000.0,0.14649208073646292,1
1521332,Aptiv,Consumer Discretionary,2025-02-07,6,2025,2,2024,23458000000.0,1787000000.0,19713000000.0,14373000000.0,0.07617870236166766,23.878477425045727,0.6127120811663398,20051000000.0,-0.016857014612737475,1
1521332,Aptiv,Consumer Discretionary,2026-02-06,22,2026,2,2025,23413000000.0,165000000.0,20398000000.0,13914000000.0,0.007047366847477897,23.876557260601768,0.5942852261564089,19713000000.0,0.03474864302744374,1
1524472,Xylem Inc.,Industrials,2019-02-22,1,2019,2,2018,7222000000.0,549000000.0,5207000000.0,4440000000.0,0.0760177236222653,22.700397759801675,0.6147881473276101,,,1
1524472,Xylem Inc.,Industrials,2020-02-28,1,2020,2,2019,7710000000.0,401000000.0,5249000000.0,4743000000.0,0.052010376134889756,22.76578402452165,0.6151750972762646,5207000000.0,0.008066064912617632,1
1524472,Xylem Inc.,Industrials,2021-02-26,1,2021,2,2020,8750000000.0,254000000.0,4876000000.0,5774000000.0,0.029028571428571428,22.892319537315934,0.6598857142857143,5249000000.0,-0.07106115450562012,1
1524472,Xylem Inc.,Industrials,2022-02-25,1,2022,2,2021,8276000000.0,427000000.0,5195000000.0,5050000000.0,0.05159497341710972,22.83662559682971,0.610198163363944,4876000000.0,0.06542247744052498,1
1524472,Xylem Inc.,Industrials,2023-02-24,1,2023,2,2022,7952000000.0,355000000.0,5522000000.0,4449000000.0,0.044642857142857144,22.796689306300685,0.5594818913480886,5195000000.0,0.06294513955726666,1
1524472,Xylem Inc.,Industrials,2024-02-28,2,2024,2,2023,16112000000.0,609000000.0,7364000000.0,5936000000.0,0.03779791459781529,23.502830172922618,0.3684210526315789,5522000000.0,0.33357479174212235,1
1524472,Xylem Inc.,Industrials,2025-03-03,6,2025,3,2024,16493000000.0,890000000.0,8562000000.0,5611000000.0,0.053962287030861575,23.526201885412426,0.3402049354271509,7364000000.0,0.16268332428028254,1
1524472,Xylem Inc.,Industrials,2026-02-25,6,2026,2,2025,17634000000.0,957000000.0,9035000000.0,5885000000.0,0.05427015991833957,23.59309469361125,0.33373029375070884,8562000000.0,0.055244101845363325,1
1534701,Phillips 66,Energy,2019-02-22,0,2019,2,2018,54302000000.0,5595000000.0,111461000000.0,27149000000.0,0.10303487900998122,24.717826895620526,0.4999631689440536,,,0
1534701,Phillips 66,Energy,2020-02-21,0,2020,2,2019,58720000000.0,3076000000.0,107293000000.0,31551000000.0,0.05238419618528611,24.79604622125267,0.5373126702997275,111461000000.0,-0.037394245520854796,0
1534701,Phillips 66,Energy,2021-02-24,0,2021,2,2020,54721000000.0,-3975000000.0,64129000000.0,33198000000.0,-0.07264121635204035,24.725513384947526,0.6066775095484366,107293000000.0,-0.40230024325911284,0
1534701,Phillips 66,Energy,2022-02-18,0,2022,2,2021,55594000000.0,1317000000.0,111476000000.0,33957000000.0,0.023689606792099867,24.741341118710785,0.610803324099723,64129000000.0,0.7383087214832602,0
1534701,Phillips 66,Energy,2023-02-22,0,2023,2,2022,76442000000.0,11024000000.0,169990000000.0,42336000000.0,0.1442139138170116,25.059798120288082,0.5538316632217891,111476000000.0,0.5249022211058882,0
1534701,Phillips 66,Energy,2024-02-21,0,2024,2,2023,75501000000.0,7015000000.0,147399000000.0,43851000000.0,0.09291267665328937,25.047411738146785,0.5808002543012676,169990000000.0,-0.13289605270898286,0
1534701,Phillips 66,Energy,2025-02-21,2,2025,2,2024,72582000000.0,2117000000.0,143153000000.0,44119000000.0,0.0291670111046816,25.007982794152177,0.6078504312363947,147399000000.0,-0.02880616557778548,1
1534701,Phillips 66,Energy,2026-02-20,2,2026,2,2025,73680000000.0,4403000000.0,132376000000.0,43439000000.0,0.05975841476655809,25.022997228893463,0.5895629750271444,143153000000.0,-0.07528308872325418,1
1535527,CrowdStrike,Information Technology,2020-03-23,14,2020,3,2019,433219000.0,-140077000.0,,363100000.0,-0.3233399273808397,19.886753931778426,0.8381442180513782,,,1
1535527,CrowdStrike,Information Technology,2021-03-18,13,2021,3,2020,1404906000.0,-141779000.0,,662299000.0,-0.10091707203186548,21.063236233579364,0.471418728370439,,,1
1535527,CrowdStrike,Information Technology,2022-03-16,12,2022,3,2021,2732533000.0,-92629000.0,,1860659000.0,-0.03389858420740024,21.728494854794743,0.680928281561467,,,1
1535527,CrowdStrike,Information Technology,2023-03-09,13,2023,3,2022,3618381000.0,-234802000.0,,2580738000.0,-0.0648914528348452,22.00929252517448,0.7132300329898924,,,1
1535527,CrowdStrike,Information Technology,2024-03-07,22,2024,3,2023,5026540000.0,-183245000.0,,3539106000.0,-0.03645549423659217,22.33799771160162,0.7040839225391621,,,1
1535527,CrowdStrike,Information Technology,2025-03-10,28,2025,3,2024,6646520000.0,72181000.0,,4309431000.0,0.010859968825791542,22.617359246369936,0.6483740363378129,,,1
1535527,CrowdStrike,Information Technology,2026-03-05,30,2026,3,2025,8701578000.0,-15241000.0,,5382661000.0,-0.0017515213907178676,22.886770225470055,0.6185844682424269,,,1
1539838,Diamondback Energy,Energy,2019-02-25,0,2019,2,2018,21596000000.0,846000000.0,2176000000.0,7429000000.0,0.03917392109649935,23.79577394930245,0.3439988886830895,,,0
1539838,Diamondback Energy,Energy,2020-02-27,0,2020,2,2019,23531000000.0,240000000.0,3964000000.0,8625000000.0,0.010199311546470613,23.881584537720155,0.3665377587012877,2176000000.0,0.8216911764705883,0
1539838,Diamondback Energy,Energy,2021-02-25,0,2021,2,2020,17619000000.0,-4517000000.0,2813000000.0,7815000000.0,-0.2563709631647653,23.592243702154903,0.44355525285203473,3964000000.0,-0.2903632694248234,0
1539838,Diamondback Energy,Energy,2022-02-24,0,2022,2,2021,22898000000.0,2182000000.0,6797000000.0,9653000000.0,0.09529216525460739,23.854315407448034,0.4215652022010656,2813000000.0,1.4162815499466763,0
1539838,Diamondback Energy,Energy,2023-02-23,0,2023,2,2022,26209000000.0,4386000000.0,9643000000.0,10519000000.0,0.16734709450951962,23.98936870017729,0.4013506810637567,6797000000.0,0.4187141385905546,0
1539838,Diamondback Energy,Energy,2024-02-22,0,2024,2,2023,29001000000.0,3143000000.0,8412000000.0,11571000000.0,0.10837557325609462,24.09059614909699,0.39898624185372916,9643000000.0,-0.12765736803899197,0
1539838,Diamondback Energy,Energy,2025-02-26,1,2025,2,2024,67292000000.0,3338000000.0,11066000000.0,27430000000.0,0.049604707840456515,24.932307195803325,0.4076264637698389,8412000000.0,0.31550166428911086,1
1539838,Diamondback Energy,Energy,2026-02-25,1,2026,2,2025,71059000000.0,1664000000.0,15026000000.0,28092000000.0,0.02341716038784672,24.98677635482558,0.39533345529771036,11066000000.0,0.35785288270377724,1
1543151,Uber,Industrials,2020-03-02,5,2020,3,2019,31761000000.0,-8506000000.0,13000000000.0,16578000000.0,-0.2678127262995498,24.181504958975765,0.5219608954378011,,,1
1543151,Uber,Industrials,2021-03-01,2,2021,3,2020,33252000000.0,-6768000000.0,11139000000.0,19498000000.0,-0.20353662937567665,24.227380752615254,0.5863707446168651,13000000000.0,-0.1431538461538462,1
1543151,Uber,Industrials,2022-02-24,2,2022,2,2021,38774000000.0,-496000000.0,17455000000.0,23425000000.0,-0.012792077165110641,24.38101575586343,0.6041419507917677,11139000000.0,0.5670167878624652,1
1543151,Uber,Industrials,2023-02-21,2,2023,2,2022,32109000000.0,-9141000000.0,31877000000.0,23605000000.0,-0.2846865364850976,24.19240220161676,0.7351521380298359,17455000000.0,0.8262389000286452,1
1543151,Uber,Industrials,2024-02-15,6,2024,2,2023,38699000000.0,1887000000.0,37281000000.0,26017000000.0,0.048760949895346135,24.379079596855014,0.6722912736763224,31877000000.0,0.16952661793769797,1
1543151,Uber,Industrials,2025-02-14,5,2025,2,2024,51244000000.0,9856000000.0,43978000000.0,28768000000.0,0.19233471235656857,24.6598643749406,0.5613925532745297,37281000000.0,0.17963573938467325,1
1543151,Uber,Industrials,2026-02-13,7,2026,2,2025,61802000000.0,10053000000.0,52017000000.0,33719000000.0,0.16266463868483222,24.84720156334595,0.5455972298631112,43978000000.0,0.1827959434262585,1
1551152,AbbVie,Health Care,2019-02-27,0,2019,2,2018,59352000000.0,5687000000.0,32753000000.0,59352000000.0,0.09581816956463135,24.806751655833637,1.0,,,0
1551152,AbbVie,Health Care,2020-02-21,0,2020,2,2019,89115000000.0,7882000000.0,33266000000.0,89115000000.0,0.08844751164226,25.213193507422226,1.0,32753000000.0,0.01566268738741483,0
1551152,AbbVie,Health Care,2021-02-19,0,2021,2,2020,150565000000.0,4616000000.0,45804000000.0,150565000000.0,0.030657855411284164,25.737660721583815,1.0,33266000000.0,0.37690134070823067,0
1551152,AbbVie,Health Care,2022-02-18,0,2022,2,2021,146529000000.0,11542000000.0,56197000000.0,146529000000.0,0.07876939035958752,25.710489198032008,1.0,45804000000.0,0.22690158064797838,0
1551152,AbbVie,Health Care,2023-02-17,0,2023,2,2022,138805000000.0,11836000000.0,58054000000.0,138805000000.0,0.08527070350491697,25.656335907425056,1.0,56197000000.0,0.03304446856593768,0
1551152,AbbVie,Health Care,2024-02-20,0,2024,2,2023,134711000000.0,4863000000.0,54318000000.0,134711000000.0,0.036099501896652834,25.626397579983205,1.0,58054000000.0,-0.06435387742446685,0
1551152,AbbVie,Health Care,2025-02-14,2,2025,2,2024,135161000000.0,4278000000.0,56334000000.0,135161000000.0,0.03165114197142667,25.629732497403783,1.0,54318000000.0,0.037114768584999513,1
1551152,AbbVie,Health Care,2026-02-20,2,2026,2,2025,133960000000.0,4226000000.0,61160000000.0,133960000000.0,0.03154673036727381,25.620807084872414,1.0,56334000000.0,0.08566762523520421,1
1551182,Eaton Corporation,Industrials,2019-02-27,0,2019,2,2018,31092000000.0,2145000000.0,21609000000.0,31092000000.0,0.0689888074102663,24.160216388314385,1.0,,,0
1551182,Eaton Corporation,Industrials,2020-02-26,0,2020,2,2019,32805000000.0,2211000000.0,21390000000.0,32805000000.0,0.06739826245999085,24.213846779743253,1.0,21609000000.0,-0.010134666111342505,0
1551182,Eaton Corporation,Industrials,2021-02-24,0,2021,2,2020,31824000000.0,1410000000.0,17858000000.0,31824000000.0,0.04430618401206637,24.18348655905803,1.0,21390000000.0,-0.16512388966806923,0
1551182,Eaton Corporation,Industrials,2022-02-23,0,2022,2,2021,34027000000.0,2144000000.0,19628000000.0,34027000000.0,0.06300878713962442,24.250420164065044,1.0,17858000000.0,0.09911524246836145,0
1551182,Eaton Corporation,Industrials,2023-02-23,0,2023,2,2022,35014000000.0,2462000000.0,20752000000.0,35014000000.0,0.070314731250357,24.279013818457152,1.0,19628000000.0,0.05726513144487466,0
1551182,Eaton Corporation,Industrials,2024-02-29,0,2024,2,2023,38432000000.0,3218000000.0,23196000000.0,38432000000.0,0.0837323064113239,24.372156282843985,1.0,20752000000.0,0.11777178103315333,0
1551182,Eaton Corporation,Industrials,2025-02-27,0,2025,2,2024,38381000000.0,3794000000.0,24878000000.0,38381000000.0,0.09885099398139705,24.370828382423635,1.0,23196000000.0,0.07251250215554417,0
1551182,Eaton Corporation,Industrials,2026-02-26,6,2026,2,2025,41251000000.0,4087000000.0,27448000000.0,41251000000.0,0.0990763860270054,24.4429411918575,1.0,24878000000.0,0.10330412412573353,1
1555280,Zoetis,Health Care,2019-02-14,0,2019,2,2018,10777000000.0,1428000000.0,5825000000.0,8592000000.0,0.13250440753456436,23.100680070561108,0.7972534100398998,,,0
1555280,Zoetis,Health Care,2020-02-13,0,2020,2,2019,11545000000.0,1500000000.0,6260000000.0,8837000000.0,0.12992637505413598,23.169518279752868,0.7654395842355999,5825000000.0,0.07467811158798288,0
1555280,Zoetis,Health Care,2021-02-16,2,2021,2,2020,13609000000.0,1638000000.0,6675000000.0,9836000000.0,0.12036152546109193,23.33399717552459,0.7227569990447498,6260000000.0,0.06629392971246006,1
1555280,Zoetis,Health Care,2022-02-15,4,2022,2,2021,13900000000.0,2037000000.0,7776000000.0,9356000000.0,0.14654676258992805,23.355154677083057,0.6730935251798561,6675000000.0,0.1649438202247191,1
1555280,Zoetis,Health Care,2023-02-14,2,2023,2,2022,14925000000.0,2114000000.0,8080000000.0,10522000000.0,0.14164154103852597,23.426303496225078,0.7049916247906197,7776000000.0,0.039094650205761416,1
1555280,Zoetis,Health Care,2024-02-13,2,2024,2,2023,14286000000.0,2344000000.0,8544000000.0,9295000000.0,0.16407671846563068,23.38254587367919,0.6506369872602548,8080000000.0,0.05742574257425748,1
1555280,Zoetis,Health Care,2025-02-13,2,2025,2,2024,14237000000.0,2486000000.0,9256000000.0,9467000000.0,0.1746154386457821,23.37911004657802,0.664957505092365,8544000000.0,0.08333333333333326,1
1555280,Zoetis,Health Care,2026-02-12,6,2026,2,2025,15467000000.0,2673000000.0,9467000000.0,12136000000.0,0.17281955130277366,23.461974559002414,0.7846382621064201,9256000000.0,0.022796024200518517,1
1559720,Airbnb,Consumer Discretionary,2021-02-26,6,2021,2,2020,10491499000.0,-4585000000.0,3378000000.0,7589716000.0,-0.43702048677696104,23.073831147143764,0.7234157864381439,,,1
1559720,Airbnb,Consumer Discretionary,2022-02-25,9,2022,2,2021,13708000000.0,-352000000.0,5992000000.0,8933000000.0,-0.02567843594981033,23.341245440958772,0.6516632623285673,3378000000.0,0.7738306690349319,1
1559720,Airbnb,Consumer Discretionary,2023-02-17,10,2023,2,2022,16038000000.0,1893000000.0,8399000000.0,10478000000.0,0.11803217358772915,23.49822674333125,0.6533233570270607,5992000000.0,0.401702269692924,1
1559720,Airbnb,Consumer Discretionary,2024-02-16,13,2024,2,2023,20645000000.0,4792000000.0,9917000000.0,12480000000.0,0.2321143133930734,23.750738996284465,0.604504722693146,8399000000.0,0.18073580188117644,1
1559720,Airbnb,Consumer Discretionary,2025-02-13,15,2025,2,2024,20959000000.0,2648000000.0,11102000000.0,12547000000.0,0.12634190562526837,23.765833985337434,0.598644973519729,9917000000.0,0.11949178178884745,1
1559720,Airbnb,Consumer Discretionary,2026-02-12,18,2026,2,2025,22208000000.0,2511000000.0,12241000000.0,14009000000.0,0.11306736311239193,23.823718421270804,0.6308087175792507,11102000000.0,0.10259412718429117,1
1561550,Datadog,Information Technology,2020-02-25,5,2020,2,2019,1038041000.0,-16710000.0,362780000.0,255700000.0,-0.016097630055074894,20.76060111994665,0.24632938390680137,,,1
1561550,Datadog,Information Technology,2021-03-01,5,2021,3,2020,1890285000.0,-24547000.0,603466000.0,932853000.0,-0.012985872500707565,21.359993448300536,0.49349859941754814,362780000.0,0.6634489222118087,1
1561550,Datadog,Information Technology,2022-02-25,4,2022,2,2021,2380794000.0,-20745000.0,1028784000.0,1339591000.0,-0.008713479620664367,21.59069988243858,0.5626656485189395,603466000.0,0.7047919849668416,1
1561550,Datadog,Information Technology,2023-02-24,4,2023,2,2022,3004852000.0,-50160000.0,1675100000.0,1594347000.0,-0.016693001851671895,21.82349415247278,0.5305908577194484,1028784000.0,0.6282329429695641,1
1561550,Datadog,Information Technology,2024-02-23,14,2024,2,2023,3936072000.0,48568000.0,2128359000.0,1910718000.0,0.012339205177141068,22.093449108652035,0.4854377663823223,1675100000.0,0.2705862336576921,1
1561550,Datadog,Information Technology,2025-02-20,15,2025,2,2024,5785339000.0,183746000.0,2684275000.0,3070976000.0,0.03176062802888474,22.478592795702287,0.5308204065483457,2128359000.0,0.2611946574802466,1
1561550,Datadog,Information Technology,2026-02-18,17,2026,2,2025,6643844000.0,107741000.0,3427158000.0,2911638000.0,0.01621666613484603,22.616956548590377,0.43824599132670783,2684275000.0,0.2767536858183308,1
1564708,News Corp (Class A),Communication Services,2019-08-13,0,2019,8,2019,15711000000.0,155000000.0,10074000000.0,15711000000.0,0.009865699191649162,23.477626940911872,1.0,,,0
1564708,News Corp (Class A),Communication Services,2020-08-11,0,2020,8,2020,14261000000.0,-1269000000.0,9008000000.0,14261000000.0,-0.08898394222004068,23.380794375701043,1.0,10074000000.0,-0.10581695453643036,0
1564708,News Corp (Class A),Communication Services,2021-08-10,0,2021,8,2021,16771000000.0,330000000.0,9358000000.0,16771000000.0,0.01967682308747242,23.5429170412959,1.0,9008000000.0,0.03885435168738893,0
1564708,News Corp (Class A),Communication Services,2022-08-12,0,2022,8,2022,17221000000.0,623000000.0,10385000000.0,17221000000.0,0.03617676093142094,23.569395406269173,1.0,9358000000.0,0.10974567215216924,0
1564708,News Corp (Class A),Communication Services,2023-08-15,6,2023,8,2023,16921000000.0,149000000.0,8012000000.0,16921000000.0,0.00880562614502689,23.5518212910329,1.0,10385000000.0,-0.22850264805007225,1
1564708,News Corp (Class A),Communication Services,2024-08-13,6,2024,8,2024,16684000000.0,266000000.0,8252000000.0,16684000000.0,0.015943418844401824,23.53771601328111,1.0,8012000000.0,0.029955067398901747,1
1564708,News Corp (Class A),Communication Services,2025-08-06,4,2025,8,2025,15504000000.0,1180000000.0,8452000000.0,15504000000.0,0.076109391124871,23.46436389209482,1.0,8252000000.0,0.02423654871546299,1
1564708,News Corp (Class A),Communication Services,2026-08-07,2,2026,8,2026,15544000000.0,573000000.0,9028000000.0,15544000000.0,0.03686309830159547,23.46694054902155,1.0,8452000000.0,0.06814955040227155,1
1571949,Intercontinental Exchange,Financials,2019-02-07,1,2019,2,2018,92791000000.0,1988000000.0,6276000000.0,75489000000.0,0.021424491599400804,25.253615489276815,0.8135379508788568,,,1
1571949,Intercontinental Exchange,Financials,2020-02-06,2,2020,2,2019,94493000000.0,1933000000.0,6547000000.0,77129000000.0,0.02045654175441567,25.271791594628414,0.8162403564285186,6276000000.0,0.04318036966220529,1
1571949,Intercontinental Exchange,Financials,2021-02-04,7,2021,2,2020,126200000000.0,2089000000.0,8244000000.0,106573000000.0,0.01655309033280507,25.561133787053524,0.8444770206022187,6547000000.0,0.25920268825416226,1
1571949,Intercontinental Exchange,Financials,2022-02-03,12,2022,2,2021,193502000000.0,4058000000.0,9168000000.0,170754000000.0,0.020971359469152774,25.988553685280145,0.8824404915711466,8244000000.0,0.11208151382823872,1
1571949,Intercontinental Exchange,Financials,2023-02-02,12,2023,2,2022,194338000000.0,1446000000.0,9636000000.0,171577000000.0,0.0074406446500427095,25.992864748062598,0.8828793133612572,9168000000.0,0.05104712041884807,1
1571949,Intercontinental Exchange,Financials,2024-02-08,11,2024,2,2023,136084000000.0,2368000000.0,9903000000.0,110298000000.0,0.01740101701890009,25.63653817907585,0.8105140942359131,9636000000.0,0.027708592777085927,1
1571949,Intercontinental Exchange,Financials,2025-02-06,19,2025,2,2024,139428000000.0,2754000000.0,11761000000.0,111708000000.0,0.019752130131680867,25.660814175935137,0.8011877097856959,9903000000.0,0.18761991315762905,1
1571949,Intercontinental Exchange,Financials,2026-02-05,26,2026,2,2025,136887000000.0,3315000000.0,12640000000.0,107896000000.0,0.024217054943128275,25.642421604907156,0.7882121750056617,11761000000.0,0.07473854264093194,1
1571996,Dell Technologies,Information Technology,2019-03-29,2,2019,3,2018,122281000000.0,-2849000000.0,79040000000.0,106910000000.0,-0.023298795397486118,25.529587511887847,0.8742977240945037,,,1
1571996,Dell Technologies,Information Technology,2020-03-27,6,2020,3,2019,111820000000.0,-2310000000.0,90621000000.0,111566000000.0,-0.020658200679663747,25.44015627254491,0.9977284922196387,79040000000.0,0.14652074898785417,1
1571996,Dell Technologies,Information Technology,2021-03-26,8,2021,3,2020,118861000000.0,4616000000.0,84815000000.0,115077000000.0,0.03883527818207823,25.50122058010883,0.9681644946618319,90621000000.0,-0.06406903477118986,1
1571996,Dell Technologies,Information Technology,2022-03-24,3,2022,3,2021,123415000000.0,3250000000.0,86670000000.0,115390000000.0,0.02633391402989912,25.5388184969461,0.9349754892030953,84815000000.0,0.021871131285739587,1
1571996,Dell Technologies,Information Technology,2023-03-30,10,2023,3,2022,92735000000.0,5563000000.0,101197000000.0,94315000000.0,0.05998813824338168,25.253011800287663,1.017037795869952,86670000000.0,0.16761278412368763,1
1571996,Dell Technologies,Information Technology,2024-03-25,9,2024,3,2023,89611000000.0,2442000000.0,102301000000.0,92636000000.0,0.02725111872426376,25.218743917249082,1.0337570164377141,101197000000.0,0.010909414310700916,1
1571996,Dell Technologies,Information Technology,2025-03-25,10,2025,3,2024,82126000000.0,3388000000.0,88425000000.0,84258000000.0,0.041253683364586125,25.131520490237175,1.025960110074763,102301000000.0,-0.13563894781087182,1
1571996,Dell Technologies,Information Technology,2026-03-16,9,2026,3,2025,79746000000.0,4592000000.0,95567000000.0,81133000000.0,0.057582825470870014,25.10211242061366,1.0173927218920071,88425000000.0,0.08076901328809716,1
1579241,Allegion,Industrials,2019-02-19,0,2019,2,2018,2810200000.0,434900000.0,2731700000.0,2156200000.0,0.15475766849334566,21.756521492136514,0.7672763504376913,,,0
1579241,Allegion,Industrials,2020-02-18,0,2020,2,2019,2967200000.0,401800000.0,2854000000.0,2206800000.0,0.1354138581827986,21.810884584139657,0.7437314640064707,2731700000.0,0.04477065563568483,0
1579241,Allegion,Industrials,2021-02-16,2,2021,2,2020,3069400000.0,314300000.0,2719900000.0,2236800000.0,0.10239786277448361,21.844747939705268,0.7287417736365414,2854000000.0,-0.04698668535388928,1
1579241,Allegion,Industrials,2022-02-15,1,2022,2,2021,3051000000.0,483000000.0,2867400000.0,2288600000.0,0.1583087512291052,21.838735242680944,0.7501147164863979,2719900000.0,0.054229934924078016,1
1579241,Allegion,Industrials,2023-02-22,1,2023,2,2022,3991200000.0,458000000.0,3271900000.0,3046700000.0,0.11475245540188414,22.107357774511105,0.7633543796351975,2867400000.0,0.14106856385575783,1
1579241,Allegion,Industrials,2024-02-20,2,2024,2,2023,4311500000.0,540400000.0,3650800000.0,2993200000.0,0.12533920909196336,22.184551708356654,0.6942363446596312,3271900000.0,0.11580427274672211,1
1579241,Allegion,Industrials,2025-02-18,3,2025,2,2024,4487800000.0,597500000.0,3772200000.0,2987100000.0,0.13313873167253443,22.224628440893976,0.6656045278310085,3650800000.0,0.033252985646981426,1
1579241,Allegion,Industrials,2026-02-17,4,2026,2,2025,5223700000.0,643800000.0,4067300000.0,3156100000.0,0.1232459750751383,22.376471800012727,0.6041886019488102,3772200000.0,0.07823021048724876,1
1585689,Hilton Worldwide,Consumer Discretionary,2019-02-13,0,2019,2,2018,13995000000.0,764000000.0,8906000000.0,13437000000.0,0.05459092533047517,23.361965959913828,0.9601286173633441,,,0
1585689,Hilton Worldwide,Consumer Discretionary,2020-02-11,0,2020,2,2019,14957000000.0,881000000.0,9452000000.0,15429000000.0,0.058902186267299594,23.4284452546236,1.0315571304405964,8906000000.0,0.06130698405569279,0
1585689,Hilton Worldwide,Consumer Discretionary,2021-02-17,0,2021,2,2020,16755000000.0,-715000000.0,4307000000.0,18241000000.0,-0.0426738287078484,23.541962558135683,1.0886899433005073,9452000000.0,-0.5443292424883622,0
1585689,Hilton Worldwide,Consumer Discretionary,2022-02-16,0,2022,2,2021,15441000000.0,410000000.0,5788000000.0,16260000000.0,0.02655268441163137,23.460292146285138,1.0530406061783564,4307000000.0,0.34385883445553755,0
1585689,Hilton Worldwide,Consumer Discretionary,2023-02-09,0,2023,2,2022,15512000000.0,1255000000.0,8773000000.0,16610000000.0,0.08090510572460032,23.464879754886763,1.0707839092315627,5788000000.0,0.515722183828611,0
1585689,Hilton Worldwide,Consumer Discretionary,2024-02-07,3,2024,2,2023,15401000000.0,1141000000.0,10235000000.0,17748000000.0,0.07408609830530485,23.45769827932274,1.152392701772612,8773000000.0,0.16664766898438388,1
1585689,Hilton Worldwide,Consumer Discretionary,2025-02-06,4,2025,2,2024,16522000000.0,1535000000.0,11174000000.0,20211000000.0,0.09290642779324537,23.527958663086725,1.2232780535044183,10235000000.0,0.09174401563263301,1
1585689,Hilton Worldwide,Consumer Discretionary,2026-02-11,5,2026,2,2025,16774000000.0,1457000000.0,12039000000.0,22120000000.0,0.08686061762251103,23.54309590550863,1.3187075235483485,11174000000.0,0.07741184893502773,1
1596532,Arista Networks,Information Technology,2019-02-15,15,2019,2,2018,3081983000.0,328115000.0,2151369000.0,938594000.0,0.10646230040853567,21.848839057930356,0.3045422379033239,,,1
1596532,Arista Networks,Information Technology,2020-02-14,16,2020,2,2019,4185290000.0,859867000.0,2410706000.0,1290604000.0,0.2054498015669165,22.15484183358861,0.30836668426799574,2151369000.0,0.12054510407094265,1
1596532,Arista Networks,Information Technology,2021-02-19,23,2021,2,2020,4738919000.0,634557000.0,2317512000.0,1418628000.0,0.133903322677598,22.279074887572243,0.2993568786467969,2410706000.0,-0.038658384722151884,1
1596532,Arista Networks,Information Technology,2022-02-15,21,2022,2,2021,5734429000.0,840854000.0,2948037000.0,1755829000.0,0.14663255923126783,22.469754018490704,0.30619072971345535,2317512000.0,0.27206978863539866,1
1596532,Arista Networks,Information Technology,2023-02-14,21,2023,2,2022,6775410000.0,1352446000.0,4381310000.0,1889590000.0,0.19961094605344917,22.63656571848629,0.2788893956232907,2948037000.0,0.4861787691267103,1
1596532,Arista Networks,Information Technology,2024-02-13,22,2024,2,2023,9956635000.0,2087300000.0,5860200000.0,2737576000.0,0.20963909995696337,23.021505000052652,0.27494992032950893,4381310000.0,0.33754516343285457,1
1596532,Arista Networks,Information Technology,2025-02-19,21,2025,2,2024,14043900000.0,2852100000.0,7003100000.0,4049100000.0,0.2030846132484566,23.36545397474875,0.28831734774528445,5860200000.0,0.19502747346506943,1
1596532,Arista Networks,Information Technology,2026-02-17,11,2026,2,2025,19448600000.0,3511400000.0,9005700000.0,7078100000.0,0.1805477000915233,23.691040924985774,0.3639387925094865,7003100000.0,0.28595907526666764,1
1601046,Keysight Technologies,Information Technology,2019-12-18,3,2019,12,2019,6623000000.0,,4303000000.0,3619000000.0,,22.613814276449254,0.5464291106749207,,,1
1601046,Keysight Technologies,Information Technology,2020-12-17,12,2020,12,2020,7218000000.0,,4221000000.0,3921000000.0,,22.69984374316701,0.5432252701579385,4303000000.0,-0.01905647222867768,1
1601046,Keysight Technologies,Information Technology,2021-12-17,11,2021,12,2021,7781000000.0,,4941000000.0,3997000000.0,,22.774950701581204,0.5136871867369233,4221000000.0,0.17057569296375275,1
1601046,Keysight Technologies,Information Technology,2022-12-15,11,2022,12,2022,8098000000.0,1124000000.0,5420000000.0,3937000000.0,0.13879970363052604,22.81488295455638,0.4861694245492714,4941000000.0,0.09694393847399319,1
1601046,Keysight Technologies,Information Technology,2023-12-15,5,2023,12,2023,8683000000.0,1057000000.0,5464000000.0,4029000000.0,0.12173212023494184,22.88463292802492,0.4640101347460555,5420000000.0,0.008118081180811698,1
1601046,Keysight Technologies,Information Technology,2024-12-17,6,2024,12,2024,9269000000.0,614000000.0,4979000000.0,4164000000.0,0.06624231308663286,22.949941335840105,0.4492394001510411,5464000000.0,-0.08876281112737916,1
1601046,Keysight Technologies,Information Technology,2025-12-17,7,2025,12,2025,11301000000.0,850000000.0,5375000000.0,5420000000.0,0.07521458278028494,23.148157054324425,0.47960357490487565,4979000000.0,0.07953404298051825,1
1601712,Synchrony Financial,Financials,2019-02-15,1,2019,2,2018,106792000000.0,2790000000.0,,92114000000.0,0.026125552475840887,25.394148854299843,0.8625552475840887,,,1
1601712,Synchrony Financial,Financials,2020-02-13,1,2020,2,2019,104826000000.0,3747000000.0,,89738000000.0,0.03574494877225116,25.375567669666772,0.856066243107626,,,1
1601712,Synchrony Financial,Financials,2021-02-11,1,2021,2,2020,95948000000.0,1385000000.0,,83247000000.0,0.014434902238712636,25.287072214993195,0.867626214199358,,,1
1601712,Synchrony Financial,Financials,2022-02-10,2,2022,2,2021,95748000000.0,4221000000.0,,82093000000.0,0.04408447173831307,25.284985577060556,0.8573860550612024,,,1
1601712,Synchrony Financial,Financials,2023-02-09,2,2023,2,2022,104564000000.0,3016000000.0,,91691000000.0,0.02884357905206381,25.373065161077708,0.8768887953789067,,,1
1601712,Synchrony Financial,Financials,2024-02-08,2,2024,2,2023,117479000000.0,2238000000.0,,103576000000.0,0.019050213229598482,25.48952543115344,0.8816554448029009,,,1
1601712,Synchrony Financial,Financials,2025-02-07,3,2025,2,2024,119463000000.0,3499000000.0,,102883000000.0,0.029289403413609236,25.506272536943786,0.8612122581887279,,,1
1601712,Synchrony Financial,Financials,2026-02-06,6,2026,2,2025,119095000000.0,3552000000.0,,102329000000.0,0.029824929677988162,25.50318733089829,0.8592216297913431,,,1
1609711,GoDaddy,Information Technology,2019-02-22,2,2019,2,2018,6083400000.0,77100000.0,2660100000.0,6083400000.0,0.012673833711411382,22.528829587150863,1.0,,,1
1609711,GoDaddy,Information Technology,2020-02-21,2,2020,2,2019,6301200000.0,137000000.0,2988100000.0,6301200000.0,0.02174189043356821,22.56400592839609,1.0,2660100000.0,0.12330363520168408,1
1609711,GoDaddy,Information Technology,2021-02-19,2,2021,2,2020,6432900000.0,-495100000.0,3316700000.0,6432900000.0,-0.0769637333084612,22.58469128440757,1.0,2988100000.0,0.10996954586526564,1
1609711,GoDaddy,Information Technology,2022-02-17,2,2022,2,2021,7417100000.0,242300000.0,3815700000.0,7417100000.0,0.03266775424357229,22.727053982150057,1.0,3316700000.0,0.15045074923870105,1
1609711,GoDaddy,Information Technology,2023-02-16,5,2023,2,2022,6973500000.0,352200000.0,4091300000.0,6973500000.0,0.050505485050548506,22.665383087763022,1.0,3815700000.0,0.07222790051628802,1
1609711,GoDaddy,Information Technology,2024-02-29,9,2024,2,2023,7564900000.0,1374800000.0,4254100000.0,7564900000.0,0.18173406125659294,22.746784965328708,1.0,4091300000.0,0.039791753232468974,1
1609711,GoDaddy,Information Technology,2025-02-20,9,2025,2,2024,8235400000.0,936900000.0,4573200000.0,8235400000.0,0.11376496587901012,22.831707772559703,1.0,4254100000.0,0.07500999036223877,1
1609711,GoDaddy,Information Technology,2026-02-25,8,2026,2,2025,8034900000.0,875000000.0,4951100000.0,8034900000.0,0.10889992408119578,22.807060390507726,1.0,4573200000.0,0.08263360447826473,1
1613103,Medtronic,Health Care,2019-06-21,0,2019,6,2018,91393000000.0,3104000000.0,29953000000.0,40571000000.0,0.03396321381287407,25.238434726040367,0.44391802435635114,,,0
1613103,Medtronic,Health Care,2020-06-19,2,2020,6,2019,89694000000.0,4631000000.0,30557000000.0,39482000000.0,0.051631101299975474,25.219669714141844,0.44018551965571834,29953000000.0,0.02016492504924372,1
1613103,Medtronic,Health Care,2021-06-25,3,2021,6,2020,90689000000.0,4789000000.0,28913000000.0,39817000000.0,0.05280684537264718,25.23070190777105,0.4390499399045088,30557000000.0,-0.05380109303923819,1
1613103,Medtronic,Health Care,2022-06-23,3,2022,6,2021,93083000000.0,3606000000.0,30117000000.0,41481000000.0,0.038739619479389364,25.25675740520061,0.44563454121590407,28913000000.0,0.04164216788295927,1
1613103,Medtronic,Health Care,2023-06-22,5,2023,6,2022,90981000000.0,5039000000.0,31686000000.0,38260000000.0,0.05538519031446126,25.23391653045455,0.4205273628559809,30117000000.0,0.05209682239266855,1
1613103,Medtronic,Health Care,2024-06-20,9,2024,6,2023,90948000000.0,3758000000.0,31227000000.0,39283000000.0,0.04132031490522057,25.2335537515643,0.4319281347583234,31686000000.0,-0.014485892823328905,1
1613103,Medtronic,Health Care,2025-06-20,8,2025,6,2024,89981000000.0,3676000000.0,32364000000.0,39561000000.0,0.04085306898122937,25.22286437387848,0.4396594836687745,31227000000.0,0.03641079834758387,1
1613103,Medtronic,Health Care,2026-06-18,6,2026,6,2025,91680000000.0,4662000000.0,33537000000.0,43424000000.0,0.050850785340314134,25.24157008991284,0.4736474694589878,32364000000.0,0.03624397478680019,1
1633917,PayPal,Financials,2019-02-07,0,2019,2,2018,43332000000.0,2057000000.0,15451000000.0,27946000000.0,0.047470691405889415,24.492157229029733,0.644927536231884,,,0
1633917,PayPal,Financials,2020-02-06,1,2020,2,2019,51333000000.0,2459000000.0,17772000000.0,34404000000.0,0.04790290846044455,24.661599657164356,0.6702121442347029,15451000000.0,0.15021681444566704,1
1633917,PayPal,Financials,2021-02-05,2,2021,2,2020,70379000000.0,4202000000.0,21454000000.0,50316000000.0,0.05970530982253229,24.977160760156924,0.7149291692124071,17772000000.0,0.20717983344586988,1
1633917,PayPal,Financials,2022-02-03,2,2022,2,2021,75803000000.0,4169000000.0,25371000000.0,54076000000.0,0.054997823305146236,25.051403706647964,0.7133754600741395,21454000000.0,0.18257667567819524,1
1633917,PayPal,Financials,2023-02-10,2,2023,2,2022,78624000000.0,2419000000.0,27518000000.0,58350000000.0,0.030766687016687017,25.08794283328518,0.7421398046398047,25371000000.0,0.08462417721020055,1
1633917,PayPal,Financials,2024-02-08,4,2024,2,2023,82166000000.0,4246000000.0,29771000000.0,61115000000.0,0.051675875666334005,25.132007428137868,0.7437991383297228,27518000000.0,0.08187368268042738,1
1633917,PayPal,Financials,2025-02-04,4,2025,2,2024,78725000000.0,4147000000.0,31797000000.0,58308000000.0,0.052677040330263575,25.0892266039335,0.7406541759288663,29771000000.0,0.0680528030633838,1
1633917,PayPal,Financials,2026-02-03,7,2026,2,2025,80173000000.0,5233000000.0,33172000000.0,59917000000.0,0.06527135070410238,25.107452636782618,0.7473463634889551,31797000000.0,0.04324307324590371,1
1633978,Lumentum,Information Technology,2019-08-27,0,2019,8,2019,2716600000.0,-36400000.0,404600000.0,1219500000.0,-0.013399101818449532,21.722646935352664,0.4489067216373408,,,0
1633978,Lumentum,Information Technology,2020-08-25,0,2020,8,2020,3292600000.0,135500000.0,,1543400000.0,0.04115288829496447,21.914943363178196,0.4687481018040454,404600000.0,,0
1633978,Lumentum,Information Technology,2021-08-31,0,2021,8,2021,3551600000.0,397300000.0,,1578800000.0,0.1118650748958216,21.990664043122447,0.44453204189661,,,0
1633978,Lumentum,Information Technology,2022-08-24,0,2022,8,2022,4162200000.0,198900000.0,1712600000.0,2287200000.0,0.047787227908317714,22.149309617583583,0.5495170823122387,,,0
1633978,Lumentum,Information Technology,2023-08-23,5,2023,8,2023,4632100000.0,-131600000.0,1767000000.0,3276300000.0,-0.028410440189115087,22.256276165930526,0.7073033829148766,1712600000.0,0.031764568492350875,1
1633978,Lumentum,Information Technology,2024-08-21,7,2024,8,2024,3931900000.0,-546500000.0,1359200000.0,2974600000.0,-0.13899132734810143,22.09238860655797,0.7565299219206999,1767000000.0,-0.2307866440294284,1
1633978,Lumentum,Information Technology,2025-08-19,3,2025,8,2025,4218700000.0,25900000.0,1645000000.0,3084000000.0,0.00613933202171285,22.16279286066303,0.7310308862919856,1359200000.0,0.2102707474985286,1
1637459,Kraft Heinz,Consumer Staples,2019-06-07,0,2019,6,2018,103461000000.0,-10192000000.0,,51683000000.0,-0.09851054986903278,25.362460567046302,0.49954088980388744,,,0
1637459,Kraft Heinz,Consumer Staples,2020-02-14,0,2020,2,2019,101450000000.0,1935000000.0,,49701000000.0,0.019073435189748644,25.342831903218237,0.4899063578117299,,,0
1637459,Kraft Heinz,Consumer Staples,2021-02-17,0,2021,2,2020,99830000000.0,356000000.0,,49587000000.0,0.003566062305920064,25.326734576294744,0.4967144145046579,,,0
1637459,Kraft Heinz,Consumer Staples,2022-02-17,2,2022,2,2021,93394000000.0,1012000000.0,,43942000000.0,0.010835813863845644,25.26009294028905,0.47050131700109216,,,1
1637459,Kraft Heinz,Consumer Staples,2023-02-16,2,2023,2,2022,90513000000.0,2363000000.0,,41643000000.0,0.026106747097102073,25.228759323744974,0.4600775579198568,,,1
1637459,Kraft Heinz,Consumer Staples,2024-02-15,3,2024,2,2023,90339000000.0,2855000000.0,,40617000000.0,0.031603183564130666,25.226835097817823,0.44960648225019095,,,1
1637459,Kraft Heinz,Consumer Staples,2025-02-13,2,2025,2,2024,88287000000.0,2744000000.0,,38962000000.0,0.03108045352090342,25.203858708349543,0.4413107252483378,,,1
1637459,Kraft Heinz,Consumer Staples,2026-02-12,2,2026,2,2025,81786000000.0,-5846000000.0,,39997000000.0,-0.07147922627344533,25.127371916763174,0.4890445797569266,,,1
1645590,Hewlett Packard Enterprise,Information Technology,2019-12-13,11,2019,12,2019,51803000000.0,1049000000.0,29135000000.0,51803000000.0,0.020249792483060827,24.67071389959275,1.0,,,1
1645590,Hewlett Packard Enterprise,Information Technology,2020-12-10,8,2020,12,2020,54015000000.0,-322000000.0,26982000000.0,54015000000.0,-0.005961307044339535,24.71252762271536,1.0,29135000000.0,-0.07389737429208854,1
1645590,Hewlett Packard Enterprise,Information Technology,2021-12-10,18,2021,12,2021,57699000000.0,3427000000.0,27784000000.0,57699000000.0,0.0593944435778783,24.77850567928775,1.0,26982000000.0,0.02972351938329254,1
1645590,Hewlett Packard Enterprise,Information Technology,2022-12-08,17,2022,12,2022,57123000000.0,868000000.0,28496000000.0,57123000000.0,0.015195280359925074,24.768472674606965,1.0,27784000000.0,0.025626259717823174,1
1645590,Hewlett Packard Enterprise,Information Technology,2023-12-22,21,2023,12,2023,57153000000.0,2025000000.0,29135000000.0,57153000000.0,0.03543121096005459,24.76899771924782,1.0,28496000000.0,0.0224241998877035,1
1645590,Hewlett Packard Enterprise,Information Technology,2024-12-19,18,2024,12,2024,71262000000.0,2579000000.0,30127000000.0,71262000000.0,0.03619039600348012,24.98962906296657,1.0,29135000000.0,0.03404839540072069,1
1645590,Hewlett Packard Enterprise,Information Technology,2025-12-18,13,2025,12,2025,75906000000.0,57000000.0,34296000000.0,75906000000.0,0.0007509287803335704,25.052761569606997,1.0,30127000000.0,0.13838085438311154,1
1652044,Alphabet Inc. (Class A),Communication Services,2019-02-05,5,2019,2,2018,232792000000.0,30736000000.0,136819000000.0,55164000000.0,0.13203202859204782,26.173411187952063,0.2369669060792467,,,1
1652044,Alphabet Inc. (Class A),Communication Services,2020-02-04,8,2020,2,2019,275909000000.0,34343000000.0,161857000000.0,74467000000.0,0.1244721991671167,26.343336938152294,0.26989695877988756,136819000000.0,0.18300089899794614,1
1652044,Alphabet Inc. (Class A),Communication Services,2021-02-03,8,2021,2,2020,319616000000.0,40269000000.0,182527000000.0,97072000000.0,0.12599181517821387,26.490386112163662,0.3037144573488186,161857000000.0,0.1277053201282614,1
1652044,Alphabet Inc. (Class A),Communication Services,2022-02-02,6,2022,2,2021,359268000000.0,76033000000.0,257637000000.0,107633000000.0,0.21163309841121392,26.607334465034498,0.2995897213222441,182527000000.0,0.41150076427049154,1
1652044,Alphabet Inc. (Class A),Communication Services,2023-02-03,3,2023,2,2022,365264000000.0,59972000000.0,282836000000.0,109120000000.0,0.16418809409084936,26.623886216753668,0.29874282710587413,257637000000.0,0.09780815643715779,1
1652044,Alphabet Inc. (Class A),Communication Services,2024-01-31,8,2024,1,2023,402392000000.0,73795000000.0,307394000000.0,119013000000.0,0.18339082287918249,26.72069257481861,0.29576383228294795,282836000000.0,0.0868277022726951,1
1652044,Alphabet Inc. (Class A),Communication Services,2025-02-05,6,2025,2,2024,450256000000.0,100118000000.0,350018000000.0,125172000000.0,0.22235794747876764,26.833082146843726,0.27800184783767456,307394000000.0,0.1386624332290156,1
1652044,Alphabet Inc. (Class A),Communication Services,2026-02-05,5,2026,2,2025,595281000000.0,132170000000.0,402836000000.0,180016000000.0,0.22202959610671263,27.11229939991574,0.3024050826416432,350018000000.0,0.1509008108154437,1
1659166,Fortive,Industrials,2019-02-28,19,2019,2,2018,12905600000.0,,6452700000.0,12905600000.0,,23.280927162643323,1.0,,,1
1659166,Fortive,Industrials,2020-02-27,16,2020,2,2019,17439000000.0,,4563900000.0,17439000000.0,,23.581974914333735,1.0,6452700000.0,-0.29271467757682834,1
1659166,Fortive,Industrials,2021-02-26,6,2021,2,2020,16051500000.0,,4634400000.0,16051500000.0,,23.499068140099443,1.0,4563900000.0,0.015447314796555478,1
1659166,Fortive,Industrials,2022-03-01,5,2022,3,2021,16465500000.0,,5254700000.0,16465500000.0,,23.524533119759756,1.0,4634400000.0,0.13384688417055068,1
1659166,Fortive,Industrials,2023-02-28,4,2023,2,2022,15890600000.0,755200000.0,5825700000.0,15890600000.0,0.04752495185833134,23.48899357637939,1.0,5254700000.0,0.10866462405084976,1
1659166,Fortive,Industrials,2024-02-27,11,2024,2,2023,16911800000.0,865800000.0,3913900000.0,16911800000.0,0.05119502359299424,23.551277440081943,1.0,5825700000.0,-0.3281665722574111,1
1659166,Fortive,Industrials,2025-02-25,10,2025,2,2024,17016100000.0,832900000.0,4080900000.0,17016100000.0,0.048947761237886474,23.557425791648892,1.0,3913900000.0,0.04266843813076471,1
1659166,Fortive,Industrials,2026-02-25,7,2026,2,2025,11737700000.0,579200000.0,4159100000.0,11737700000.0,0.04934527207204137,23.186071720739243,1.0,4080900000.0,0.01916243965791864,1
1666700,DuPont,Materials,2019-02-11,0,2019,2,2018,187855000000.0,3845000000.0,22594000000.0,91955000000.0,0.020467914082670145,25.958936225593796,0.48949988022677066,,,0
1666700,DuPont,Materials,2020-02-14,0,2020,2,2019,69349000000.0,498000000.0,21512000000.0,27793000000.0,0.00718106966214365,24.962417563992616,0.4007700183131696,22594000000.0,-0.047888820040718816,0
1666700,DuPont,Materials,2021-02-12,0,2021,2,2020,70903000000.0,-2951000000.0,20397000000.0,31834000000.0,-0.041620241738713454,24.984578582706384,0.4489795918367347,21512000000.0,-0.05183153588694678,0
1666700,DuPont,Materials,2022-02-11,1,2022,2,2021,45707000000.0,6467000000.0,12566000000.0,18657000000.0,0.14148817467783928,24.545517295983323,0.4081869297919356,20397000000.0,-0.38392900916801487,1
1666700,DuPont,Materials,2023-02-15,1,2023,2,2022,41355000000.0,5868000000.0,13017000000.0,14338000000.0,0.14189336235038086,24.44545917009028,0.3467053560633539,12566000000.0,0.035890498169664165,1
1666700,DuPont,Materials,2024-02-15,1,2024,2,2023,38552000000.0,423000000.0,6614000000.0,13827000000.0,0.010972193401120564,24.375273816284444,0.3586584353600332,13017000000.0,-0.4918952139509871,1
1666700,DuPont,Materials,2025-02-14,1,2025,2,2024,36636000000.0,703000000.0,6719000000.0,12843000000.0,0.01918877606725625,24.324297200487152,0.3505568293481821,6614000000.0,0.0158754157846992,1
1666700,DuPont,Materials,2026-02-17,2,2026,2,2025,21575000000.0,-779000000.0,6849000000.0,7472000000.0,-0.03610660486674391,23.794801073915902,0.34632676709154114,6719000000.0,0.019348117279357036,1
1671933,Trade Desk (The),Communication Services,2019-02-22,10,2019,2,2018,1117872000.0,88140000.0,477294000.0,723305000.0,0.07884623642062777,20.83469271496382,0.6470374067871814,,,1
1671933,Trade Desk (The),Communication Services,2020-02-28,15,2020,2,2019,1728761000.0,108318000.0,661058000.0,1116244000.0,0.06265643429022288,21.27067080390203,0.6456901792671167,477294000.0,0.3850121727907747,1
1671933,Trade Desk (The),Communication Services,2021-02-19,15,2021,2,2020,2753645000.0,242317000.0,836033000.0,1740500000.0,0.08799863453713169,21.736191325530896,0.6320713091193673,661058000.0,0.26468933134460215,1
1671933,Trade Desk (The),Communication Services,2022-02-16,15,2022,2,2021,3577340000.0,137762000.0,1196467000.0,2050034000.0,0.03850961887883176,21.997885344425484,0.573060989450262,836033000.0,0.4311241302675852,1
1671933,Trade Desk (The),Communication Services,2023-02-15,11,2023,2,2022,4380679000.0,53385000.0,1577795000.0,2265340000.0,0.012186466983771238,22.200469572151018,0.5171207477197028,1196467000.0,0.31871167361908026,1
1671933,Trade Desk (The),Communication Services,2024-02-15,10,2024,2,2023,4888687000.0,178940000.0,1946120000.0,2724468000.0,0.0366028751687314,22.310189597221225,0.5573005594344658,1577795000.0,0.23344287439115985,1
1671933,Trade Desk (The),Communication Services,2025-02-21,10,2025,2,2024,6111951000.0,393076000.0,2444831000.0,3162806000.0,0.06431268837070192,22.533511871762787,0.51747895230181,1946120000.0,0.25625912071198087,1
1671933,Trade Desk (The),Communication Services,2026-02-27,17,2026,2,2025,6153220000.0,443304000.0,2896284000.0,3668829000.0,0.07204423050045342,22.540241358981874,0.5962453804674626,2444831000.0,0.18465611733489973,1
1674101,Vertiv,Industrials,2019-03-13,2,2019,3,2018,697339051.0,-314000000.0,0.0,25427528.0,-0.45028311486316003,20.362782293778146,0.03646365130926821,,,1
1674101,Vertiv,Industrials,2020-03-12,1,2020,3,2019,4657400000.0,-140800000.0,0.0,5362200000.0,-0.030231459612659425,22.26172318946341,1.1513290677201873,0.0,,1
1674101,Vertiv,Industrials,2021-03-01,0,2021,3,2020,5073800000.0,-327300000.0,4370600000.0,4561700000.0,-0.06450786392841656,22.347355880712826,0.899069730773779,0.0,,0
1674101,Vertiv,Industrials,2022-03-01,0,2022,3,2021,6939600000.0,119600000.0,4998100000.0,5521900000.0,0.01723442273329875,22.660509972916447,0.7957086863796184,4370600000.0,0.14357296481032344,0
1674101,Vertiv,Industrials,2023-02-27,0,2023,2,2022,7095700000.0,76600000.0,5691500000.0,5653800000.0,0.010795270375015854,22.682754803720634,0.7967924235804783,4998100000.0,0.1387327184330045,0
1674101,Vertiv,Industrials,2024-02-23,6,2024,2,2023,7998500000.0,460200000.0,6863200000.0,5983600000.0,0.05753578796024254,22.802519861045923,0.7480902669250484,5691500000.0,0.20586840024598074,1
1674101,Vertiv,Industrials,2025-02-18,8,2025,2,2024,9132500000.0,495800000.0,8011800000.0,6698200000.0,0.05428962496578155,22.935105316633713,0.7334464823432795,6863200000.0,0.16735633523720717,1
1674101,Vertiv,Industrials,2026-02-13,13,2026,2,2025,12212400000.0,1332800000.0,10229900000.0,8271100000.0,0.10913497756378762,23.22571766595016,0.677270642953064,8011800000.0,0.2768541401432887,1
1679788,Coinbase,Financials,2022-02-25,1,2022,2,2021,21274425000.0,3624120000.0,7839444000.0,14892736000.0,0.1703510200628219,23.780771484013584,0.7000300125620317,,,1
1679788,Coinbase,Financials,2023-02-21,0,2023,2,2022,89724873000.0,-2624949000.0,3194208000.0,84270316000.0,-0.02925553318977671,25.220013858543027,0.9392079719076337,7839444000.0,-0.5925466142751961,0
1679788,Coinbase,Financials,2024-02-15,3,2024,2,2023,14753901000.0,94871000.0,3108383000.0,8472252000.0,0.006430231570619865,23.414773359341275,0.5742380947249137,3194208000.0,-0.02686894529097672,1
1679788,Coinbase,Financials,2025-02-13,2,2025,2,2024,22541951000.0,2579066000.0,6564028000.0,12265109000.0,0.11441183595865327,23.83864389904377,0.5441014843834946,3108383000.0,1.1117178931939855,1
1679788,Coinbase,Financials,2026-02-12,2,2026,2,2025,29671832000.0,1260327000.0,7181325000.0,14878774000.0,0.04247553706828753,24.11346401521419,0.5014444001974667,6564028000.0,0.09404240810672948,1
1682852,Moderna,Health Care,2019-03-13,15,2019,3,2018,1962149000.0,-384734000.0,135068000.0,431908000.0,-0.19607787176203234,21.397306138121458,0.22011987876557795,,,1
1682852,Moderna,Health Care,2020-02-27,15,2020,2,2019,1589422000.0,-514000000.0,60000000.0,414612000.0,-0.32338799890777903,21.18663626507583,0.2608570914458212,135068000.0,-0.5557793111617852,1
1682852,Moderna,Health Care,2021-02-26,16,2021,2,2020,7337000000.0,-747000000.0,803000000.0,4776000000.0,-0.10181272999863704,22.71619587667827,0.6509472536459043,60000000.0,,1
1682852,Moderna,Health Care,2022-02-25,18,2022,2,2021,24669000000.0,12202000000.0,18471000000.0,10524000000.0,0.4946288864566865,23.92881323160328,0.426608293810045,803000000.0,,1
1682852,Moderna,Health Care,2023-02-24,21,2023,2,2022,25858000000.0,8362000000.0,19263000000.0,6735000000.0,0.3233815453631371,23.97588586777877,0.26046097919405986,18471000000.0,0.04287802501218119,1
1682852,Moderna,Health Care,2024-02-23,9,2024,2,2023,18426000000.0,-4714000000.0,6848000000.0,4572000000.0,-0.25583414740041244,23.63702854763315,0.24812764571800716,19263000000.0,-0.6444998183045216,1
1682852,Moderna,Health Care,2025-02-21,10,2025,2,2024,14142000000.0,-3561000000.0,3236000000.0,3241000000.0,-0.25180313958421724,23.37241493012846,0.22917550558619715,6848000000.0,-0.5274532710280374,1
1682852,Moderna,Health Care,2026-02-20,16,2026,2,2025,12338000000.0,-2822000000.0,1944000000.0,3688000000.0,-0.22872426649375913,23.235949767733857,0.2989139244610147,3236000000.0,-0.39925834363411616,1
1687229,Invitation Homes,Real Estate,2019-02-28,1,2019,2,2018,18063428000.0,-4927000.0,432616000.0,9694242000.0,-0.0002727610728151932,23.617155178661932,0.5366778664603419,,,1
1687229,Invitation Homes,Real Estate,2020-02-19,0,2020,2,2019,17392910000.0,145463000.0,1764685000.0,9126832000.0,0.008363350353678597,23.579328488863553,0.5247443929739187,432616000.0,3.079102483495756,0
1687229,Invitation Homes,Real Estate,2021-02-19,0,2021,2,2020,17506222000.0,196212000.0,1822828000.0,8950149000.0,0.011208129315394263,23.58582219754264,0.5112553125397359,1764685000.0,0.03294808988573039,0
1687229,Invitation Homes,Real Estate,2022-02-22,0,2022,2,2021,18537846000.0,261425000.0,1996615000.0,8699042000.0,0.014102231726382882,23.643080209104784,0.46925851040083083,1822828000.0,0.09533922015681129,0
1687229,Invitation Homes,Real Estate,2023-02-22,0,2023,2,2022,18536708000.0,383329000.0,2238121000.0,8213077000.0,0.02067945397855973,23.64301881929007,0.4430709595252836,1996615000.0,0.12095772094269552,0
1687229,Invitation Homes,Real Estate,2024-02-21,3,2024,2,2023,19220967000.0,519470000.0,2432278000.0,9030532000.0,0.02702621569455897,23.67926755139776,0.4698271424117215,2238121000.0,0.08675000145211098,1
1687229,Invitation Homes,Real Estate,2025-02-27,1,2025,2,2024,18700951000.0,453917000.0,2618942000.0,8908442000.0,0.02427240197570701,23.65184021512882,0.47636304699156745,2432278000.0,0.07674451686854877,1
1687229,Invitation Homes,Real Estate,2026-02-19,1,2026,2,2025,18680290000.0,587924000.0,2729296000.0,9112398000.0,0.03147295893157975,23.65073479425187,0.48780816571905466,2618942000.0,0.042136862901125616,1
1690820,Carvana,Consumer Discretionary,2019-02-27,4,2019,2,2018,991013000.0,-55476000.0,1955467000.0,763585000.0,-0.05597908402816108,20.714238210270786,0.7705095695011065,,,1
1690820,Carvana,Consumer Discretionary,2020-02-26,2,2020,2,2019,2057748000.0,-115000000.0,3940000000.0,1865809000.0,-0.055886337880051394,21.444878017881187,0.9067237582055723,1955467000.0,1.014863968555849,1
1690820,Carvana,Consumer Discretionary,2021-02-25,2,2021,2,2020,3035000000.0,-171000000.0,5587000000.0,2233000000.0,-0.05634266886326195,21.833477261457872,0.7357495881383855,3940000000.0,0.418020304568528,1
1690820,Carvana,Consumer Discretionary,2022-02-24,2,2022,2,2021,7015000000.0,-135000000.0,12814000000.0,6490000000.0,-0.01924447612259444,22.671316550500837,0.925160370634355,5587000000.0,1.293538571684267,1
1690820,Carvana,Consumer Discretionary,2023-02-23,4,2023,2,2022,8698000000.0,-1587000000.0,13604000000.0,9751000000.0,-0.1824557369510232,22.88635895112186,1.1210623131754427,12814000000.0,0.06165131886998587,1
1690820,Carvana,Consumer Discretionary,2024-02-22,5,2024,2,2023,7071000000.0,450000000.0,10771000000.0,7455000000.0,0.06364022061943148,22.679267749568517,1.0543063215952482,13604000000.0,-0.20824757424286977,1
1690820,Carvana,Consumer Discretionary,2025-02-19,6,2025,2,2024,8484000000.0,210000000.0,13673000000.0,7109000000.0,0.024752475247524754,22.86144787364885,0.8379302215935879,10771000000.0,0.26942716553709034,1
1690820,Carvana,Consumer Discretionary,2026-02-18,7,2026,2,2025,13201000000.0,1407000000.0,20322000000.0,8998000000.0,0.10658283463373987,23.303558421245032,0.6816150291644573,13673000000.0,0.4862868426826592,1
1692819,Vistra Corp.,Utilities,2019-02-28,0,2019,2,2018,26024000000.0,-54000000.0,9144000000.0,18157000000.0,-0.002075007685213649,23.98228502611746,0.6977021211189671,,,0
1692819,Vistra Corp.,Utilities,2020-02-28,0,2020,2,2019,26616000000.0,928000000.0,11809000000.0,18656000000.0,0.03486624586714758,24.004778375662585,0.700931770363691,9144000000.0,0.291447944006999,0
1692819,Vistra Corp.,Utilities,2021-02-26,0,2021,2,2020,25208000000.0,636000000.0,11443000000.0,16847000000.0,0.025230085687083466,23.950427241401385,0.6683195810853697,11809000000.0,-0.03099331018714535,0
1692819,Vistra Corp.,Utilities,2022-02-25,0,2022,2,2021,29683000000.0,-1274000000.0,12077000000.0,21391000000.0,-0.04292019000774854,24.11384032830465,0.7206481824613415,11443000000.0,0.05540505112295735,0
1692819,Vistra Corp.,Utilities,2023-03-01,0,2023,3,2022,32787000000.0,-1227000000.0,13728000000.0,27869000000.0,-0.03742336901820844,24.213297932309057,0.8500015249946625,12077000000.0,0.13670613562970946,0
1692819,Vistra Corp.,Utilities,2024-02-29,1,2024,2,2023,32966000000.0,1493000000.0,14779000000.0,27644000000.0,0.04528908572468604,24.218742564255574,0.8385609415761693,13728000000.0,0.07655885780885785,1
1692819,Vistra Corp.,Utilities,2025-02-28,2,2025,2,2024,37770000000.0,2659000000.0,17224000000.0,32187000000.0,0.07039978819168652,24.354780973670778,0.8521842732327244,14779000000.0,0.165437445023344,1
1692819,Vistra Corp.,Utilities,2026-02-27,1,2026,2,2025,41550000000.0,944000000.0,17738000000.0,36440000000.0,0.022719614921780987,24.45016335824787,0.8770156438026474,17224000000.0,0.02984208081746398,1
1699150,Ingersoll Rand,Industrials,2019-02-27,0,2019,2,2018,4487100000.0,269400000.0,2689800000.0,2811100000.0,0.0600387778297787,22.224472450297664,0.6264848120166701,,,0
1699150,Ingersoll Rand,Industrials,2020-02-26,0,2020,2,2019,4628400000.0,159100000.0,2017500000.0,2758500000.0,0.03437472992826895,22.255477072966457,0.5959942960850402,2689800000.0,-0.24994423377202768,0
1699150,Ingersoll Rand,Industrials,2021-02-26,0,2021,2,2020,16058600000.0,-33300000.0,3973200000.0,6869100000.0,-0.002073655237691953,23.499510368564362,0.4277521079047987,2017500000.0,0.9693680297397769,0
1699150,Ingersoll Rand,Industrials,2022-02-25,0,2022,2,2021,15154500000.0,562500000.0,5152400000.0,6083300000.0,0.037117687815500344,23.441563354500172,0.4014187205120591,3973200000.0,0.2967884828349945,0
1699150,Ingersoll Rand,Industrials,2023-02-21,0,2023,2,2022,14765900000.0,604700000.0,5916300000.0,5508700000.0,0.040952464800655564,23.415586305245675,0.37306903067202135,5152400000.0,0.14826100458038982,0
1699150,Ingersoll Rand,Industrials,2024-02-23,1,2024,2,2023,15563500000.0,778700000.0,6876100000.0,5716800000.0,0.05003373277219134,23.468194266135054,0.3673209753590131,5916300000.0,0.16222977198586963,1
1699150,Ingersoll Rand,Industrials,2025-02-19,2,2025,2,2024,18009800000.0,838600000.0,7235000000.0,7764500000.0,0.04656353762951282,23.61418189113092,0.43112638674499437,6876100000.0,0.05219528511801741,1
1699150,Ingersoll Rand,Industrials,2026-02-17,2,2026,2,2025,18297200000.0,581400000.0,7650900000.0,8143200000.0,0.03177535360601622,23.630013879622773,0.44505170189974425,7235000000.0,0.05748445058742235,1
1701605,Baker Hughes,Energy,2019-02-19,0,2019,2,2018,52439000000.0,195000000.0,22877000000.0,52439000000.0,0.003718606380747154,24.682916426247424,1.0,,,0
1701605,Baker Hughes,Energy,2020-02-13,3,2020,2,2019,53369000000.0,128000000.0,23838000000.0,53369000000.0,0.002398396072626431,24.700495889998493,1.0,22877000000.0,0.04200725619617951,1
1701605,Baker Hughes,Energy,2021-02-25,7,2021,2,2020,38007000000.0,-9940000000.0,20705000000.0,38007000000.0,-0.2615307706475123,24.361036190234437,1.0,23838000000.0,-0.13142881114187432,1
1701605,Baker Hughes,Energy,2022-02-11,4,2022,2,2021,35308000000.0,-219000000.0,20502000000.0,35308000000.0,-0.006202560326271666,24.2873754041044,1.0,20705000000.0,-0.009804395073653716,1
1701605,Baker Hughes,Energy,2023-02-14,5,2023,2,2022,34181000000.0,-601000000.0,21156000000.0,34181000000.0,-0.017582867675024136,24.254935771081247,1.0,20502000000.0,0.03189932689493702,1
1701605,Baker Hughes,Energy,2024-02-05,5,2024,2,2023,36945000000.0,1943000000.0,25506000000.0,36945000000.0,0.052591690350521046,24.332696157187023,1.0,21156000000.0,0.20561542824730572,1
1701605,Baker Hughes,Energy,2025-02-04,6,2025,2,2024,38363000000.0,2979000000.0,27829000000.0,38363000000.0,0.07765294684982926,24.37035929036875,1.0,25506000000.0,0.09107660942523332,1
1701605,Baker Hughes,Energy,2026-02-05,4,2026,2,2025,40881000000.0,2588000000.0,27733000000.0,40881000000.0,0.06330569213081871,24.433931244382205,1.0,27829000000.0,-0.0034496388659311927,1
1705696,Vici Properties,Real Estate,2019-02-14,0,2019,2,2018,11333368000.0,523619000.0,897977000.0,4432346000.0,0.04620153514824543,23.151017131713314,0.39108815667152075,,,0
1705696,Vici Properties,Real Estate,2020-02-20,0,2020,2,2019,13265619000.0,545964000.0,894798000.0,5216630000.0,0.04115631543465857,23.308441487601165,0.39324437103161186,897977000.0,-0.0035401797596151807,0
1705696,Vici Properties,Real Estate,2021-02-18,0,2021,2,2020,17063613000.0,891674000.0,1225574000.0,7569868000.0,0.05225587336046592,23.560214138533386,0.4436263293125553,894798000.0,0.369665555801421,0
1705696,Vici Properties,Real Estate,2022-02-23,0,2022,2,2021,17597373000.0,1013851000.0,1509568000.0,5410199000.0,0.05761376996441458,23.591015466486297,0.30744355989953726,1225574000.0,0.23172325783673609,0
1705696,Vici Properties,Real Estate,2023-02-23,0,2023,2,2022,37575826000.0,1117635000.0,2600697000.0,15285713000.0,0.02974345793489676,24.349626755045097,0.40679646004322034,1509568000.0,0.7228087770805953,0
1705696,Vici Properties,Real Estate,2024-02-22,0,2024,2,2023,44059841000.0,2513540000.0,3611988000.0,18402067000.0,0.0570483220763325,24.50881456959871,0.41766076731870183,2600697000.0,0.38885383418368225,0
1705696,Vici Properties,Real Estate,2025-02-20,0,2025,2,2024,45368940000.0,2678810000.0,3849205000.0,18417139000.0,0.05904502066832507,24.538093566893327,0.4059415758887027,3611988000.0,0.06567491364866096,0
1705696,Vici Properties,Real Estate,2026-02-25,1,2026,2,2025,46724168000.0,2775493000.0,4006116000.0,18501581000.0,0.05940165697546503,24.567527383815964,0.39597454148354233,3849205000.0,0.04076452150509002,1
1707925,Linde plc,Materials,2019-03-18,0,2019,3,2018,93386000000.0,4381000000.0,14836000000.0,36290000000.0,0.04691281348381984,25.26000727801252,0.3886021459319384,,,0
1707925,Linde plc,Materials,2020-03-02,0,2020,3,2019,86612000000.0,2285000000.0,28228000000.0,34977000000.0,0.026382025585369232,25.184704211044455,0.4038354962360874,14836000000.0,0.9026691830682125,0
1707925,Linde plc,Materials,2021-03-01,0,2021,3,2020,88229000000.0,2501000000.0,27243000000.0,38647000000.0,0.028346688730462772,25.203201544102818,0.43803057951467206,28228000000.0,-0.03489443106135748,0
1707925,Linde plc,Materials,2022-02-28,0,2022,2,2021,81605000000.0,3826000000.0,30793000000.0,36164000000.0,0.0468843820844311,25.12515637154907,0.44315912015195147,27243000000.0,0.1303087031531036,0
1707925,Linde plc,Materials,2023-02-28,0,2023,2,2022,79658000000.0,4147000000.0,33364000000.0,38271000000.0,0.05206005674257451,25.10100830768124,0.48044138692912197,30793000000.0,0.08349300165622053,0
1707925,Linde plc,Materials,2024-02-28,0,2024,2,2023,80811000000.0,6199000000.0,32854000000.0,39716000000.0,0.07670985385652944,25.1153789318213,0.4914677457276856,33364000000.0,-0.015285936938017053,0
1707925,Linde plc,Materials,2025-02-26,0,2025,2,2024,80147000000.0,6565000000.0,33005000000.0,40659000000.0,0.08191198672439393,25.107128285482368,0.5073053264626249,32854000000.0,0.004596091800085134,0
1707925,Linde plc,Materials,2026-02-25,0,2026,2,2025,86817000000.0,6898000000.0,33986000000.0,47076000000.0,0.07945448472073442,25.18706829197067,0.5422440305470126,33005000000.0,0.029722769277382266,0
1711269,Evergy,Utilities,2019-02-22,0,2019,2,2018,25598100000.0,535800000.0,4275900000.0,25598100000.0,0.020931240990542267,23.96578396692758,1.0,,,0
1711269,Evergy,Utilities,2020-03-02,0,2020,3,2019,25975900000.0,669900000.0,5147800000.0,25975900000.0,0.025789289302776804,23.980435022032122,1.0,4275900000.0,0.20391028789260734,0
1711269,Evergy,Utilities,2021-02-26,0,2021,2,2020,27114800000.0,618300000.0,4913400000.0,27114800000.0,0.02280304483160488,24.023345541221083,1.0,5147800000.0,-0.045534014530479006,0
1711269,Evergy,Utilities,2022-02-25,0,2022,2,2021,28520500000.0,879700000.0,5586700000.0,28520500000.0,0.03084448028610999,24.073888963895634,1.0,4913400000.0,0.137033418813856,0
1711269,Evergy,Utilities,2023-02-24,0,2023,2,2022,29489900000.0,752700000.0,5859100000.0,29489900000.0,0.025523992960301663,24.107313668787853,1.0,5586700000.0,0.04875865895788212,0
1711269,Evergy,Utilities,2024-02-29,0,2024,2,2023,30976100000.0,731300000.0,5508200000.0,30976100000.0,0.02360852399107699,24.156481776341153,1.0,5859100000.0,-0.05988974415865922,0
1711269,Evergy,Utilities,2025-02-27,3,2025,2,2024,32282100000.0,873500000.0,5847300000.0,32282100000.0,0.027058338831736473,24.19777873399421,1.0,5508200000.0,0.06156276097454705,1
1711269,Evergy,Utilities,2026-02-19,5,2026,2,2025,33948500000.0,855600000.0,5961600000.0,33948500000.0,0.02520288083420475,24.248110507353534,1.0,5847300000.0,0.01954748345390178,1
1730168,Broadcom,Information Technology,2019-12-20,14,2019,12,2019,67493000000.0,,22597000000.0,42523000000.0,,24.93528972574359,0.630035707406694,,,1
1730168,Broadcom,Information Technology,2020-12-18,14,2020,12,2020,75933000000.0,,23888000000.0,52032000000.0,,25.05311720946612,0.6852356682865157,22597000000.0,0.057131477629773775,1
1730168,Broadcom,Information Technology,2021-12-17,13,2021,12,2021,75570000000.0,,27450000000.0,50581000000.0,,25.048325215979037,0.6693264522958846,23888000000.0,0.14911252511721362,1
1730168,Broadcom,Information Technology,2022-12-16,18,2022,12,2022,73249000000.0,11495000000.0,33203000000.0,50540000000.0,0.15693047004054664,25.017130432873266,0.689975289765048,27450000000.0,0.20958105646630232,1
1730168,Broadcom,Information Technology,2023-12-14,20,2023,12,2023,72861000000.0,14082000000.0,35819000000.0,48873000000.0,0.1932721208877177,25.011819353384606,0.6707703709803599,33203000000.0,0.07878806131976024,1
1730168,Broadcom,Information Technology,2024-12-20,30,2024,12,2024,165645000000.0,5895000000.0,51574000000.0,97967000000.0,0.03558815539255637,25.833112781113616,0.5914274502701561,35819000000.0,0.43985035874815037,1
1730168,Broadcom,Information Technology,2025-12-18,27,2025,12,2025,171092000000.0,,63887000000.0,89800000000.0,,25.865467260468574,0.5248638159586655,51574000000.0,0.23874432853763516,1
1739940,Cigna,Health Care,2019-02-28,3,2019,2,2018,153226000000.0,,48650000000.0,112154000000.0,,25.75517979264705,0.7319514964823203,,,1
1739940,Cigna,Health Care,2020-02-27,0,2020,2,2019,155774000000.0,,153566000000.0,110395000000.0,,25.771672075840762,0.708686943905915,48650000000.0,2.156546762589928,0
1739940,Cigna,Health Care,2021-02-25,2,2021,2,2020,155451000000.0,,160401000000.0,105065000000.0,,25.769596406367118,0.6758721397739481,153566000000.0,0.04450855006967691,1
1739940,Cigna,Health Care,2022-02-24,6,2022,2,2021,154889000000.0,,174069000000.0,107705000000.0,,25.765974568290517,0.6953689416291667,160401000000.0,0.08521143883142868,1
1739940,Cigna,Health Care,2023-02-23,4,2023,2,2022,143885000000.0,,180518000000.0,99131000000.0,,25.692280206351565,0.68895993328005,174069000000.0,0.037048526733651554,1
1739940,Cigna,Health Care,2024-02-29,6,2024,2,2023,152761000000.0,5164000000.0,195265000000.0,106410000000.0,0.033804439614823156,25.752140445498586,0.6965783151458814,180518000000.0,0.0816926843860446,1
1739940,Cigna,Health Care,2025-02-27,7,2025,2,2024,155881000000.0,3434000000.0,247121000000.0,114638000000.0,0.022029625162784432,25.772358732587513,0.7354199677959469,195265000000.0,0.2655673059688115,1
1739940,Cigna,Health Care,2026-02-26,7,2026,2,2025,157919000000.0,5957000000.0,274900000000.0,116045000000.0,0.03772187007263217,25.78534808029137,0.7348387464459628,247121000000.0,0.11241051954305781,1
1744489,Walt Disney Company (The),Communication Services,2019-11-20,0,2019,11,2019,193984000000.0,11054000000.0,69607000000.0,193984000000.0,0.05698408116133289,25.99104151838175,1.0,,,0
1744489,Walt Disney Company (The),Communication Services,2020-11-25,0,2020,11,2020,201549000000.0,-2864000000.0,65388000000.0,201549000000.0,-0.01420994398384512,26.029298364949277,1.0,69607000000.0,-0.060611720085623544,0
1744489,Walt Disney Company (The),Communication Services,2021-11-24,0,2021,11,2021,203609000000.0,1995000000.0,67418000000.0,203609000000.0,0.00979819163200055,26.039467324967998,1.0,65388000000.0,0.03104545176484974,0
1744489,Walt Disney Company (The),Communication Services,2022-11-29,0,2022,11,2022,203631000000.0,3145000000.0,82722000000.0,203631000000.0,0.015444603228388604,26.039575369364528,1.0,67418000000.0,0.22700169094307165,0
1744489,Walt Disney Company (The),Communication Services,2023-11-21,1,2023,11,2023,205579000000.0,2354000000.0,88898000000.0,205579000000.0,0.011450585906148001,26.049096225232947,1.0,82722000000.0,0.07465970358550322,1
1744489,Walt Disney Company (The),Communication Services,2024-11-14,1,2024,11,2024,196219000000.0,4972000000.0,91361000000.0,196219000000.0,0.025339034446205517,26.00249721934821,1.0,88898000000.0,0.02770591014421031,1
1744489,Walt Disney Company (The),Communication Services,2025-11-13,1,2025,11,2025,197514000000.0,12404000000.0,94425000000.0,197514000000.0,0.06280061160221553,26.009075304851237,1.0,91361000000.0,0.03353728615054563,1
1748790,Amcor,Materials,2019-09-03,0,2019,9,2019,17165000000.0,430000000.0,9458200000.0,11490300000.0,0.025050975822895425,23.566138263856065,0.6694028546460822,,,0
1748790,Amcor,Materials,2020-08-27,3,2020,8,2020,16442000000.0,612000000.0,12467500000.0,11755000000.0,0.037221749178932007,23.523104873676356,0.7149373555528524,9458200000.0,0.3181683618447484,1
1748790,Amcor,Materials,2021-08-24,1,2021,8,2021,17188000000.0,939000000.0,12861000000.0,12367000000.0,0.054631138003258084,23.56747730285916,0.7195136141494065,12467500000.0,0.031562061359534876,1
1748790,Amcor,Materials,2022-08-18,0,2022,8,2022,17426000000.0,805000000.0,14544000000.0,13285000000.0,0.046195340296109264,23.581229180755507,0.7623665786755423,12861000000.0,0.13086074177746676,0
1748790,Amcor,Materials,2023-08-17,0,2023,8,2023,17003000000.0,1048000000.0,14694000000.0,12913000000.0,0.06163618185026172,23.55665563602176,0.759454213962242,14544000000.0,0.010313531353135286,0
1748790,Amcor,Materials,2024-08-16,1,2024,8,2024,16524000000.0,730000000.0,13640000000.0,12571000000.0,0.044178165093197774,23.528079706480927,0.7607722101186154,14694000000.0,-0.07172995780590719,1
1748790,Amcor,Materials,2025-08-15,1,2025,8,2025,37066000000.0,511000000.0,5082000000.0,25326000000.0,0.013786219176603895,24.33596594432153,0.6832676846705876,13640000000.0,-0.6274193548387097,1
1751008,AppLovin,Information Technology,2022-03-11,3,2022,3,2021,6163579000.0,35446000.0,2793104000.0,4025288000.0,0.005750879480899003,22.54192345226642,0.6530764025252211,,,1
1751008,AppLovin,Information Technology,2023-02-28,4,2023,2,2022,5847846000.0,-192746000.0,2817058000.0,3945169000.0,-0.03296017029176213,22.48933922525782,0.6746362677813335,2793104000.0,0.008576121762741362,1
1751008,AppLovin,Information Technology,2024-02-26,4,2024,2,2023,5359187000.0,356711000.0,1841762000.0,4102858000.0,0.06656065556212164,22.402078121420207,0.7655747037750316,2817058000.0,-0.3462108341397302,1
1751008,AppLovin,Information Technology,2025-02-27,4,2025,2,2024,5869259000.0,1579776000.0,3224058000.0,4779441000.0,0.2691610644546441,22.4929942277244,0.8143176165849897,1841762000.0,0.7505291128821205,1
1751008,AppLovin,Information Technology,2026-02-19,4,2026,2,2025,7259610000.0,3333751000.0,5480717000.0,5124939000.0,0.45921902140748605,22.705591945331932,0.7059523858719683,3224058000.0,0.6999436734698941,1
1751788,Dow Inc.,Materials,2020-02-07,0,2020,2,2019,60524000000.0,,42951000000.0,60524000000.0,,24.826305817535737,1.0,,,0
1751788,Dow Inc.,Materials,2021-02-05,0,2021,2,2020,61470000000.0,,38542000000.0,61470000000.0,,24.841815087865328,1.0,42951000000.0,-0.1026518590952481,0
1751788,Dow Inc.,Materials,2022-02-04,0,2022,2,2021,62990000000.0,,54968000000.0,62990000000.0,,24.86624182058025,1.0,38542000000.0,0.42618442218878116,0
1751788,Dow Inc.,Materials,2023-02-01,2,2023,2,2022,60603000000.0,,56902000000.0,60603000000.0,,24.827610233746846,1.0,54968000000.0,0.035184107116867924,1
1751788,Dow Inc.,Materials,2024-01-31,4,2024,1,2023,57967000000.0,,44622000000.0,57967000000.0,,24.78313972005329,1.0,56902000000.0,-0.2158096376225792,1
1751788,Dow Inc.,Materials,2025-02-04,2,2025,2,2024,57312000000.0,,42964000000.0,57312000000.0,,24.771775862824715,1.0,44622000000.0,-0.03715655954461927,1
1751788,Dow Inc.,Materials,2026-02-03,5,2026,2,2025,58538000000.0,,39968000000.0,58538000000.0,,24.792941952952795,1.0,42964000000.0,-0.06973279955311429,1
1754301,Fox Corporation (Class A),Communication Services,2019-08-09,0,2019,8,2019,19509000000.0,,11389000000.0,19509000000.0,,23.694141734501535,1.0,,,0
1754301,Fox Corporation (Class A),Communication Services,2020-08-10,0,2020,8,2020,21750000000.0,,12303000000.0,21750000000.0,,23.802879594481105,1.0,11389000000.0,0.08025287558170158,0
1754301,Fox Corporation (Class A),Communication Services,2021-08-10,0,2021,8,2021,22926000000.0,,12909000000.0,22926000000.0,,23.85553747463923,1.0,12303000000.0,0.049256278956352206,0
1754301,Fox Corporation (Class A),Communication Services,2022-08-12,0,2022,8,2022,22185000000.0,,13974000000.0,22185000000.0,,23.82268222177728,1.0,12909000000.0,0.08250058099000701,0
1754301,Fox Corporation (Class A),Communication Services,2023-08-11,3,2023,8,2023,21866000000.0,,14913000000.0,21866000000.0,,23.808198755958703,1.0,13974000000.0,0.06719622155431515,1
1754301,Fox Corporation (Class A),Communication Services,2024-08-08,3,2024,8,2024,21972000000.0,,13980000000.0,21972000000.0,,23.813034752426784,1.0,14913000000.0,-0.06256286461476568,1
1754301,Fox Corporation (Class A),Communication Services,2025-08-06,3,2025,8,2025,23195000000.0,,16300000000.0,23195000000.0,,23.867202575150117,1.0,13980000000.0,0.1659513590844064,1
1754301,Fox Corporation (Class A),Communication Services,2026-08-06,3,2026,8,2026,22482000000.0,,17126000000.0,22482000000.0,,23.835980825986017,1.0,16300000000.0,0.050674846625766934,1
1755672,Corteva,Materials,2020-02-14,0,2020,2,2019,42397000000.0,-959000000.0,13846000000.0,42397000000.0,-0.02261952496638913,24.470343441964108,1.0,,,0
1755672,Corteva,Materials,2021-02-11,0,2021,2,2020,42649000000.0,681000000.0,14217000000.0,42649000000.0,0.015967549063284014,24.476269663950372,1.0,13846000000.0,0.026794742163801732,0
1755672,Corteva,Materials,2022-02-10,0,2022,2,2021,42344000000.0,1759000000.0,15655000000.0,42344000000.0,0.041540714150765164,24.4690925715021,1.0,14217000000.0,0.10114651473587966,0
1755672,Corteva,Materials,2023-02-09,0,2023,2,2022,42618000000.0,1147000000.0,17455000000.0,42618000000.0,0.026913510723168613,24.47554253619014,1.0,15655000000.0,0.11497923985946978,0
1755672,Corteva,Materials,2024-02-08,2,2024,2,2023,42996000000.0,735000000.0,17226000000.0,42996000000.0,0.017094613452414177,24.48437292505723,1.0,17455000000.0,-0.013119450014322576,1
1755672,Corteva,Materials,2025-02-14,2,2025,2,2024,40825000000.0,907000000.0,16908000000.0,40825000000.0,0.022216778934476423,24.43256047580294,1.0,17226000000.0,-0.01846046673632884,1
1755672,Corteva,Materials,2026-02-12,2,2026,2,2025,42845000000.0,1094000000.0,17401000000.0,42845000000.0,0.025533901272027076,24.480854789067497,1.0,16908000000.0,0.029157795126567354,1
1757898,Steris,Health Care,2019-05-30,0,2019,5,2018,5200334000.0,290915000.0,2619996000.0,1983034000.0,0.05594159913574782,22.371988691240315,0.3813281993041216,,,0
1757898,Steris,Health Care,2020-05-29,0,2020,5,2019,5073071000.0,303721000.0,2782170000.0,1887273000.0,0.05986925867980164,22.34721219109634,0.37201785663949904,2619996000.0,0.06189856778407288,0
1757898,Steris,Health Care,2021-05-28,0,2021,5,2020,5440867000.0,407659000.0,3030895000.0,2022657000.0,0.07492537494483875,22.417204260115415,0.3717527004427787,2782170000.0,0.08939964128719669,0
1757898,Steris,Health Care,2022-05-31,0,2022,5,2021,6574471000.0,397400000.0,3107519000.0,2683003000.0,0.06044592789290575,22.606459955499695,0.40809412650842936,3030895000.0,0.02528098136029122,0
1757898,Steris,Health Care,2023-05-26,0,2023,5,2022,11423594000.0,243888000.0,4223403000.0,4878957000.0,0.021349498240221074,23.15894670269642,0.4270947479400966,3107519000.0,0.35909160973754295,0
1757898,Steris,Health Care,2024-05-29,4,2024,5,2023,10821839000.0,107030000.0,4536266000.0,4734667000.0,0.009890185947138929,23.10483205895409,0.4375103898699657,4223403000.0,0.07407841496537282,1
1757898,Steris,Health Care,2025-05-29,4,2025,5,2024,11063697000.0,378200000.0,5138700000.0,4748351000.0,0.03418387181066148,23.126935044816726,0.4291830298678642,4536266000.0,0.1328039405096615,1
1757898,Steris,Health Care,2026-05-29,8,2026,5,2025,10146800000.0,614600000.0,5459500000.0,3531100000.0,0.06057082035715693,23.040424221789916,0.34800134032404306,5138700000.0,0.062428240605600704,1
1781335,Otis Worldwide,Industrials,2021-02-05,0,2021,2,2020,10710000000.0,906000000.0,12756000000.0,13911000000.0,0.08459383753501401,23.09444372140607,1.2988795518207283,,,0
1781335,Otis Worldwide,Industrials,2022-02-04,0,2022,2,2021,12279000000.0,1246000000.0,14298000000.0,15263000000.0,0.10147406140565192,23.231156323124786,1.2430165322909033,12756000000.0,0.12088428974600185,0
1781335,Otis Worldwide,Industrials,2023-02-03,0,2023,2,2022,9819000000.0,1253000000.0,13685000000.0,14483000000.0,0.1276097362256849,23.007585121133562,1.4749974539158774,14298000000.0,-0.042873129108966235,0
1781335,Otis Worldwide,Industrials,2024-02-02,1,2024,2,2023,10117000000.0,1406000000.0,14209000000.0,14837000000.0,0.1389740041514283,23.037483014170164,1.4665414648611248,13685000000.0,0.03829009864815491,1
1781335,Otis Worldwide,Industrials,2025-02-04,1,2025,2,2024,11316000000.0,1645000000.0,14261000000.0,16044000000.0,0.14536938847649347,23.149483490385734,1.4178154825026512,14209000000.0,0.0036596523330283404,1
1781335,Otis Worldwide,Industrials,2026-02-05,2,2026,2,2025,10653000000.0,1384000000.0,14431000000.0,15924000000.0,0.12991645545855626,23.089107379575474,1.494790199943678,14261000000.0,0.011920622677231707,1
1783180,Carrier Global,Industrials,2021-02-09,10,2021,2,2020,25093000000.0,,17456000000.0,18515000000.0,,23.945854759726494,0.7378551787351054,,,1
1783180,Carrier Global,Industrials,2022-02-08,12,2022,2,2021,26172000000.0,,20613000000.0,19078000000.0,,23.987955973953902,0.7289469662234449,17456000000.0,0.1808547204399633,1
1783180,Carrier Global,Industrials,2023-02-07,12,2023,2,2022,26086000000.0,3534000000.0,17288000000.0,18010000000.0,0.1354749674154719,23.9846646088945,0.6904086483171049,20613000000.0,-0.16130597195944307,1
1783180,Carrier Global,Industrials,2024-02-06,9,2024,2,2023,32822000000.0,1349000000.0,18951000000.0,23817000000.0,0.04110048138443727,24.214364859203847,0.7256413381268662,17288000000.0,0.09619389171679771,1
1783180,Carrier Global,Industrials,2025-02-11,5,2025,2,2024,37403000000.0,5604000000.0,22486000000.0,23008000000.0,0.14982755393952357,24.345016752053677,0.6151378231692645,18951000000.0,0.1865336921534484,1
1783180,Carrier Global,Industrials,2026-02-05,4,2026,2,2025,37190000000.0,1484000000.0,21747000000.0,23062000000.0,0.03990319978488841,24.339305744883386,0.6201129335842969,22486000000.0,-0.032864893711642806,1
1783879,Robinhood Markets,Financials,2022-02-24,4,2022,2,2021,19769000000.0,-3687000000.0,1815000000.0,12476000000.0,-0.18650412261621732,23.707380891160213,0.6310890788608428,,,1
1783879,Robinhood Markets,Financials,2023-02-27,4,2023,2,2022,23337000000.0,-1028000000.0,1358000000.0,16381000000.0,-0.04405022067960749,23.873305920839158,0.7019325534558855,1815000000.0,-0.2517906336088154,1
1783879,Robinhood Markets,Financials,2024-02-27,6,2024,2,2023,17624000000.0,-541000000.0,1865000000.0,10928000000.0,-0.03069677712210622,23.592527446446454,0.6200635497049478,1358000000.0,0.37334315169366716,1
1783879,Robinhood Markets,Financials,2025-02-18,7,2025,2,2024,26187000000.0,1411000000.0,2951000000.0,18215000000.0,0.05388169702524153,23.988528941367733,0.6955741398403789,1865000000.0,0.5823056300268097,1
1783879,Robinhood Markets,Financials,2026-02-18,7,2026,2,2025,38137000000.0,1883000000.0,4473000000.0,28986000000.0,0.049374623069460104,24.36445077644767,0.7600492959593046,2951000000.0,0.515757370382921,1
1792044,Viatris,Health Care,2020-05-07,0,2020,5,2019,31255500000.0,0.0,11500500000.0,19371700000.0,0.0,24.16546119764264,0.61978531778407,,,0
1792044,Viatris,Health Care,2021-03-01,0,2021,3,2020,61553000000.0,,11946000000.0,38598900000.0,,24.843164429250162,0.627083976410573,11500500000.0,0.038737446197991465,0
1792044,Viatris,Health Care,2022-02-28,0,2022,2,2021,54842800000.0,,17886300000.0,34350100000.0,,24.7277367479593,0.626337459064818,11946000000.0,0.497262682069312,0
1792044,Viatris,Health Care,2023-02-27,0,2023,2,2022,50022200000.0,,16262700000.0,28949900000.0,,24.635732743835725,0.5787410389786934,17886300000.0,-0.09077338521661826,0
1792044,Viatris,Health Care,2024-02-28,1,2024,2,2023,47685500000.0,,15426900000.0,27218100000.0,,24.58789320539993,0.5707835715259355,16262700000.0,-0.051393680016233456,1
1792044,Viatris,Health Care,2025-02-27,1,2025,2,2024,41500900000.0,,14739300000.0,22865400000.0,,24.4489809506949,0.5509615454122682,15426900000.0,-0.04457149524531823,1
1792044,Viatris,Health Care,2026-02-26,2,2026,2,2025,37193100000.0,,14299900000.0,22481800000.0,,24.33938909715028,0.6044615802393455,14739300000.0,-0.029811456446371287,1
1792789,DoorDash,Consumer Discretionary,2021-03-05,3,2021,3,2020,6353000000.0,-461000000.0,2886000000.0,1653000000.0,-0.07256414292460255,22.57219297923081,0.2601920352589328,,,1
1792789,DoorDash,Consumer Discretionary,2022-03-01,0,2022,3,2021,6809000000.0,-468000000.0,4888000000.0,2142000000.0,-0.06873255984726098,22.641511103447243,0.31458363930092526,2886000000.0,0.6936936936936937,0
1792789,DoorDash,Consumer Discretionary,2023-02-27,0,2023,2,2022,9789000000.0,-1365000000.0,6583000000.0,3021000000.0,-0.1394422310756972,23.004525143225706,0.3086117070180815,4888000000.0,0.3467675941080197,0
1792789,DoorDash,Consumer Discretionary,2024-02-20,3,2024,2,2023,10839000000.0,-558000000.0,8635000000.0,4026000000.0,-0.05148076390810961,23.106416577780024,0.3714364793800166,6583000000.0,0.3117119854169832,1
1792789,DoorDash,Consumer Discretionary,2025-02-14,3,2025,2,2024,12845000000.0,123000000.0,10722000000.0,5035000000.0,0.009575710393149086,23.27622046750826,0.39198131568703776,8635000000.0,0.24169079328315002,1
1792789,DoorDash,Consumer Discretionary,2026-02-18,2,2026,2,2025,19659000000.0,935000000.0,13717000000.0,9613000000.0,0.047560913576478965,23.70180108567188,0.48898723231090085,10722000000.0,0.2793322141391532,1
1811074,Texas Pacific Land Corporation,Energy,2021-02-25,0,2021,2,2020,571635000.0,176049000.0,302564000.0,86451000.0,0.3079744942139652,20.164011233775916,0.15123461649479125,,,0
1811074,Texas Pacific Land Corporation,Energy,2022-02-23,1,2022,2,2021,764064000.0,269980000.0,450958000.0,112353000.0,0.353347363571638,20.454162113255823,0.14704658248523683,302564000.0,0.49045491201861435,1
1811074,Texas Pacific Land Corporation,Energy,2023-02-22,0,2023,2,2022,877427000.0,446362000.0,667422000.0,104540000.0,0.5087169644882138,20.59250431896055,0.11914381481308417,450958000.0,0.48000922480585784,0
1811074,Texas Pacific Land Corporation,Energy,2024-02-21,0,2024,2,2023,1156398000.0,405645000.0,631595000.0,113202000.0,0.35078320785750233,20.86857583859961,0.09789190226894201,667422000.0,-0.05367968092151587,0
1811074,Texas Pacific Land Corporation,Energy,2025-02-19,0,2025,2,2024,1248020000.0,453960000.0,705823000.0,115555000.0,0.3637441707664941,20.944824132406264,0.09259066361116008,631595000.0,0.11752467958106072,0
1811074,Texas Pacific Land Corporation,Energy,2026-02-18,2,2026,2,2025,1623278000.0,481376000.0,798190000.0,164371000.0,0.2965456317402195,21.20771339854955,0.1012586876677932,705823000.0,0.13086425350264874,1
1835632,Marvell Technology,Information Technology,2022-03-10,2,2022,3,2021,10764924000.0,-277300000.0,2968900000.0,2329120000.0,-0.02575958734125759,23.09955890782142,0.21636195480804138,,,1
1835632,Marvell Technology,Information Technology,2023-03-09,2,2023,3,2022,22108600000.0,-421000000.0,4462400000.0,6406500000.0,-0.019042363605112942,23.81923251004617,0.2897741150502519,2968900000.0,0.5030482670349288,1
1835632,Marvell Technology,Information Technology,2024-03-13,7,2024,3,2023,22522100000.0,-163500000.0,5919600000.0,6884900000.0,-0.007259536188898904,23.837762886314398,0.30569529484373126,4462400000.0,0.3265507350304768,1
1835632,Marvell Technology,Information Technology,2025-03-12,6,2025,3,2024,21228500000.0,-933400000.0,5507700000.0,6397100000.0,-0.04396919235932826,23.778610455431544,0.3013448901241256,5919600000.0,-0.06958240421650108,1
1835632,Marvell Technology,Information Technology,2026-03-11,6,2026,3,2025,20204500000.0,-885000000.0,5767300000.0,6777500000.0,-0.04380212328936623,23.729171188820736,0.33544507411715213,5507700000.0,0.04713401238266424,1
1841666,APA Corporation,Energy,2022-02-22,0,2022,2,2021,13303000000.0,,,13303000000.0,,23.31125541064818,1.0,,,0
1841666,APA Corporation,Energy,2023-02-23,0,2023,2,2022,13147000000.0,,,13147000000.0,,23.29945943266088,1.0,,,0
1841666,APA Corporation,Energy,2024-02-22,0,2024,2,2023,15244000000.0,2855000000.0,,15244000000.0,0.18728680136447126,23.447451819958026,1.0,,,0
1841666,APA Corporation,Energy,2025-02-28,0,2025,2,2024,19390000000.0,804000000.0,,19390000000.0,0.04146467251160392,23.68802330620097,1.0,,,0
1841666,APA Corporation,Energy,2026-02-26,0,2026,2,2025,17761000000.0,1434000000.0,,17761000000.0,0.080738697145431,23.6002708792316,1.0,,,0
1858681,Apollo Global Management,Financials,2023-03-01,0,2023,3,2022,257217000000.0,-1961000000.0,10968000000.0,241819000000.0,-0.007623912882896542,26.27318592354862,0.9401361496324115,,,0
1858681,Apollo Global Management,Financials,2024-02-27,1,2024,2,2023,313488000000.0,5047000000.0,32644000000.0,288243000000.0,0.016099499821364775,26.47102691877482,0.9194706017455213,10968000000.0,1.976294675419402,1
1858681,Apollo Global Management,Financials,2025-02-24,5,2025,2,2024,377895000000.0,4577000000.0,26114000000.0,346915000000.0,0.012111830005689411,26.65788221620083,0.9180195556966882,32644000000.0,-0.20003676020095573,1
1858681,Apollo Global Management,Financials,2026-02-25,5,2026,2,2025,460949000000.0,3492000000.0,32049000000.0,418434000000.0,0.007575675400098492,26.85655324475597,0.9077663689475408,26114000000.0,0.2272727272727273,1
1868275,Constellation Energy,Utilities,2022-02-25,0,2022,2,2021,48086000000.0,-205000000.0,19649000000.0,36472000000.0,-0.004263195108763465,24.596256911400797,0.7584744000332737,,,0
1868275,Constellation Energy,Utilities,2023-02-16,0,2023,2,2022,46909000000.0,-160000000.0,24440000000.0,35537000000.0,-0.0034108593233707816,24.57147539164323,0.7575731735914217,19649000000.0,0.24382920250394413,0
1868275,Constellation Energy,Utilities,2024-02-27,1,2024,2,2023,50758000000.0,1623000000.0,24918000000.0,39472000000.0,0.03197525513219591,24.650335077913123,0.777650813664841,24440000000.0,0.019558101472995082,1
1868275,Constellation Energy,Utilities,2025-02-18,3,2025,2,2024,52926000000.0,3749000000.0,23568000000.0,39387000000.0,0.07083475040622757,24.692160548451096,0.7441900011336583,24918000000.0,-0.05417770286539847,1
1868275,Constellation Energy,Utilities,2026-02-24,2,2026,2,2025,57249000000.0,2319000000.0,25533000000.0,42396000000.0,0.04050725776869465,24.770676011979297,0.7405544201645443,23568000000.0,0.08337576374745415,1
1932393,GE HealthCare,Health Care,2023-02-15,16,2023,2,2022,27539000000.0,1916000000.0,18341000000.0,17947000000.0,0.06957405860779259,24.03886901876704,0.6516939612912597,,,1
1932393,GE HealthCare,Health Care,2024-02-06,7,2024,2,2023,32454000000.0,1568000000.0,19552000000.0,25144000000.0,0.048314537499229676,24.203089539063757,0.7747581191840759,18341000000.0,0.06602693419115635,1
1932393,GE HealthCare,Health Care,2025-02-13,8,2025,2,2024,33089000000.0,1993000000.0,19672000000.0,24437000000.0,0.06023149687207229,24.222466737812827,0.7385233763486355,19552000000.0,0.006137479541734825,1
1932393,GE HealthCare,Health Care,2026-02-04,7,2026,2,2025,36906000000.0,2084000000.0,20625000000.0,26307000000.0,0.05646778301631171,24.331639976400698,0.7128109250528369,19672000000.0,0.048444489629930976,1
1944048,Kenvue,Consumer Staples,2024-03-01,3,2024,3,2023,27851000000.0,1664000000.0,15444000000.0,16640000000.0,0.05974650820437327,24.050134709317803,0.5974650820437327,,,1
1944048,Kenvue,Consumer Staples,2025-02-24,10,2025,2,2024,25601000000.0,1030000000.0,15455000000.0,15933000000.0,0.04023280340611695,23.965897250169007,0.6223585016210305,15444000000.0,0.0007122507122507837,1
1944048,Kenvue,Consumer Staples,2026-02-20,16,2026,2,2025,27076000000.0,1470000000.0,15124000000.0,16311000000.0,0.05429162357807653,24.021913563592772,0.6024154232530654,15455000000.0,-0.02141701714655453,1
1964738,Solventum,Health Care,2025-02-28,4,2025,2,2024,14457000000.0,479000000.0,8254000000.0,11498000000.0,0.03313273846579512,23.394444563272717,0.7953240644670402,,,1
1964738,Solventum,Health Care,2026-02-27,15,2026,2,2025,14294000000.0,1556000000.0,8325000000.0,9245000000.0,0.10885686301944872,23.3831057057442,0.6467748705750664,8254000000.0,0.008601889992730705,1
1967680,Veralto,Industrials,2024-02-28,2,2024,2,2023,5693000000.0,839000000.0,5021000000.0,5693000000.0,0.14737396803091515,22.462503186915356,1.0,,,1
1967680,Veralto,Industrials,2025-02-25,1,2025,2,2024,6406000000.0,833000000.0,5193000000.0,6406000000.0,0.1300343428036216,22.580500888133376,1.0,5021000000.0,0.034256124278032374,1
1967680,Veralto,Industrials,2026-02-20,4,2026,2,2025,7693000000.0,940000000.0,5503000000.0,7693000000.0,0.12218900298973093,22.76357666142321,1.0,5193000000.0,0.05969574427113411,1
1973266,TKO Group Holdings,Communication Services,2024-02-27,5,2024,2,2023,12690739000.0,-35227000.0,3224796000.0,3840193000.0,-0.002775803678572225,23.264138351807702,0.3025980598923357,,,1
1973266,TKO Group Holdings,Communication Services,2025-02-26,2,2025,2,2024,15111782000.0,9408000.0,4884241000.0,4968918000.0,0.0006225605954347409,23.438740541419545,0.3288108576473642,3224796000.0,0.5145891399021829,1
1973266,TKO Group Holdings,Communication Services,2026-02-25,3,2026,2,2025,15495821000.0,195403000.0,4735151000.0,6245742000.0,0.012610044992130458,23.463836211616293,0.4030597668881178,4884241000.0,-0.030524701790923148,1
1996810,GE Vernova,Industrials,2025-02-06,6,2025,2,2024,51485000000.0,1552000000.0,34935000000.0,40892000000.0,0.03014470234048752,24.664556340055128,0.7942507526464019,,,1
1996810,GE Vernova,Industrials,2026-01-29,6,2026,1,2025,63016000000.0,4884000000.0,38068000000.0,50720000000.0,0.07750412593627015,24.866654499347433,0.8048749523930431,34935000000.0,0.08968083583798481,1
1996862,Bunge Global,Consumer Staples,2024-02-22,1,2024,2,2023,25372000000.0,2243000000.0,59540000000.0,25372000000.0,0.08840454043827842,23.956912040718063,1.0,,,1
1996862,Bunge Global,Consumer Staples,2025-02-20,1,2025,2,2024,24899000000.0,1137000000.0,53108000000.0,24899000000.0,0.0456644845174505,23.938093478968042,1.0,59540000000.0,-0.10802821632515958,1
1996862,Bunge Global,Consumer Staples,2026-02-19,1,2026,2,2025,44528000000.0,816000000.0,70329000000.0,44528000000.0,0.018325547969816745,24.519384041729946,1.0,53108000000.0,0.3242637644046096,1
2005951,Smurfit Westrock,Materials,2025-03-07,8,2025,3,2024,43759000000.0,319000000.0,21109000000.0,26372000000.0,0.007289928928906054,24.501963142879465,0.602664594711945,,,1
2005951,Smurfit Westrock,Materials,2026-02-27,30,2026,2,2025,45157000000.0,699000000.0,31179000000.0,26803000000.0,0.015479327678986646,24.53341114355183,0.5935513873818012,21109000000.0,0.4770477047704771,1
2011641,Ferguson Enterprises,Industrials,2024-09-25,6,2024,9,2024,16572000000.0,1735000000.0,29635000000.0,10956000000.0,0.10469466570118272,23.530980361161564,0.6611151339608979,,,1
2011641,Ferguson Enterprises,Industrials,2025-09-26,6,2025,9,2025,17729000000.0,1856000000.0,30762000000.0,11897000000.0,0.10468723560268486,23.598467553862655,0.6710474364036325,29635000000.0,0.03802935717901135,1
2012383,BlackRock,Financials,2025-02-25,4,2025,2,2024,138615000000.0,6369000000.0,12794000000.0,89260000000.0,0.045947408289146195,25.654966142954525,0.6439418533347762,,,1
2012383,BlackRock,Financials,2026-02-25,4,2026,2,2025,169998000000.0,5553000000.0,24216000000.0,108456000000.0,0.0326650901775315,25.859052509221584,0.6379839762820739,12794000000.0,0.8927622322963888,1
2023554,Sandisk,Information Technology,2025-08-21,7,2025,8,2025,12985000000.0,-1641000000.0,7355000000.0,3769000000.0,-0.12637658837119753,23.287060682061124,0.2902579899884482,,,1
2041610,Paramount Skydance Corporation,Communication Services,2026-02-25,1,2026,2,2025,43342000000.0,-586000000.0,12269000000.0,43342000000.0,-0.013520372848507222,24.492387978736552,1.0,,,1
2058873,Qnity Electronics,Information Technology,2026-02-26,12,2026,2,2025,14070000000.0,,4754000000.0,6704000000.0,,23.367310708072708,0.47647476901208247,,,1
2082247,FedEx Freight,Industrials,2026-08-05,7,2026,8,2026,6884000000.0,655000000.0,8795000000.0,6884000000.0,0.09514816966879722,22.652465715295705,1.0,,,1
